ISO-10303-21;
HEADER;
FILE_DESCRIPTION (( 'STEP AP214' ),
    '1' );
FILE_NAME ('Inverter_new.step',
    '2026-10-08T13:18:48',
    ( '' ),
    ( '' ),
    'SwSTEP 2.0',
    'SolidWorks 2025',
    '' );
FILE_SCHEMA (( 'AUTOMOTIVE_DESIGN' ));
ENDSEC;

DATA;
#1 = DIRECTION ( 'NONE',  ( 0.000000000000000000, 0.000000000000000000, 1.000000000000000000 ) ) ;
#2 = VECTOR ( 'NONE', #1497, 1000.000000000000114 ) ;
#3 = ORIENTED_EDGE ( 'NONE', *, *, #1546, .T. ) ;
#4 = DIRECTION ( 'NONE',  ( -4.604373675111090589E-16, 0.000000000000000000, 1.000000000000000000 ) ) ;
#5 = DIRECTION ( 'NONE',  ( 0.8660254037844411501, 0.000000000000000000, 0.4999999999999958367 ) ) ;
#6 = AXIS2_PLACEMENT_3D ( 'NONE', #1725, #928, #284 ) ;
#7 = CIRCLE ( 'NONE', #1451, 1.000000000000000888 ) ;
#8 = CARTESIAN_POINT ( 'NONE',  ( 6.750000000000000888, 28.59999999999999432, -182.3361607699133629 ) ) ;
#9 = VERTEX_POINT ( 'NONE', #977 ) ;
#10 = ORIENTED_EDGE ( 'NONE', *, *, #365, .F. ) ;
#11 = CARTESIAN_POINT ( 'NONE',  ( 15.00000000000000000, 15.69999999999999929, 0.000000000000000000 ) ) ;
#12 = CARTESIAN_POINT ( 'NONE',  ( 3.249999999999999112, 15.72975167815478947, -192.6935172746536011 ) ) ;
#13 = VERTEX_POINT ( 'NONE', #1759 ) ;
#14 = PLANE ( 'NONE',  #1068 ) ;
#15 = ADVANCED_FACE ( 'NONE', ( #790 ), #1900, .F. ) ;
#16 = VERTEX_POINT ( 'NONE', #1430 ) ;
#17 = DIRECTION ( 'NONE',  ( 0.000000000000000000, -0.9953138498215019503, -0.09669715793910718671 ) ) ;
#18 = UNCERTAINTY_MEASURE_WITH_UNIT (LENGTH_MEASURE( 1.000000000000000082E-05 ), #1299, 'distance_accuracy_value', 'NONE');
#19 = ORIENTED_EDGE ( 'NONE', *, *, #418, .T. ) ;
#20 = CARTESIAN_POINT ( 'NONE',  ( 10.49999999999999822, 28.59999999999999432, -198.8097944659891425 ) ) ;
#21 = DIRECTION ( 'NONE',  ( 0.000000000000000000, 1.000000000000000000, 0.000000000000000000 ) ) ;
#22 = ORIENTED_EDGE ( 'NONE', *, *, #982, .F. ) ;
#23 = DIRECTION ( 'NONE',  ( 1.000000000000000000, 0.000000000000000000, 0.000000000000000000 ) ) ;
#24 = LINE ( 'NONE', #1342, #1415 ) ;
#25 = ORIENTED_EDGE ( 'NONE', *, *, #1643, .T. ) ;
#26 = EDGE_CURVE ( 'NONE', #683, #1198, #1298, .T. ) ;
#27 = ORIENTED_EDGE ( 'NONE', *, *, #1795, .T. ) ;
#28 = VERTEX_POINT ( 'NONE', #1269 ) ;
#29 = LINE ( 'NONE', #1135, #1146 ) ;
#30 = LINE ( 'NONE', #504, #437 ) ;
#31 = EDGE_CURVE ( 'NONE', #1252, #1467, #1108, .T. ) ;
#32 = ORIENTED_EDGE ( 'NONE', *, *, #303, .F. ) ;
#33 = LINE ( 'NONE', #681, #1368 ) ;
#34 = DIRECTION ( 'NONE',  ( 0.000000000000000000, 1.000000000000000000, 0.000000000000000000 ) ) ;
#35 = VECTOR ( 'NONE', #942, 1000.000000000000000 ) ;
#36 = VERTEX_POINT ( 'NONE', #967 ) ;
#37 = VECTOR ( 'NONE', #1839, 1000.000000000000114 ) ;
#38 = ORIENTED_EDGE ( 'NONE', *, *, #1067, .F. ) ;
#39 = LINE ( 'NONE', #1336, #78 ) ;
#40 = CARTESIAN_POINT ( 'NONE',  ( -7.000000000000015099, 32.34999999999998721, -182.7691734718055727 ) ) ;
#41 = EDGE_CURVE ( 'NONE', #802, #1318, #108, .T. ) ;
#42 = VECTOR ( 'NONE', #280, 1000.000000000000000 ) ;
#43 = CARTESIAN_POINT ( 'NONE',  ( 6.500000000000000000, 32.34999999999998721, -182.4804983372107472 ) ) ;
#44 = CARTESIAN_POINT ( 'NONE',  ( 3.249999999999999112, 32.34999999999998721, -192.3434135055487673 ) ) ;
#45 = EDGE_LOOP ( 'NONE', ( #1362, #1171, #419, #1860 ) ) ;
#46 = FACE_OUTER_BOUND ( 'NONE', #187, .T. ) ;
#47 = DIRECTION ( 'NONE',  ( 0.000000000000000000, 0.000000000000000000, 1.000000000000000000 ) ) ;
#48 = VERTEX_POINT ( 'NONE', #156 ) ;
#49 = VERTEX_POINT ( 'NONE', #799 ) ;
#50 = CARTESIAN_POINT ( 'NONE',  ( 10.03464853430846482, 15.74686150178497179, -130.9669715793910711 ) ) ;
#51 = DIRECTION ( 'NONE',  ( 1.000000000000000000, -0.000000000000000000, -0.000000000000000000 ) ) ;
#52 = EDGE_CURVE ( 'NONE', #553, #1801, #637, .T. ) ;
#53 = EDGE_CURVE ( 'NONE', #2063, #1439, #1446, .T. ) ;
#54 = DIRECTION ( 'NONE',  ( 0.000000000000000000, -1.000000000000000000, -9.130123557772668334E-17 ) ) ;
#55 = CARTESIAN_POINT ( 'NONE',  ( 12.00000000000000000, 32.34999999999998721, -188.0944961832436491 ) ) ;
#56 = B_SPLINE_CURVE_WITH_KNOTS ( 'NONE', 3,
 ( #787, #644, #1434, #1088 ),
 .UNSPECIFIED., .F., .F.,
 ( 4, 4 ),
 ( 0.000000000000000000, 0.0008337156616814683611 ),
 .UNSPECIFIED. ) ;
#57 = EDGE_LOOP ( 'NONE', ( #1061, #975, #598, #1781 ) ) ;
#58 = CARTESIAN_POINT ( 'NONE',  ( -15.00000000000000000, 28.59999999999999432, -177.9188402321860565 ) ) ;
#59 = DIRECTION ( 'NONE',  ( 0.000000000000000000, 0.000000000000000000, -1.000000000000000000 ) ) ;
#60 = EDGE_CURVE ( 'NONE', #48, #9, #1941, .T. ) ;
#61 = VERTEX_POINT ( 'NONE', #388 ) ;
#62 = ORIENTED_EDGE ( 'NONE', *, *, #784, .T. ) ;
#63 = CARTESIAN_POINT ( 'NONE',  ( 7.250000000000000888, 32.34999999999998721, -182.3361607699133629 ) ) ;
#64 = CARTESIAN_POINT ( 'NONE',  ( 0.000000000000000000, 30.34999999999998721, -206.0000000000000284 ) ) ;
#65 = EDGE_CURVE ( 'NONE', #666, #1673, #611, .T. ) ;
#66 = AXIS2_PLACEMENT_3D ( 'NONE', #1260, #1910, #978 ) ;
#67 = CARTESIAN_POINT ( 'NONE',  ( -13.00000000000000178, 32.34999999999998721, -186.8106253561329027 ) ) ;
#68 = CYLINDRICAL_SURFACE ( 'NONE', #1989, 0.5000000000000004441 ) ;
#69 = EDGE_CURVE ( 'NONE', #2071, #746, #505, .T. ) ;
#70 = CARTESIAN_POINT ( 'NONE',  ( -15.00000000000000000, 0.000000000000000000, -160.8169715793910655 ) ) ;
#71 = DIRECTION ( 'NONE',  ( -0.000000000000000000, -1.000000000000000000, -0.000000000000000000 ) ) ;
#72 = ORIENTED_EDGE ( 'NONE', *, *, #1254, .F. ) ;
#73 = EDGE_LOOP ( 'NONE', ( #2007, #1334, #754, #1357 ) ) ;
#74 = CARTESIAN_POINT ( 'NONE',  ( -15.00000000000000000, 18.64686150178496504, -160.8169715793910655 ) ) ;
#75 = CARTESIAN_POINT ( 'NONE',  ( -6.750000000000000888, 28.59999999999999432, -181.2716984339869839 ) ) ;
#76 = VECTOR ( 'NONE', #356, 1000.000000000000000 ) ;
#77 = CIRCLE ( 'NONE', #1484, 1.000000000000000888 ) ;
#78 = VECTOR ( 'NONE', #1807, 1000.000000000000000 ) ;
#79 = EDGE_CURVE ( 'NONE', #1441, #16, #682, .T. ) ;
#80 = PRESENTATION_STYLE_ASSIGNMENT (( #595 ) ) ;
#81 = CARTESIAN_POINT ( 'NONE',  ( 15.00000000000000000, 28.59999999999999432, -174.8867513459480563 ) ) ;
#82 = VERTEX_POINT ( 'NONE', #1500 ) ;
#83 = EDGE_CURVE ( 'NONE', #531, #1261, #920, .T. ) ;
#84 = VERTEX_POINT ( 'NONE', #348 ) ;
#85 = CARTESIAN_POINT ( 'NONE',  ( -3.249999999999999112, 28.59999999999999432, -192.6935172746536011 ) ) ;
#86 = CARTESIAN_POINT ( 'NONE',  ( -3.249999999999999112, 15.72975167815478947, -193.7579796105799517 ) ) ;
#87 = CARTESIAN_POINT ( 'NONE',  ( -10.50000000000000000, 30.34999999999998721, -206.0000000000000284 ) ) ;
#88 = EDGE_CURVE ( 'NONE', #1414, #1344, #1949, .T. ) ;
#89 = DIRECTION ( 'NONE',  ( -0.3420201433256633838, 0.000000000000000000, 0.9396926207859104263 ) ) ;
#90 = CARTESIAN_POINT ( 'NONE',  ( 12.34202014332565334, 32.34999999999998721, -189.0341888040295544 ) ) ;
#91 = ORIENTED_EDGE ( 'NONE', *, *, #1086, .T. ) ;
#92 = VERTEX_POINT ( 'NONE', #195 ) ;
#93 = DIRECTION ( 'NONE',  ( 0.000000000000000000, 0.000000000000000000, 1.000000000000000000 ) ) ;
#94 = DIRECTION ( 'NONE',  ( -1.000000000000000000, 0.000000000000000000, -0.000000000000000000 ) ) ;
#95 = CARTESIAN_POINT ( 'NONE',  ( 0.000000000000000000, 32.34999999999998721, -204.0000000000000284 ) ) ;
#96 = ORIENTED_EDGE ( 'NONE', *, *, #2076, .T. ) ;
#97 = AXIS2_PLACEMENT_3D ( 'NONE', #602, #126, #105 ) ;
#98 = EDGE_CURVE ( 'NONE', #1596, #1985, #1615, .T. ) ;
#99 = LINE ( 'NONE', #756, #1784 ) ;
#100 = CARTESIAN_POINT ( 'NONE',  ( 0.000000000000000000, 32.34999999999998721, -204.0000000000000284 ) ) ;
#101 = ORIENTED_EDGE ( 'NONE', *, *, #673, .F. ) ;
#102 = EDGE_LOOP ( 'NONE', ( #1161, #1041, #138, #1377 ) ) ;
#103 = CARTESIAN_POINT ( 'NONE',  ( -12.34202014332566044, 28.59999999999999432, -189.0341888040295544 ) ) ;
#104 = DIRECTION ( 'NONE',  ( 0.000000000000000000, 1.000000000000000000, 0.000000000000000000 ) ) ;
#105 = DIRECTION ( 'NONE',  ( 0.000000000000000000, 0.000000000000000000, 1.000000000000000000 ) ) ;
#106 = ORIENTED_EDGE ( 'NONE', *, *, #1998, .F. ) ;
#107 = AXIS2_PLACEMENT_3D ( 'NONE', #161, #806, #1443 ) ;
#108 = CIRCLE ( 'NONE', #1143, 0.5000000000000004441 ) ;
#109 = VECTOR ( 'NONE', #1642, 1000.000000000000000 ) ;
#110 = VECTOR ( 'NONE', #1598, 1000.000000000000000 ) ;
#111 = VECTOR ( 'NONE', #261, 1000.000000000000000 ) ;
#112 = CARTESIAN_POINT ( 'NONE',  ( -7.250000000000000888, 15.72975167815478947, -181.2716984339869839 ) ) ;
#113 = DIRECTION ( 'NONE',  ( 0.000000000000000000, 0.000000000000000000, 1.000000000000000000 ) ) ;
#114 = ORIENTED_EDGE ( 'NONE', *, *, #136, .F. ) ;
#115 = EDGE_LOOP ( 'NONE', ( #758, #543, #1522, #1190 ) ) ;
#116 = DIRECTION ( 'NONE',  ( -0.000000000000000000, -0.000000000000000000, 1.000000000000000000 ) ) ;
#117 = CARTESIAN_POINT ( 'NONE',  ( -7.078989928337176885, 32.34999999999998721, -180.8018521235940455 ) ) ;
#118 = DIRECTION ( 'NONE',  ( 0.000000000000000000, 0.000000000000000000, 1.000000000000000000 ) ) ;
#119 = ORIENTED_EDGE ( 'NONE', *, *, #1742, .T. ) ;
#120 = EDGE_CURVE ( 'NONE', #659, #1414, #1664, .T. ) ;
#121 = PLANE ( 'NONE',  #1690 ) ;
#122 = DIRECTION ( 'NONE',  ( -1.000000000000000000, 0.000000000000000000, -0.000000000000000000 ) ) ;
#123 = ADVANCED_FACE ( 'NONE', ( #1174 ), #712, .T. ) ;
#124 = CARTESIAN_POINT ( 'NONE',  ( -10.49999999999999822, 32.34999999999998721, -198.2324441967995483 ) ) ;
#125 = CARTESIAN_POINT ( 'NONE',  ( 15.00000000000000000, -3.469446951953614189E-15, -160.8169715793910655 ) ) ;
#126 = DIRECTION ( 'NONE',  ( 0.000000000000000000, 1.000000000000000000, 0.000000000000000000 ) ) ;
#127 = ORIENTED_EDGE ( 'NONE', *, *, #168, .T. ) ;
#128 = EDGE_CURVE ( 'NONE', #746, #797, #1490, .T. ) ;
#129 = PLANE ( 'NONE',  #1956 ) ;
#130 = DIRECTION ( 'NONE',  ( 0.000000000000000000, 1.000000000000000000, 0.000000000000000000 ) ) ;
#131 = VECTOR ( 'NONE', #485, 1000.000000000000000 ) ;
#132 = VERTEX_POINT ( 'NONE', #692 ) ;
#133 = LINE ( 'NONE', #1770, #1518 ) ;
#134 = DIRECTION ( 'NONE',  ( -0.000000000000000000, -1.000000000000000000, -0.000000000000000000 ) ) ;
#135 = DIRECTION ( 'NONE',  ( 0.000000000000000000, 0.000000000000000000, 1.000000000000000000 ) ) ;
#136 = EDGE_CURVE ( 'NONE', #1874, #1226, #24, .T. ) ;
#137 = ORIENTED_EDGE ( 'NONE', *, *, #745, .F. ) ;
#138 = ORIENTED_EDGE ( 'NONE', *, *, #1767, .F. ) ;
#139 = CIRCLE ( 'NONE', #1214, 0.5000000000000004441 ) ;
#140 = AXIS2_PLACEMENT_3D ( 'NONE', #885, #1551, #1213 ) ;
#141 = LINE ( 'NONE', #1754, #679 ) ;
#142 = AXIS2_PLACEMENT_3D ( 'NONE', #317, #805, #307 ) ;
#143 = DIRECTION ( 'NONE',  ( 0.000000000000000000, 1.000000000000000000, 0.000000000000000000 ) ) ;
#144 = AXIS2_PLACEMENT_3D ( 'NONE', #626, #1612, #1758 ) ;
#145 = VERTEX_POINT ( 'NONE', #1332 ) ;
#146 = DIRECTION ( 'NONE',  ( -0.9396926207859103153, -0.000000000000000000, 0.3420201433256633838 ) ) ;
#147 = ORIENTED_EDGE ( 'NONE', *, *, #517, .T. ) ;
#148 = CARTESIAN_POINT ( 'NONE',  ( 20.00000000000000000, -5.465726157367932923E-15, -130.1352443613444620 ) ) ;
#149 = EDGE_CURVE ( 'NONE', #461, #1441, #1828, .T. ) ;
#150 = ORIENTED_EDGE ( 'NONE', *, *, #970, .F. ) ;
#151 = EDGE_CURVE ( 'NONE', #327, #912, #1997, .T. ) ;
#152 = PLANE ( 'NONE',  #1217 ) ;
#153 = DIRECTION ( 'NONE',  ( 0.000000000000000000, 0.000000000000000000, 1.000000000000000000 ) ) ;
#154 = ORIENTED_EDGE ( 'NONE', *, *, #465, .T. ) ;
#155 = CARTESIAN_POINT ( 'NONE',  ( -15.00000000000000000, 15.72975167815478947, -177.9188402321860565 ) ) ;
#156 = CARTESIAN_POINT ( 'NONE',  ( -15.00000000000000000, 32.34999999999998721, -204.0000000000000284 ) ) ;
#157 = CARTESIAN_POINT ( 'NONE',  ( 13.00000000000000178, 32.34999999999998721, -186.2332750869433085 ) ) ;
#158 = VERTEX_POINT ( 'NONE', #552 ) ;
#159 = AXIS2_PLACEMENT_3D ( 'NONE', #1319, #1475, #184 ) ;
#160 = LINE ( 'NONE', #2055, #783 ) ;
#161 = CARTESIAN_POINT ( 'NONE',  ( 0.000000000000000000, 32.34999999999998721, 0.000000000000000000 ) ) ;
#162 = ORIENTED_EDGE ( 'NONE', *, *, #41, .T. ) ;
#163 = FACE_OUTER_BOUND ( 'NONE', #1878, .T. ) ;
#164 = ORIENTED_EDGE ( 'NONE', *, *, #1197, .T. ) ;
#165 = CARTESIAN_POINT ( 'NONE',  ( 7.250000000000000888, 32.34999999999998721, -182.3361607699133629 ) ) ;
#166 = EDGE_LOOP ( 'NONE', ( #22, #545, #1601, #1699 ) ) ;
#167 = EDGE_LOOP ( 'NONE', ( #1805, #1396, #1164, #219 ) ) ;
#168 = EDGE_CURVE ( 'NONE', #1540, #397, #1030, .T. ) ;
#169 = DIRECTION ( 'NONE',  ( 0.000000000000000000, 0.000000000000000000, 1.000000000000000000 ) ) ;
#170 = CARTESIAN_POINT ( 'NONE',  ( 9.499999999999998224, 32.34999999999998721, -198.8097944659891425 ) ) ;
#171 = CIRCLE ( 'NONE', #1584, 1.000000000000000888 ) ;
#172 = ORIENTED_EDGE ( 'NONE', *, *, #733, .F. ) ;
#173 = CARTESIAN_POINT ( 'NONE',  ( -10.00000000000000000, 15.70091459368785181, -130.1352443613444620 ) ) ;
#174 = EDGE_LOOP ( 'NONE', ( #1363, #2043, #154, #1233 ) ) ;
#175 = CIRCLE ( 'NONE', #1350, 2.000000000000001776 ) ;
#176 = VECTOR ( 'NONE', #1178, 1000.000000000000000 ) ;
#177 = FACE_OUTER_BOUND ( 'NONE', #2023, .T. ) ;
#178 = ORIENTED_EDGE ( 'NONE', *, *, #128, .F. ) ;
#179 = DIRECTION ( 'NONE',  ( -3.469446951953611033E-15, 0.000000000000000000, -1.000000000000000000 ) ) ;
#180 = DIRECTION ( 'NONE',  ( 0.000000000000000000, 1.000000000000000000, 0.000000000000000000 ) ) ;
#181 = EDGE_CURVE ( 'NONE', #902, #1424, #1196, .T. ) ;
#182 = ADVANCED_FACE ( 'NONE', ( #1320 ), #1039, .F. ) ;
#183 = VERTEX_POINT ( 'NONE', #1005 ) ;
#184 = DIRECTION ( 'NONE',  ( 0.000000000000000000, 0.000000000000000000, 1.000000000000000000 ) ) ;
#185 = DIRECTION ( 'NONE',  ( -0.000000000000000000, -0.000000000000000000, 1.000000000000000000 ) ) ;
#186 = ADVANCED_FACE ( 'NONE', ( #1649 ), #522, .F. ) ;
#187 = EDGE_LOOP ( 'NONE', ( #1539, #414, #315, #1870, #162, #1216, #1869, #780, #1449, #1058, #1231, #1926, #91, #172, #1666, #1065, #1529 ) ) ;
#188 = ORIENTED_EDGE ( 'NONE', *, *, #1521, .T. ) ;
#189 = AXIS2_PLACEMENT_3D ( 'NONE', #509, #1962, #1671 ) ;
#190 = DIRECTION ( 'NONE',  ( -0.000000000000000000, -1.000000000000000000, -0.000000000000000000 ) ) ;
#191 = DIRECTION ( 'NONE',  ( -0.000000000000000000, 1.000000000000000000, -0.000000000000000000 ) ) ;
#192 = EDGE_CURVE ( 'NONE', #2030, #1071, #864, .T. ) ;
#193 = ORIENTED_EDGE ( 'NONE', *, *, #524, .F. ) ;
#194 = CARTESIAN_POINT ( 'NONE',  ( 10.00000000000000000, 25.69999999999999929, -130.0000000000000000 ) ) ;
#195 = CARTESIAN_POINT ( 'NONE',  ( 10.49999999999999822, 31.94999999999999218, -171.9999999999999716 ) ) ;
#196 = ORIENTED_EDGE ( 'NONE', *, *, #825, .T. ) ;
#197 = ORIENTED_EDGE ( 'NONE', *, *, #1240, .T. ) ;
#198 = DIRECTION ( 'NONE',  ( 0.000000000000000000, 0.000000000000000000, -1.000000000000000000 ) ) ;
#199 = CARTESIAN_POINT ( 'NONE',  ( -10.50000000000000178, 31.94999999999999218, -169.8499999999999943 ) ) ;
#200 = VECTOR ( 'NONE', #792, 1000.000000000000000 ) ;
#201 = DIRECTION ( 'NONE',  ( 0.1644494410222323011, 0.09538067579289452591, -0.9817631629027268048 ) ) ;
#202 = FACE_OUTER_BOUND ( 'NONE', #167, .T. ) ;
#203 = ORIENTED_EDGE ( 'NONE', *, *, #825, .F. ) ;
#204 = FACE_OUTER_BOUND ( 'NONE', #1793, .T. ) ;
#205 = DIRECTION ( 'NONE',  ( -0.000000000000000000, -1.000000000000000000, -0.000000000000000000 ) ) ;
#206 = VECTOR ( 'NONE', #416, 1000.000000000000000 ) ;
#207 = VERTEX_POINT ( 'NONE', #249 ) ;
#208 = ORIENTED_EDGE ( 'NONE', *, *, #1628, .T. ) ;
#209 = VECTOR ( 'NONE', #51, 1000.000000000000000 ) ;
#210 = CARTESIAN_POINT ( 'NONE',  ( 10.13740351651465588, 15.82655554136347398, -131.7872705729835729 ) ) ;
#211 = CARTESIAN_POINT ( 'NONE',  ( 10.03464853430846482, 15.74686150178497179, -130.9669715793910711 ) ) ;
#212 = VECTOR ( 'NONE', #190, 1000.000000000000000 ) ;
#213 = AXIS2_PLACEMENT_3D ( 'NONE', #1641, #1166, #1156 ) ;
#214 = EDGE_CURVE ( 'NONE', #508, #84, #288, .T. ) ;
#215 = EDGE_CURVE ( 'NONE', #680, #1796, #139, .T. ) ;
#216 = CARTESIAN_POINT ( 'NONE',  ( 3.000000000000000000, 32.34999999999998721, -193.9023171778773360 ) ) ;
#217 = EDGE_CURVE ( 'NONE', #351, #327, #396, .T. ) ;
#218 = DIRECTION ( 'NONE',  ( 0.000000000000000000, 0.000000000000000000, 1.000000000000000000 ) ) ;
#219 = ORIENTED_EDGE ( 'NONE', *, *, #1990, .F. ) ;
#220 = FACE_OUTER_BOUND ( 'NONE', #329, .T. ) ;
#221 = DIRECTION ( 'NONE',  ( 0.000000000000000000, 0.000000000000000000, -1.000000000000000000 ) ) ;
#222 = ORIENTED_EDGE ( 'NONE', *, *, #1903, .F. ) ;
#223 =( NAMED_UNIT ( * ) SI_UNIT ( $, .STERADIAN. ) SOLID_ANGLE_UNIT ( ) );
#224 = VERTEX_POINT ( 'NONE', #81 ) ;
#225 = CARTESIAN_POINT ( 'NONE',  ( 10.09185268933585178, 15.80013606159976547, -131.5153321347260658 ) ) ;
#226 = LINE ( 'NONE', #686, #469 ) ;
#227 = ADVANCED_FACE ( 'EFI8', ( #1393 ), #1370, .F. ) ;
#228 = DIRECTION ( 'NONE',  ( -1.000000000000000000, 0.000000000000000000, -0.000000000000000000 ) ) ;
#229 = CARTESIAN_POINT ( 'NONE',  ( 0.000000000000000000, 17.10000000000001563, -186.3500000000000227 ) ) ;
#230 = CARTESIAN_POINT ( 'NONE',  ( -6.750000000000000888, 15.72975167815478947, -181.2716984339869839 ) ) ;
#231 = CARTESIAN_POINT ( 'NONE',  ( 3.749999999999999112, 32.34999999999998721, -192.6935172746536011 ) ) ;
#232 = VECTOR ( 'NONE', #1511, 1000.000000000000000 ) ;
#233 = ORIENTED_EDGE ( 'NONE', *, *, #1929, .T. ) ;
#234 = EDGE_LOOP ( 'NONE', ( #1840, #1306, #106, #1627, #383 ) ) ;
#235 = DIRECTION ( 'NONE',  ( 0.000000000000000000, 1.000000000000000000, 0.000000000000000000 ) ) ;
#236 = CARTESIAN_POINT ( 'NONE',  ( 10.00000000000000000, -1.734723475976807094E-14, -7.030195139484961606E-16 ) ) ;
#237 = VECTOR ( 'NONE', #1534, 1000.000000000000000 ) ;
#238 = EDGE_CURVE ( 'NONE', #954, #1344, #467, .T. ) ;
#239 = DIRECTION ( 'NONE',  ( -0.000000000000000000, -1.000000000000000000, -0.000000000000000000 ) ) ;
#240 = CARTESIAN_POINT ( 'NONE',  ( -15.00000000000000000, 32.34999999999998721, -177.9188402321860565 ) ) ;
#241 = ORIENTED_EDGE ( 'NONE', *, *, #1188, .F. ) ;
#242 = VERTEX_POINT ( 'NONE', #735 ) ;
#243 = DIRECTION ( 'NONE',  ( 0.000000000000000000, -1.000000000000000000, -9.130123557772668334E-17 ) ) ;
#244 = LINE ( 'NONE', #1167, #580 ) ;
#245 = VECTOR ( 'NONE', #1563, 1000.000000000000000 ) ;
#246 = AXIS2_PLACEMENT_3D ( 'NONE', #983, #1338, #179 ) ;
#247 = AXIS2_PLACEMENT_3D ( 'NONE', #1862, #1062, #1089 ) ;
#248 =( NAMED_UNIT ( * ) PLANE_ANGLE_UNIT ( ) SI_UNIT ( $, .RADIAN. ) );
#249 = CARTESIAN_POINT ( 'NONE',  ( 10.13740351651465588, 15.82655554136347398, -131.7872705729835729 ) ) ;
#250 = VERTEX_POINT ( 'NONE', #1868 ) ;
#251 = EDGE_LOOP ( 'NONE', ( #635, #488, #137, #1239 ) ) ;
#252 = LINE ( 'NONE', #748, #1253 ) ;
#253 = DIRECTION ( 'NONE',  ( 0.000000000000000000, -1.000000000000000000, 0.000000000000000000 ) ) ;
#254 = DIRECTION ( 'NONE',  ( -1.000000000000000000, -0.000000000000000000, -0.000000000000000000 ) ) ;
#255 = ORIENTED_EDGE ( 'NONE', *, *, #215, .F. ) ;
#256 = EDGE_CURVE ( 'NONE', #1441, #915, #1182, .T. ) ;
#257 = DIRECTION ( 'NONE',  ( -1.000000000000000000, -0.000000000000000000, -0.000000000000000000 ) ) ;
#258 = CARTESIAN_POINT ( 'NONE',  ( 7.250000000000000888, 28.59999999999999432, -181.2716984339869839 ) ) ;
#259 = ORIENTED_EDGE ( 'NONE', *, *, #1711, .F. ) ;
#260 = ORIENTED_EDGE ( 'NONE', *, *, #1175, .T. ) ;
#261 = DIRECTION ( 'NONE',  ( -0.000000000000000000, -1.000000000000000000, -0.000000000000000000 ) ) ;
#262 = DIRECTION ( 'NONE',  ( 0.9396926207859109814, 0.000000000000000000, 0.3420201433256614965 ) ) ;
#263 = VECTOR ( 'NONE', #311, 1000.000000000000000 ) ;
#264 = CARTESIAN_POINT ( 'NONE',  ( 6.750000000000000888, 28.59999999999999432, -180.9215946648821500 ) ) ;
#265 = ORIENTED_EDGE ( 'NONE', *, *, #1086, .F. ) ;
#266 = CARTESIAN_POINT ( 'NONE',  ( -10.49999999999999822, 15.72975167815478947, -198.2324441967995483 ) ) ;
#267 = FACE_OUTER_BOUND ( 'NONE', #1111, .T. ) ;
#268 = ORIENTED_EDGE ( 'NONE', *, *, #1202, .T. ) ;
#269 = ORIENTED_EDGE ( 'NONE', *, *, #65, .T. ) ;
#270 = CARTESIAN_POINT ( 'NONE',  ( -6.750000000000000888, 32.34999999999998721, -182.3361607699133629 ) ) ;
#271 = DIRECTION ( 'NONE',  ( 1.000000000000000000, -0.000000000000000000, 0.000000000000000000 ) ) ;
#272 = DIRECTION ( 'NONE',  ( -0.000000000000000000, -1.000000000000000000, -0.000000000000000000 ) ) ;
#273 = VERTEX_POINT ( 'NONE', #2016 ) ;
#274 = EDGE_CURVE ( 'NONE', #802, #9, #1721, .T. ) ;
#275 = AXIS2_PLACEMENT_3D ( 'NONE', #1570, #130, #153 ) ;
#276 = CIRCLE ( 'NONE', #1722, 0.5000000000000004441 ) ;
#277 = AXIS2_PLACEMENT_3D ( 'NONE', #1675, #685, #198 ) ;
#278 = ADVANCED_FACE ( 'NONE', ( #281 ), #1917, .F. ) ;
#279 = EDGE_CURVE ( 'NONE', #554, #332, #726, .T. ) ;
#280 = DIRECTION ( 'NONE',  ( 0.000000000000000000, -7.947302079556290592E-17, 1.000000000000000000 ) ) ;
#281 = FACE_OUTER_BOUND ( 'NONE', #842, .T. ) ;
#282 = PLANE ( 'NONE',  #247 ) ;
#283 = EDGE_CURVE ( 'NONE', #2030, #971, #2045, .T. ) ;
#284 = DIRECTION ( 'NONE',  ( 0.000000000000000000, 0.000000000000000000, -1.000000000000000000 ) ) ;
#285 = CARTESIAN_POINT ( 'NONE',  ( -10.50000000000000178, 15.72975167815478947, -169.8499999999999943 ) ) ;
#286 = ORIENTED_EDGE ( 'NONE', *, *, #1056, .F. ) ;
#287 = EDGE_CURVE ( 'NONE', #1651, #1132, #2037, .T. ) ;
#288 =( BOUNDED_CURVE ( )  B_SPLINE_CURVE ( 3, ( #1683, #596, #765, #757 ),
 .UNSPECIFIED., .F., .F. ) 
 B_SPLINE_CURVE_WITH_KNOTS ( ( 4, 4 ),
 ( 4.546425528571326424, 4.629120064817737301 ),
 .UNSPECIFIED. ) 
 CURVE ( )  GEOMETRIC_REPRESENTATION_ITEM ( )  RATIONAL_B_SPLINE_CURVE ( ( 1.000000000000000000, 0.9994302156549692562, 0.9994302156549692562, 1.000000000000000000 ) ) 
 REPRESENTATION_ITEM ( '' )  );
#289 = FACE_OUTER_BOUND ( 'NONE', #728, .T. ) ;
#290 = DIRECTION ( 'NONE',  ( 0.000000000000000000, 1.000000000000000000, 0.000000000000000000 ) ) ;
#291 = ORIENTED_EDGE ( 'NONE', *, *, #1333, .F. ) ;
#292 = DIRECTION ( 'NONE',  ( 0.000000000000000000, -1.000000000000000000, 0.000000000000000000 ) ) ;
#293 = CARTESIAN_POINT ( 'NONE',  ( 15.00000000000000000, 32.34999999999997300, -206.0000000000000284 ) ) ;
#294 =( NAMED_UNIT ( * ) PLANE_ANGLE_UNIT ( ) SI_UNIT ( $, .RADIAN. ) );
#295 = ORIENTED_EDGE ( 'NONE', *, *, #1903, .T. ) ;
#296 = PLANE ( 'NONE',  #1315 ) ;
#297 = DIRECTION ( 'NONE',  ( -1.561251128379125123E-14, 0.000000000000000000, 1.000000000000000000 ) ) ;
#298 = ORIENTED_EDGE ( 'NONE', *, *, #214, .T. ) ;
#299 = CARTESIAN_POINT ( 'NONE',  ( -10.13740351651465410, -6.843551061595333475E-15, -131.7872705729835729 ) ) ;
#300 = ORIENTED_EDGE ( 'NONE', *, *, #1301, .T. ) ;
#301 = FACE_OUTER_BOUND ( 'NONE', #992, .T. ) ;
#302 = ORIENTED_EDGE ( 'NONE', *, *, #1609, .F. ) ;
#303 = EDGE_CURVE ( 'NONE', #732, #84, #1538, .T. ) ;
#304 = ORIENTED_EDGE ( 'NONE', *, *, #287, .F. ) ;
#305 = AXIS2_PLACEMENT_3D ( 'NONE', #1163, #1019, #221 ) ;
#306 = VECTOR ( 'NONE', #938, 1000.000000000000000 ) ;
#307 = DIRECTION ( 'NONE',  ( 0.000000000000000000, 0.000000000000000000, 1.000000000000000000 ) ) ;
#308 = AXIS2_PLACEMENT_3D ( 'NONE', #1286, #1927, #169 ) ;
#309 = DIRECTION ( 'NONE',  ( -0.000000000000000000, -1.000000000000000000, -0.000000000000000000 ) ) ;
#310 = ORIENTED_EDGE ( 'NONE', *, *, #1242, .F. ) ;
#311 = DIRECTION ( 'NONE',  ( -0.000000000000000000, -1.000000000000000000, -0.000000000000000000 ) ) ;
#312 = CARTESIAN_POINT ( 'NONE',  ( -10.00000000000000000, 32.34999999999998721, -171.9999999999999716 ) ) ;
#313 = LINE ( 'NONE', #1575, #200 ) ;
#314 = ORIENTED_EDGE ( 'NONE', *, *, #1547, .T. ) ;
#315 = ORIENTED_EDGE ( 'NONE', *, *, #60, .T. ) ;
#316 = EDGE_CURVE ( 'NONE', #273, #250, #171, .T. ) ;
#317 = CARTESIAN_POINT ( 'NONE',  ( 0.000000000000000000, 17.10000000000001563, -186.3500000000000227 ) ) ;
#318 = CARTESIAN_POINT ( 'NONE',  ( 10.00000000000000000, -1.734723475976807094E-14, -7.030195139484961606E-16 ) ) ;
#319 = ORIENTED_EDGE ( 'NONE', *, *, #1711, .T. ) ;
#320 = FACE_OUTER_BOUND ( 'NONE', #2039, .T. ) ;
#321 = CARTESIAN_POINT ( 'NONE',  ( -15.00000000000000000, 0.000000000000000000, -206.0000000000000284 ) ) ;
#322 = LINE ( 'NONE', #157, #1044 ) ;
#323 = EDGE_LOOP ( 'NONE', ( #1883, #19, #150, #705 ) ) ;
#324 = AXIS2_PLACEMENT_3D ( 'NONE', #1733, #446, #413 ) ;
#325 = DIRECTION ( 'NONE',  ( -0.000000000000000000, 1.000000000000000000, -0.000000000000000000 ) ) ;
#326 = PLANE ( 'NONE',  #107 ) ;
#327 = VERTEX_POINT ( 'NONE', #1361 ) ;
#328 = LINE ( 'NONE', #976, #834 ) ;
#329 = EDGE_LOOP ( 'NONE', ( #38, #1460, #793 ) ) ;
#330 = CARTESIAN_POINT ( 'NONE',  ( 11.00000000000000000, 28.59999999999999432, -171.9999999999999716 ) ) ;
#331 = PRODUCT_DEFINITION_CONTEXT ( 'detailed design', #724, 'design' ) ;
#332 = VERTEX_POINT ( 'NONE', #90 ) ;
#333 = EDGE_CURVE ( 'NONE', #1619, #242, #429, .T. ) ;
#334 = LINE ( 'NONE', #492, #643 ) ;
#335 = LINE ( 'NONE', #493, #76 ) ;
#336 = EDGE_CURVE ( 'NONE', #28, #554, #1418, .T. ) ;
#337 = VECTOR ( 'NONE', #1739, 1000.000000000000000 ) ;
#338 = VECTOR ( 'NONE', #675, 1000.000000000000000 ) ;
#339 = VECTOR ( 'NONE', #1093, 1000.000000000000000 ) ;
#340 = ORIENTED_EDGE ( 'NONE', *, *, #489, .F. ) ;
#341 = CYLINDRICAL_SURFACE ( 'NONE', #144, 1.649999999999984812 ) ;
#342 = ORIENTED_EDGE ( 'NONE', *, *, #1262, .F. ) ;
#343 = EDGE_LOOP ( 'NONE', ( #822, #1138, #487, #727 ) ) ;
#344 = CARTESIAN_POINT ( 'NONE',  ( 13.00000000000000178, 28.59999999999999432, -186.8106253561329027 ) ) ;
#345 = CARTESIAN_POINT ( 'NONE',  ( -13.00000000000000178, 28.59999999999999432, -188.0944961832436491 ) ) ;
#346 = ORIENTED_EDGE ( 'NONE', *, *, #1915, .F. ) ;
#347 = FACE_OUTER_BOUND ( 'NONE', #1757, .T. ) ;
#348 = CARTESIAN_POINT ( 'NONE',  ( -10.03464853430846659, 15.74686150178497179, -130.9669715793910711 ) ) ;
#349 = ADVANCED_FACE ( 'NONE', ( #267 ), #1847, .T. ) ;
#350 = ORIENTED_EDGE ( 'NONE', *, *, #1402, .F. ) ;
#351 = VERTEX_POINT ( 'NONE', #1906 ) ;
#352 = FACE_OUTER_BOUND ( 'NONE', #73, .T. ) ;
#353 = DIRECTION ( 'NONE',  ( -0.4999999999999983347, 0.000000000000000000, 0.8660254037844395958 ) ) ;
#354 = AXIS2_PLACEMENT_3D ( 'NONE', #1352, #23, #667 ) ;
#355 = DIRECTION ( 'NONE',  ( 0.000000000000000000, 0.000000000000000000, 1.000000000000000000 ) ) ;
#356 = DIRECTION ( 'NONE',  ( -1.000000000000000000, 0.000000000000000000, 0.000000000000000000 ) ) ;
#357 = ORIENTED_EDGE ( 'NONE', *, *, #1998, .T. ) ;
#358 = CARTESIAN_POINT ( 'NONE',  ( 15.00000000000000000, 31.94999999999999218, -169.8499999999999943 ) ) ;
#359 = CARTESIAN_POINT ( 'NONE',  ( -10.49999999999999822, 28.59999999999999432, -198.8097944659891425 ) ) ;
#360 = EDGE_CURVE ( 'NONE', #1189, #1498, #1413, .T. ) ;
#361 = ORIENTED_EDGE ( 'NONE', *, *, #316, .F. ) ;
#362 = VERTEX_POINT ( 'NONE', #1126 ) ;
#363 = DIRECTION ( 'NONE',  ( 0.000000000000000000, 1.000000000000000000, 0.000000000000000000 ) ) ;
#364 = DIRECTION ( 'NONE',  ( -0.000000000000000000, -0.000000000000000000, 1.000000000000000000 ) ) ;
#365 = EDGE_CURVE ( 'NONE', #1629, #501, #796, .T. ) ;
#366 = PLANE ( 'NONE',  #1384 ) ;
#367 = DIRECTION ( 'NONE',  ( 0.000000000000000000, 0.000000000000000000, 1.000000000000000000 ) ) ;
#368 = ORIENTED_EDGE ( 'NONE', *, *, #41, .F. ) ;
#369 = DIRECTION ( 'NONE',  ( -0.000000000000000000, -0.000000000000000000, 1.000000000000000000 ) ) ;
#370 = CARTESIAN_POINT ( 'NONE',  ( -3.000000000000000000, 32.34999999999998721, -193.9023171778773360 ) ) ;
#371 = EDGE_LOOP ( 'NONE', ( #1567, #1984, #2018, #340 ) ) ;
#372 = VECTOR ( 'NONE', #956, 1000.000000000000000 ) ;
#373 = ORIENTED_EDGE ( 'NONE', *, *, #1943, .F. ) ;
#374 = AXIS2_PLACEMENT_3D ( 'NONE', #1480, #1525, #1023 ) ;
#375 = PLANE ( 'NONE',  #213 ) ;
#376 = DIRECTION ( 'NONE',  ( 0.000000000000000000, 0.000000000000000000, -1.000000000000000000 ) ) ;
#377 = AXIS2_PLACEMENT_3D ( 'NONE', #441, #1979, #1461 ) ;
#378 = CIRCLE ( 'NONE', #614, 2.000000000000001776 ) ;
#379 = CARTESIAN_POINT ( 'NONE',  ( -10.00000000000000000, -7.014831626578510022E-15, -130.1352443613444620 ) ) ;
#380 = DIRECTION ( 'NONE',  ( 0.000000000000000000, 0.5150380749100557098, 0.8571673007021114454 ) ) ;
#381 = CARTESIAN_POINT ( 'NONE',  ( 7.078989928337173332, 28.59999999999999432, -180.8018521235940455 ) ) ;
#382 = DIRECTION ( 'NONE',  ( 0.000000000000000000, 0.000000000000000000, 1.000000000000000000 ) ) ;
#383 = ORIENTED_EDGE ( 'NONE', *, *, #1728, .T. ) ;
#384 = ORIENTED_EDGE ( 'NONE', *, *, #1763, .F. ) ;
#385 = CARTESIAN_POINT ( 'NONE',  ( 15.00000000000000000, 31.94999999999999218, -169.8499999999999943 ) ) ;
#386 = EDGE_CURVE ( 'NONE', #525, #954, #450, .T. ) ;
#387 = CARTESIAN_POINT ( 'NONE',  ( 15.00000000000000000, 15.69999999999999929, 0.000000000000000000 ) ) ;
#388 = CARTESIAN_POINT ( 'NONE',  ( -3.578989928337167115, 28.59999999999999432, -192.2236709642606627 ) ) ;
#389 = ORIENTED_EDGE ( 'NONE', *, *, #673, .T. ) ;
#390 = ORIENTED_EDGE ( 'NONE', *, *, #962, .F. ) ;
#391 = CYLINDRICAL_SURFACE ( 'NONE', #1555, 10.00000000000000888 ) ;
#392 = LINE ( 'NONE', #385, #209 ) ;
#393 = PRODUCT_DEFINITION_FORMATION_WITH_SPECIFIED_SOURCE ( 'ANY', '', #1066, .NOT_KNOWN. ) ;
#394 = EDGE_CURVE ( 'NONE', #523, #92, #1295, .T. ) ;
#395 = CARTESIAN_POINT ( 'NONE',  ( 13.00000000000000178, 15.72975167815478947, -188.7947037214533452 ) ) ;
#396 = LINE ( 'NONE', #442, #751 ) ;
#397 = VERTEX_POINT ( 'NONE', #2065 ) ;
#398 = EDGE_LOOP ( 'NONE', ( #988, #889, #346, #857 ) ) ;
#399 = DIRECTION ( 'NONE',  ( -0.8660254037844411501, 0.000000000000000000, 0.4999999999999958367 ) ) ;
#400 = LINE ( 'NONE', #125, #1116 ) ;
#401 = EDGE_CURVE ( 'NONE', #1259, #1189, #1256, .T. ) ;
#402 = VECTOR ( 'NONE', #454, 1000.000000000000000 ) ;
#403 = LINE ( 'NONE', #264, #438 ) ;
#404 = VECTOR ( 'NONE', #2075, 1000.000000000000000 ) ;
#405 = ORIENTED_EDGE ( 'NONE', *, *, #891, .T. ) ;
#406 = EDGE_CURVE ( 'NONE', #132, #1965, #1314, .T. ) ;
#407 = FILL_AREA_STYLE ('',( #1692 ) ) ;
#408 = CARTESIAN_POINT ( 'NONE',  ( 12.00000000000000000, 28.59999999999999432, -188.0944961832436491 ) ) ;
#409 = VERTEX_POINT ( 'NONE', #1094 ) ;
#410 = VERTEX_POINT ( 'NONE', #481 ) ;
#411 = FACE_OUTER_BOUND ( 'NONE', #2068, .T. ) ;
#412 = DIRECTION ( 'NONE',  ( -0.000000000000000000, -1.000000000000000000, -0.000000000000000000 ) ) ;
#413 = DIRECTION ( 'NONE',  ( 0.000000000000000000, 0.000000000000000000, -1.000000000000000000 ) ) ;
#414 = ORIENTED_EDGE ( 'NONE', *, *, #1895, .T. ) ;
#415 = DIRECTION ( 'NONE',  ( 4.604373675111090589E-16, 0.000000000000000000, 1.000000000000000000 ) ) ;
#416 = DIRECTION ( 'NONE',  ( 0.000000000000000000, 1.000000000000000000, 0.000000000000000000 ) ) ;
#417 = ORIENTED_EDGE ( 'NONE', *, *, #149, .T. ) ;
#418 = EDGE_CURVE ( 'NONE', #1344, #409, #1579, .T. ) ;
#419 = ORIENTED_EDGE ( 'NONE', *, *, #448, .F. ) ;
#420 = CARTESIAN_POINT ( 'NONE',  ( -3.000000000000000000, 28.59999999999999432, -193.9023171778773360 ) ) ;
#421 = DIRECTION ( 'NONE',  ( -0.000000000000000000, 1.000000000000000000, 9.130123557772665869E-17 ) ) ;
#422 = AXIS2_PLACEMENT_3D ( 'NONE', #1802, #1648, #854 ) ;
#423 = ADVANCED_FACE ( 'NONE', ( #953 ), #1608, .T. ) ;
#424 = DIRECTION ( 'NONE',  ( 0.000000000000000000, 1.000000000000000000, 9.130123557772665869E-17 ) ) ;
#425 = ORIENTED_EDGE ( 'NONE', *, *, #65, .F. ) ;
#426 = ADVANCED_FACE ( 'NONE', ( #623 ), #1118, .T. ) ;
#427 = PRODUCT_RELATED_PRODUCT_CATEGORY ( 'part', '', ( #1066 ) ) ;
#428 = LINE ( 'NONE', #571, #769 ) ;
#429 = LINE ( 'NONE', #1244, #1378 ) ;
#430 = ORIENTED_EDGE ( 'NONE', *, *, #584, .T. ) ;
#431 = APPLICATION_CONTEXT ( 'automotive_design' ) ;
#432 = CARTESIAN_POINT ( 'NONE',  ( -10.00000000000000000, 15.69999999999999929, 7.304098846218138612E-16 ) ) ;
#433 = CYLINDRICAL_SURFACE ( 'NONE', #720, 2.000000000000001776 ) ;
#434 = EDGE_CURVE ( 'NONE', #2029, #1596, #1591, .T. ) ;
#435 = PLANE ( 'NONE',  #1238 ) ;
#436 = ORIENTED_EDGE ( 'NONE', *, *, #559, .F. ) ;
#437 = VECTOR ( 'NONE', #873, 1000.000000000000000 ) ;
#438 = VECTOR ( 'NONE', #901, 1000.000000000000000 ) ;
#439 = VECTOR ( 'NONE', #590, 1000.000000000000000 ) ;
#440 = AXIS2_PLACEMENT_3D ( 'NONE', #589, #292, #1228 ) ;
#441 = CARTESIAN_POINT ( 'NONE',  ( -9.499999999999998224, 32.34999999999998721, -198.8097944659891425 ) ) ;
#442 = CARTESIAN_POINT ( 'NONE',  ( 10.75000000000000533, 32.34999999999998721, -172.4330127018921814 ) ) ;
#443 = EDGE_CURVE ( 'NONE', #945, #732, #56, .T. ) ;
#444 = DIRECTION ( 'NONE',  ( -0.8660254037844395958, 0.000000000000000000, -0.4999999999999983347 ) ) ;
#445 = DIRECTION ( 'NONE',  ( 0.000000000000000000, 0.000000000000000000, -1.000000000000000000 ) ) ;
#446 = DIRECTION ( 'NONE',  ( 0.000000000000000000, -1.000000000000000000, 0.000000000000000000 ) ) ;
#447 = ORIENTED_EDGE ( 'NONE', *, *, #1589, .T. ) ;
#448 = EDGE_CURVE ( 'NONE', #61, #1866, #1264, .T. ) ;
#449 = CARTESIAN_POINT ( 'NONE',  ( -10.50000000000000000, 28.60000000000000142, -206.0000000000000284 ) ) ;
#450 = LINE ( 'NONE', #616, #814 ) ;
#451 = ORIENTED_EDGE ( 'NONE', *, *, #958, .F. ) ;
#452 = ADVANCED_FACE ( 'NONE', ( #1730 ), #1104, .T. ) ;
#453 = LINE ( 'NONE', #1289, #904 ) ;
#454 = DIRECTION ( 'NONE',  ( 0.000000000000000000, 1.000000000000000000, 0.000000000000000000 ) ) ;
#455 = CARTESIAN_POINT ( 'NONE',  ( 10.50000000000000000, 28.60000000000000142, -206.0000000000000284 ) ) ;
#456 = CONICAL_SURFACE ( 'NONE', #2044, 1.649999999999984812, 1.029744258676652535 ) ;
#457 = ORIENTED_EDGE ( 'NONE', *, *, #693, .F. ) ;
#458 = DIRECTION ( 'NONE',  ( 0.000000000000000000, -0.000000000000000000, -1.000000000000000000 ) ) ;
#459 = DIRECTION ( 'NONE',  ( -0.9396926207859103153, 0.000000000000000000, 0.3420201433256633283 ) ) ;
#460 = AXIS2_PLACEMENT_3D ( 'NONE', #1865, #2022, #921 ) ;
#461 = VERTEX_POINT ( 'NONE', #633 ) ;
#462 = LINE ( 'NONE', #648, #985 ) ;
#463 = ORIENTED_EDGE ( 'NONE', *, *, #406, .F. ) ;
#464 = DIRECTION ( 'NONE',  ( 0.000000000000000000, 0.000000000000000000, 1.000000000000000000 ) ) ;
#465 = EDGE_CURVE ( 'NONE', #666, #2029, #1274, .T. ) ;
#466 = ORIENTED_EDGE ( 'NONE', *, *, #316, .T. ) ;
#467 = CIRCLE ( 'NONE', #1448, 1.000000000000000888 ) ;
#468 = VECTOR ( 'NONE', #185, 1000.000000000000000 ) ;
#469 = VECTOR ( 'NONE', #1325, 1000.000000000000000 ) ;
#470 = LINE ( 'NONE', #1745, #1051 ) ;
#471 = AXIS2_PLACEMENT_3D ( 'NONE', #709, #1347, #1835 ) ;
#472 = DIRECTION ( 'NONE',  ( 0.000000000000000000, 0.000000000000000000, 1.000000000000000000 ) ) ;
#473 = AXIS2_PLACEMENT_3D ( 'NONE', #1524, #536, #514 ) ;
#474 = EDGE_LOOP ( 'NONE', ( #1372, #1902, #72, #1123, #96, #119, #2051, #197, #923, #476, #1684, #1282, #2066, #649, #631, #300, #1702, #1719, #736, #295, #907, #1939, #1288, #948, #1310, #587, #1477, #695, #495, #833, #1580, #1323, #1021, #1743, #759, #949, #763, #1277, #1625, #269 ) ) ;
#475 = DIRECTION ( 'NONE',  ( 0.000000000000000000, 0.000000000000000000, 1.000000000000000000 ) ) ;
#476 = ORIENTED_EDGE ( 'NONE', *, *, #1988, .T. ) ;
#477 = CYLINDRICAL_SURFACE ( 'NONE', #570, 0.5000000000000004441 ) ;
#478 = ORIENTED_EDGE ( 'NONE', *, *, #401, .F. ) ;
#479 = VERTEX_POINT ( 'NONE', #318 ) ;
#480 = DIRECTION ( 'NONE',  ( 0.9862596483485341903, 1.508320343294394861E-17, -0.1652026211639086029 ) ) ;
#481 = CARTESIAN_POINT ( 'NONE',  ( -15.00000000000000000, 18.64686150178496860, -160.8169715793910655 ) ) ;
#482 = ORIENTED_EDGE ( 'NONE', *, *, #1031, .T. ) ;
#483 = DIRECTION ( 'NONE',  ( 0.000000000000000000, -1.000000000000000000, 0.000000000000000000 ) ) ;
#484 = ORIENTED_EDGE ( 'NONE', *, *, #401, .T. ) ;
#485 = DIRECTION ( 'NONE',  ( 4.604373675111090589E-16, 0.000000000000000000, 1.000000000000000000 ) ) ;
#486 = ADVANCED_FACE ( 'NONE', ( #964 ), #326, .T. ) ;
#487 = ORIENTED_EDGE ( 'NONE', *, *, #882, .F. ) ;
#488 = ORIENTED_EDGE ( 'NONE', *, *, #149, .F. ) ;
#489 = EDGE_CURVE ( 'NONE', #351, #224, #1928, .T. ) ;
#490 = AXIS2_PLACEMENT_3D ( 'NONE', #194, #1465, #1195 ) ;
#491 = EDGE_CURVE ( 'NONE', #362, #1252, #1855, .T. ) ;
#492 = CARTESIAN_POINT ( 'NONE',  ( 15.00000000000000000, 18.64686150178496504, -160.8169715793910655 ) ) ;
#493 = CARTESIAN_POINT ( 'NONE',  ( 15.00000000000000000, 0.000000000000000000, -206.0000000000000284 ) ) ;
#494 = EDGE_CURVE ( 'NONE', #771, #1535, #1317, .T. ) ;
#495 = ORIENTED_EDGE ( 'NONE', *, *, #79, .F. ) ;
#496 = DIRECTION ( 'NONE',  ( 0.000000000000000000, 0.000000000000000000, -1.000000000000000000 ) ) ;
#497 = ORIENTED_EDGE ( 'NONE', *, *, #1436, .T. ) ;
#498 = VECTOR ( 'NONE', #1100, 1000.000000000000000 ) ;
#499 = UNCERTAINTY_MEASURE_WITH_UNIT (LENGTH_MEASURE( 1.000000000000000082E-05 ), #1562, 'distance_accuracy_value', 'NONE');
#500 = ADVANCED_FACE ( 'NONE', ( #539 ), #68, .T. ) ;
#501 = VERTEX_POINT ( 'NONE', #1960 ) ;
#502 = EDGE_CURVE ( 'NONE', #362, #610, #1946, .T. ) ;
#503 = PLANE ( 'NONE',  #717 ) ;
#504 = CARTESIAN_POINT ( 'NONE',  ( 15.00000000000000000, 28.59999999999999432, -169.8499999999999943 ) ) ;
#505 = CIRCLE ( 'NONE', #1581, 0.5000000000000004441 ) ;
#506 = VECTOR ( 'NONE', #868, 1000.000000000000000 ) ;
#507 = VECTOR ( 'NONE', #239, 1000.000000000000000 ) ;
#508 = VERTEX_POINT ( 'NONE', #1148 ) ;
#509 = CARTESIAN_POINT ( 'NONE',  ( -12.00000000000000000, 32.34999999999998721, -188.0944961832436491 ) ) ;
#510 = CARTESIAN_POINT ( 'NONE',  ( -13.00000000000000178, 15.72975167815478947, -186.2332750869433085 ) ) ;
#511 = ORIENTED_EDGE ( 'NONE', *, *, #1773, .T. ) ;
#512 = VECTOR ( 'NONE', #1191, 1000.000000000000000 ) ;
#513 = EDGE_LOOP ( 'NONE', ( #193, #1503 ) ) ;
#514 = DIRECTION ( 'NONE',  ( 0.000000000000000000, 0.000000000000000000, 1.000000000000000000 ) ) ;
#515 = LINE ( 'NONE', #1843, #1750 ) ;
#516 = ORIENTED_EDGE ( 'NONE', *, *, #98, .F. ) ;
#517 = EDGE_CURVE ( 'NONE', #1439, #523, #1028, .T. ) ;
#518 = PLANE ( 'NONE',  #1250 ) ;
#519 = LINE ( 'NONE', #1670, #2 ) ;
#520 = ORIENTED_EDGE ( 'NONE', *, *, #360, .F. ) ;
#521 = CARTESIAN_POINT ( 'NONE',  ( 0.000000000000000000, 32.34999999999998721, 0.000000000000000000 ) ) ;
#522 = CYLINDRICAL_SURFACE ( 'NONE', #305, 1.000000000000000888 ) ;
#523 = VERTEX_POINT ( 'NONE', #1778 ) ;
#524 = EDGE_CURVE ( 'NONE', #610, #1467, #1110, .T. ) ;
#525 = VERTEX_POINT ( 'NONE', #345 ) ;
#526 = CARTESIAN_POINT ( 'NONE',  ( 10.05758150141408969, 15.77355623697230058, -131.2417432501985104 ) ) ;
#527 = CYLINDRICAL_SURFACE ( 'NONE', #374, 2.000000000000001776 ) ;
#528 = CIRCLE ( 'NONE', #354, 10.00000000000000888 ) ;
#529 = FACE_OUTER_BOUND ( 'NONE', #102, .T. ) ;
#530 = DIRECTION ( 'NONE',  ( 0.000000000000000000, 0.000000000000000000, 1.000000000000000000 ) ) ;
#531 = VERTEX_POINT ( 'NONE', #1660 ) ;
#532 = CARTESIAN_POINT ( 'NONE',  ( 10.50000000000000178, 28.59999999999999432, -169.8499999999999943 ) ) ;
#533 = DIRECTION ( 'NONE',  ( 0.000000000000000000, 1.000000000000000000, 0.000000000000000000 ) ) ;
#534 = ORIENTED_EDGE ( 'NONE', *, *, #646, .T. ) ;
#535 = ORIENTED_EDGE ( 'NONE', *, *, #1197, .F. ) ;
#536 = DIRECTION ( 'NONE',  ( 0.000000000000000000, 1.000000000000000000, 0.000000000000000000 ) ) ;
#537 = DIRECTION ( 'NONE',  ( 0.000000000000000000, 1.000000000000000000, 0.000000000000000000 ) ) ;
#538 = LINE ( 'NONE', #1304, #581 ) ;
#539 = FACE_OUTER_BOUND ( 'NONE', #343, .T. ) ;
#540 = DIRECTION ( 'NONE',  ( -0.000000000000000000, -1.000000000000000000, -0.000000000000000000 ) ) ;
#541 = DIRECTION ( 'NONE',  ( 0.000000000000000000, 0.000000000000000000, 1.000000000000000000 ) ) ;
#542 = VECTOR ( 'NONE', #827, 1000.000000000000000 ) ;
#543 = ORIENTED_EDGE ( 'NONE', *, *, #2052, .T. ) ;
#544 = SHAPE_DEFINITION_REPRESENTATION ( #869, #687 ) ;
#545 = ORIENTED_EDGE ( 'NONE', *, *, #1577, .T. ) ;
#546 = VECTOR ( 'NONE', #376, 1000.000000000000000 ) ;
#547 = DIRECTION ( 'NONE',  ( 1.000000000000000000, 0.000000000000000000, 0.000000000000000000 ) ) ;
#548 = CARTESIAN_POINT ( 'NONE',  ( 0.000000000000000000, 31.94999999999999218, 0.000000000000000000 ) ) ;
#549 = PLANE ( 'NONE',  #471 ) ;
#550 = DIRECTION ( 'NONE',  ( 1.422676970268133259E-15, 0.000000000000000000, -1.000000000000000000 ) ) ;
#551 = DIRECTION ( 'NONE',  ( 0.000000000000000000, 1.000000000000000000, 0.000000000000000000 ) ) ;
#552 = CARTESIAN_POINT ( 'NONE',  ( 10.00000000000000000, -7.004993778403282783E-15, -130.1352443613444620 ) ) ;
#553 = VERTEX_POINT ( 'NONE', #861 ) ;
#554 = VERTEX_POINT ( 'NONE', #1305 ) ;
#555 = DIRECTION ( 'NONE',  ( -0.1644494410222323011, 0.09538067579289452591, -0.9817631629027268048 ) ) ;
#556 = DIRECTION ( 'NONE',  ( 0.000000000000000000, 0.000000000000000000, 1.000000000000000000 ) ) ;
#557 = EDGE_CURVE ( 'NONE', #1775, #362, #1160, .T. ) ;
#558 = EDGE_CURVE ( 'NONE', #1796, #1390, #519, .T. ) ;
#559 = EDGE_CURVE ( 'NONE', #1874, #2071, #837, .T. ) ;
#560 = VECTOR ( 'NONE', #1276, 1000.000000000000000 ) ;
#561 = PLANE ( 'NONE',  #1517 ) ;
#562 = DIRECTION ( 'NONE',  ( -0.9396926207859109814, -0.000000000000000000, 0.3420201433256614965 ) ) ;
#563 = ORIENTED_EDGE ( 'NONE', *, *, #1112, .F. ) ;
#564 = ORIENTED_EDGE ( 'NONE', *, *, #1242, .T. ) ;
#565 = LINE ( 'NONE', #1557, #1149 ) ;
#566 = DIRECTION ( 'NONE',  ( -0.000000000000000000, -7.947302079556290592E-17, 1.000000000000000000 ) ) ;
#567 = LINE ( 'NONE', #95, #1136 ) ;
#568 = EDGE_CURVE ( 'NONE', #1439, #1535, #30, .T. ) ;
#569 = ORIENTED_EDGE ( 'NONE', *, *, #53, .T. ) ;
#570 = AXIS2_PLACEMENT_3D ( 'NONE', #165, #2069, #464 ) ;
#571 = CARTESIAN_POINT ( 'NONE',  ( 10.13740351651465410, -6.863999592249068853E-15, -131.7872705729835729 ) ) ;
#572 = DIRECTION ( 'NONE',  ( -0.000000000000000000, -1.000000000000000000, -0.000000000000000000 ) ) ;
#573 = ORIENTED_EDGE ( 'NONE', *, *, #1436, .F. ) ;
#574 = ORIENTED_EDGE ( 'NONE', *, *, #900, .F. ) ;
#575 = CARTESIAN_POINT ( 'NONE',  ( -15.00000000000000000, 32.34999999999998721, -169.8499999999999943 ) ) ;
#576 = CARTESIAN_POINT ( 'NONE',  ( 3.249999999999999112, 15.72975167815478947, -193.7579796105799517 ) ) ;
#577 = VECTOR ( 'NONE', #1232, 1000.000000000000000 ) ;
#578 = VECTOR ( 'NONE', #122, 1000.000000000000000 ) ;
#579 = DIRECTION ( 'NONE',  ( -0.8660254037844411501, 0.000000000000000000, -0.4999999999999958367 ) ) ;
#580 = VECTOR ( 'NONE', #1516, 1000.000000000000000 ) ;
#581 = VECTOR ( 'NONE', #1169, 999.9999999999998863 ) ;
#582 = ORIENTED_EDGE ( 'NONE', *, *, #1112, .T. ) ;
#583 = EDGE_CURVE ( 'NONE', #1467, #610, #1617, .T. ) ;
#584 = EDGE_CURVE ( 'NONE', #332, #619, #1885, .T. ) ;
#585 = DIRECTION ( 'NONE',  ( 0.000000000000000000, 1.000000000000000000, 0.000000000000000000 ) ) ;
#586 = DIRECTION ( 'NONE',  ( -1.000000000000000000, -0.000000000000000000, -0.000000000000000000 ) ) ;
#587 = ORIENTED_EDGE ( 'NONE', *, *, #1990, .T. ) ;
#588 = ORIENTED_EDGE ( 'NONE', *, *, #491, .F. ) ;
#589 = CARTESIAN_POINT ( 'NONE',  ( -12.00000000000000000, 15.72975167815478947, -188.0944961832436491 ) ) ;
#590 = DIRECTION ( 'NONE',  ( 0.000000000000000000, 1.000000000000000000, 0.000000000000000000 ) ) ;
#591 = EDGE_CURVE ( 'NONE', #1801, #683, #335, .T. ) ;
#592 = DIRECTION ( 'NONE',  ( -4.604373675111089603E-16, 0.000000000000000000, 1.000000000000000000 ) ) ;
#593 = ORIENTED_EDGE ( 'NONE', *, *, #1844, .T. ) ;
#594 = EDGE_CURVE ( 'NONE', #782, #1596, #1137, .T. ) ;
#595 = SURFACE_STYLE_USAGE ( .BOTH. , #734 ) ;
#596 = CARTESIAN_POINT ( 'NONE',  ( -10.09185268933585355, 15.80013606159976547, -131.5153321347260658 ) ) ;
#597 = ORIENTED_EDGE ( 'NONE', *, *, #1521, .F. ) ;
#598 = ORIENTED_EDGE ( 'NONE', *, *, #1031, .F. ) ;
#599 = LINE ( 'NONE', #1234, #1691 ) ;
#600 = CARTESIAN_POINT ( 'NONE',  ( 6.750000000000000888, 28.59999999999999432, -181.2716984339869839 ) ) ;
#601 = VECTOR ( 'NONE', #4, 1000.000000000000000 ) ;
#602 = CARTESIAN_POINT ( 'NONE',  ( -3.749999999999999112, 32.34999999999998721, -193.7579796105799517 ) ) ;
#603 = VERTEX_POINT ( 'NONE', #984 ) ;
#604 = CARTESIAN_POINT ( 'NONE',  ( -10.50000000000000178, 28.59999999999999432, -169.8499999999999943 ) ) ;
#605 = CARTESIAN_POINT ( 'NONE',  ( 15.00000000000000000, 15.74686150178497179, -130.9669715793910711 ) ) ;
#606 = LINE ( 'NONE', #124, #1385 ) ;
#607 = LINE ( 'NONE', #576, #1382 ) ;
#608 = EDGE_CURVE ( 'NONE', #912, #224, #1624, .T. ) ;
#609 = LINE ( 'NONE', #1389, #2014 ) ;
#610 = VERTEX_POINT ( 'NONE', #700 ) ;
#611 = CIRCLE ( 'NONE', #781, 0.5000000000000004441 ) ;
#612 = AXIS2_PLACEMENT_3D ( 'NONE', #895, #586, #1059 ) ;
#613 = AXIS2_PLACEMENT_3D ( 'NONE', #933, #656, #1452 ) ;
#614 = AXIS2_PLACEMENT_3D ( 'NONE', #1345, #547, #1831 ) ;
#615 = FACE_OUTER_BOUND ( 'NONE', #1556, .T. ) ;
#616 = CARTESIAN_POINT ( 'NONE',  ( -13.00000000000000178, 28.59999999999999432, -186.2332750869433085 ) ) ;
#617 = ORIENTED_EDGE ( 'NONE', *, *, #151, .F. ) ;
#618 = LINE ( 'NONE', #1931, #1435 ) ;
#619 = VERTEX_POINT ( 'NONE', #1646 ) ;
#620 = DIRECTION ( 'NONE',  ( 0.000000000000000000, -0.000000000000000000, 1.000000000000000000 ) ) ;
#621 = EDGE_LOOP ( 'NONE', ( #747, #1121, #1293, #1514 ) ) ;
#622 = CARTESIAN_POINT ( 'NONE',  ( 3.000000000000000000, 32.34999999999998721, -193.9023171778773360 ) ) ;
#623 = FACE_OUTER_BOUND ( 'NONE', #251, .T. ) ;
#624 = ADVANCED_FACE ( 'NONE', ( #202 ), #1486, .T. ) ;
#625 = ORIENTED_EDGE ( 'NONE', *, *, #79, .T. ) ;
#626 = CARTESIAN_POINT ( 'NONE',  ( 0.000000000000000000, 28.60000000000001563, -186.3500000000000227 ) ) ;
#627 = ORIENTED_EDGE ( 'NONE', *, *, #333, .T. ) ;
#628 = DIRECTION ( 'NONE',  ( 0.000000000000000000, 0.000000000000000000, -1.000000000000000000 ) ) ;
#629 = COLOUR_RGB ( '',0.7921568627450980005, 0.8196078431372548767, 0.9333333333333333481 ) ;
#630 = ORIENTED_EDGE ( 'NONE', *, *, #1024, .T. ) ;
#631 = ORIENTED_EDGE ( 'NONE', *, *, #88, .F. ) ;
#632 = LINE ( 'NONE', #1273, #339 ) ;
#633 = CARTESIAN_POINT ( 'NONE',  ( 7.078989928337176885, 32.34999999999998721, -180.8018521235940455 ) ) ;
#634 = AXIS2_PLACEMENT_3D ( 'NONE', #1586, #1421, #957 ) ;
#635 = ORIENTED_EDGE ( 'NONE', *, *, #256, .F. ) ;
#636 = DIRECTION ( 'NONE',  ( -0.3420201433256614965, 0.000000000000000000, -0.9396926207859109814 ) ) ;
#637 = LINE ( 'NONE', #1099, #1688 ) ;
#638 = CARTESIAN_POINT ( 'NONE',  ( 10.49999999999999822, 28.59999999999999432, -171.9999999999999716 ) ) ;
#639 = EDGE_LOOP ( 'NONE', ( #986, #405, #1817, #233 ) ) ;
#640 = VECTOR ( 'NONE', #459, 1000.000000000000000 ) ;
#641 = VECTOR ( 'NONE', #881, 1000.000000000000000 ) ;
#642 = PLANE ( 'NONE',  #308 ) ;
#643 = VECTOR ( 'NONE', #201, 1000.000000000000114 ) ;
#644 = CARTESIAN_POINT ( 'NONE',  ( 10.00000000000000000, 15.70467962211078294, -130.4136059905011109 ) ) ;
#645 = VECTOR ( 'NONE', #363, 1000.000000000000000 ) ;
#646 = EDGE_CURVE ( 'NONE', #704, #1016, #1339, .T. ) ;
#647 = ORIENTED_EDGE ( 'NONE', *, *, #517, .F. ) ;
#648 = CARTESIAN_POINT ( 'NONE',  ( 0.000000000000000000, 30.34999999999998721, -206.0000000000000284 ) ) ;
#649 = ORIENTED_EDGE ( 'NONE', *, *, #238, .T. ) ;
#650 = LINE ( 'NONE', #1291, #131 ) ;
#651 = EDGE_CURVE ( 'NONE', #1665, #1092, #1836, .T. ) ;
#652 = EDGE_CURVE ( 'NONE', #28, #1747, #1995, .T. ) ;
#653 = VERTEX_POINT ( 'NONE', #1798 ) ;
#654 = ORIENTED_EDGE ( 'NONE', *, *, #1249, .T. ) ;
#655 = ADVANCED_FACE ( 'NONE', ( #998 ), #1808, .T. ) ;
#656 = DIRECTION ( 'NONE',  ( 0.000000000000000000, -1.000000000000000000, 0.000000000000000000 ) ) ;
#657 = CARTESIAN_POINT ( 'NONE',  ( -13.00000000000000178, 28.59999999999999432, -188.7947037214533452 ) ) ;
#658 = EDGE_CURVE ( 'NONE', #902, #603, #244, .T. ) ;
#659 = VERTEX_POINT ( 'NONE', #40 ) ;
#660 = CARTESIAN_POINT ( 'NONE',  ( -13.00000000000000178, 15.72975167815478947, -188.7947037214533452 ) ) ;
#661 = CARTESIAN_POINT ( 'NONE',  ( 2.020667218593130536E-16, 28.60000000000001563, -188.0000000000000000 ) ) ;
#662 = ORIENTED_EDGE ( 'NONE', *, *, #168, .F. ) ;
#663 = DIRECTION ( 'NONE',  ( -0.000000000000000000, -1.000000000000000000, -0.000000000000000000 ) ) ;
#664 = CARTESIAN_POINT ( 'NONE',  ( 0.000000000000000000, 28.60000000000001563, -186.3500000000000227 ) ) ;
#665 = EDGE_CURVE ( 'NONE', #1498, #704, #392, .T. ) ;
#666 = VERTEX_POINT ( 'NONE', #859 ) ;
#667 = DIRECTION ( 'NONE',  ( 0.000000000000000000, 0.000000000000000000, 1.000000000000000000 ) ) ;
#668 = CARTESIAN_POINT ( 'NONE',  ( -6.500000000000000000, 28.59999999999999432, -182.4804983372107472 ) ) ;
#669 = ORIENTED_EDGE ( 'NONE', *, *, #494, .F. ) ;
#670 = ORIENTED_EDGE ( 'NONE', *, *, #733, .T. ) ;
#671 = FACE_OUTER_BOUND ( 'NONE', #1829, .T. ) ;
#672 = EDGE_LOOP ( 'NONE', ( #690, #1925, #1008, #627, #357, #268, #2077, #2082 ) ) ;
#673 = EDGE_CURVE ( 'NONE', #1920, #1424, #515, .T. ) ;
#674 = CARTESIAN_POINT ( 'NONE',  ( 15.00000000000000000, 0.000000000000000000, 0.000000000000000000 ) ) ;
#675 = DIRECTION ( 'NONE',  ( -0.000000000000000000, -1.000000000000000000, -0.000000000000000000 ) ) ;
#676 = ADVANCED_FACE ( 'NONE', ( #1653 ), #1192, .F. ) ;
#677 = AXIS2_PLACEMENT_3D ( 'NONE', #1512, #1792, #541 ) ;
#678 = AXIS2_PLACEMENT_3D ( 'NONE', #1755, #2057, #1 ) ;
#679 = VECTOR ( 'NONE', #795, 1000.000000000000000 ) ;
#680 = VERTEX_POINT ( 'NONE', #75 ) ;
#681 = CARTESIAN_POINT ( 'NONE',  ( 3.500000000000008438, 32.34999999999998721, -194.1909923124721615 ) ) ;
#682 = LINE ( 'NONE', #876, #1821 ) ;
#683 = VERTEX_POINT ( 'NONE', #1010 ) ;
#684 = ORIENTED_EDGE ( 'NONE', *, *, #1000, .F. ) ;
#685 = DIRECTION ( 'NONE',  ( 0.000000000000000000, -1.000000000000000000, 0.000000000000000000 ) ) ;
#686 = CARTESIAN_POINT ( 'NONE',  ( 15.00000000000000000, 0.000000000000000000, 0.000000000000000000 ) ) ;
#687 = ADVANCED_BREP_SHAPE_REPRESENTATION ( 'Inverter_new', ( #1495, #708 ), #1510 ) ;
#688 = LINE ( 'NONE', #860, #212 ) ;
#689 = CARTESIAN_POINT ( 'NONE',  ( 11.00000000000000000, 32.34999999999998721, -171.9999999999999716 ) ) ;
#690 = ORIENTED_EDGE ( 'NONE', *, *, #26, .T. ) ;
#691 = PLANE ( 'NONE',  #159 ) ;
#692 = CARTESIAN_POINT ( 'NONE',  ( 10.49999999999999822, 32.34999999999998721, -198.8097944659891425 ) ) ;
#693 = EDGE_CURVE ( 'NONE', #479, #653, #226, .T. ) ;
#694 = ORIENTED_EDGE ( 'NONE', *, *, #524, .T. ) ;
#695 = ORIENTED_EDGE ( 'NONE', *, *, #1249, .F. ) ;
#696 = CARTESIAN_POINT ( 'NONE',  ( 15.00000000000000000, 31.94999999999999218, -169.8499999999999943 ) ) ;
#697 = CARTESIAN_POINT ( 'NONE',  ( -3.000000000000000000, 32.34999999999998721, -193.9023171778773360 ) ) ;
#698 = MECHANICAL_DESIGN_GEOMETRIC_PRESENTATION_REPRESENTATION (  '', ( #1168 ), #1875 ) ;
#699 = CARTESIAN_POINT ( 'NONE',  ( 9.499999999999998224, 28.59999999999999432, -198.8097944659891425 ) ) ;
#700 = CARTESIAN_POINT ( 'NONE',  ( 0.000000000000000000, 28.60000000000001563, -184.7000000000000171 ) ) ;
#701 = ORIENTED_EDGE ( 'NONE', *, *, #1085, .T. ) ;
#702 = DIRECTION ( 'NONE',  ( -5.204170427930416550E-15, 0.000000000000000000, 1.000000000000000000 ) ) ;
#703 = CARTESIAN_POINT ( 'NONE',  ( -7.000000000000011546, 32.34999999999998721, -182.7691734718055727 ) ) ;
#704 = VERTEX_POINT ( 'NONE', #199 ) ;
#705 = ORIENTED_EDGE ( 'NONE', *, *, #120, .T. ) ;
#706 = DIRECTION ( 'NONE',  ( 0.000000000000000000, 0.000000000000000000, 1.000000000000000000 ) ) ;
#707 = CARTESIAN_POINT ( 'NONE',  ( -3.249999999999999112, 32.34999999999998721, -192.3434135055487673 ) ) ;
#708 = AXIS2_PLACEMENT_3D ( 'NONE', #718, #1794, #1355 ) ;
#709 = CARTESIAN_POINT ( 'NONE',  ( 0.000000000000000000, 0.000000000000000000, -206.0000000000000284 ) ) ;
#710 = DIRECTION ( 'NONE',  ( -0.000000000000000000, -1.000000000000000000, -0.000000000000000000 ) ) ;
#711 = CARTESIAN_POINT ( 'NONE',  ( -6.750000000000000888, 32.34999999999998721, -180.9215946648821500 ) ) ;
#712 = CYLINDRICAL_SURFACE ( 'NONE', #1854, 0.5000000000000004441 ) ;
#713 = VECTOR ( 'NONE', #1815, 1000.000000000000000 ) ;
#714 = EDGE_CURVE ( 'NONE', #1198, #1950, #1955, .T. ) ;
#715 = AXIS2_PLACEMENT_3D ( 'NONE', #1508, #1800, #991 ) ;
#716 = ORIENTED_EDGE ( 'NONE', *, *, #1606, .F. ) ;
#717 = AXIS2_PLACEMENT_3D ( 'NONE', #43, #1159, #1788 ) ;
#718 = CARTESIAN_POINT ( 'NONE',  ( 0.000000000000000000, 0.000000000000000000, 0.000000000000000000 ) ) ;
#719 = ORIENTED_EDGE ( 'NONE', *, *, #742, .T. ) ;
#720 = AXIS2_PLACEMENT_3D ( 'NONE', #1732, #271, #1063 ) ;
#721 = PLANE ( 'NONE',  #1185 ) ;
#722 = LINE ( 'NONE', #707, #1822 ) ;
#723 = EDGE_CURVE ( 'NONE', #1390, #9, #1987, .T. ) ;
#724 = APPLICATION_CONTEXT ( 'automotive_design' ) ;
#725 = FACE_OUTER_BOUND ( 'NONE', #2080, .T. ) ;
#726 = LINE ( 'NONE', #1225, #206 ) ;
#727 = ORIENTED_EDGE ( 'NONE', *, *, #1577, .F. ) ;
#728 = EDGE_LOOP ( 'NONE', ( #1455, #662, #1394, #101 ) ) ;
#729 = CARTESIAN_POINT ( 'NONE',  ( -10.50000000000000178, 32.34999999999998721, -204.0000000000000284 ) ) ;
#730 = LINE ( 'NONE', #236, #641 ) ;
#731 = DIRECTION ( 'NONE',  ( -1.422676970268133259E-15, 0.000000000000000000, 1.000000000000000000 ) ) ;
#732 = VERTEX_POINT ( 'NONE', #211 ) ;
#733 = EDGE_CURVE ( 'NONE', #2070, #960, #722, .T. ) ;
#734 = SURFACE_SIDE_STYLE ('',( #2027 ) ) ;
#735 = CARTESIAN_POINT ( 'NONE',  ( 10.50000000000000000, 28.60000000000000142, -206.0000000000000284 ) ) ;
#736 = ORIENTED_EDGE ( 'NONE', *, *, #558, .T. ) ;
#737 = ORIENTED_EDGE ( 'NONE', *, *, #1333, .T. ) ;
#738 = DIRECTION ( 'NONE',  ( -0.4999999999999958367, 0.000000000000000000, -0.8660254037844411501 ) ) ;
#739 = DIRECTION ( 'NONE',  ( -5.204170427930416550E-15, 0.000000000000000000, 1.000000000000000000 ) ) ;
#740 = FACE_OUTER_BOUND ( 'NONE', #1410, .T. ) ;
#741 = ORIENTED_EDGE ( 'NONE', *, *, #1530, .F. ) ;
#742 = EDGE_CURVE ( 'NONE', #1092, #501, #1337, .T. ) ;
#743 = VECTOR ( 'NONE', #628, 1000.000000000000000 ) ;
#744 = CYLINDRICAL_SURFACE ( 'NONE', #1904, 0.5000000000000004441 ) ;
#745 = EDGE_CURVE ( 'NONE', #1226, #461, #1483, .T. ) ;
#746 = VERTEX_POINT ( 'NONE', #1676 ) ;
#747 = ORIENTED_EDGE ( 'NONE', *, *, #1144, .F. ) ;
#748 = CARTESIAN_POINT ( 'NONE',  ( 15.00000000000000000, 15.72975167815478947, -177.9188402321860565 ) ) ;
#749 = DIRECTION ( 'NONE',  ( 0.000000000000000000, 0.000000000000000000, 1.000000000000000000 ) ) ;
#750 = VECTOR ( 'NONE', #1427, 1000.000000000000000 ) ;
#751 = VECTOR ( 'NONE', #2028, 1000.000000000000000 ) ;
#752 = CARTESIAN_POINT ( 'NONE',  ( -9.999999999999998224, 28.59999999999999432, -197.9437690622046944 ) ) ;
#753 = VECTOR ( 'NONE', #566, 1000.000000000000000 ) ;
#754 = ORIENTED_EDGE ( 'NONE', *, *, #652, .T. ) ;
#755 = CIRCLE ( 'NONE', #277, 0.5000000000000004441 ) ;
#756 = CARTESIAN_POINT ( 'NONE',  ( 6.750000000000000888, 15.72975167815478947, -181.2716984339869839 ) ) ;
#757 = CARTESIAN_POINT ( 'NONE',  ( -10.03464853430846659, 15.74686150178497179, -130.9669715793910711 ) ) ;
#758 = ORIENTED_EDGE ( 'NONE', *, *, #651, .F. ) ;
#759 = ORIENTED_EDGE ( 'NONE', *, *, #652, .F. ) ;
#760 = DIRECTION ( 'NONE',  ( -0.000000000000000000, -1.000000000000000000, -0.000000000000000000 ) ) ;
#761 = DIRECTION ( 'NONE',  ( -0.4999999999999956701, 0.000000000000000000, 0.8660254037844411501 ) ) ;
#762 = FACE_OUTER_BOUND ( 'NONE', #1605, .T. ) ;
#763 = ORIENTED_EDGE ( 'NONE', *, *, #1773, .F. ) ;
#764 = CARTESIAN_POINT ( 'NONE',  ( 15.00000000000000000, 18.64686150178496860, -160.8169715793910655 ) ) ;
#765 = CARTESIAN_POINT ( 'NONE',  ( -10.05758150141408969, 15.77355623697230058, -131.2417432501985104 ) ) ;
#766 = ADVANCED_FACE ( 'NONE', ( #1346 ), #2002, .T. ) ;
#767 = LINE ( 'NONE', #103, #819 ) ;
#768 = CARTESIAN_POINT ( 'NONE',  ( 15.00000000000000000, 31.94999999999999218, -174.8867513459480847 ) ) ;
#769 = VECTOR ( 'NONE', #1712, 1000.000000000000000 ) ;
#770 = LINE ( 'NONE', #1873, #841 ) ;
#771 = VERTEX_POINT ( 'NONE', #1201 ) ;
#772 = VECTOR ( 'NONE', #1458, 1000.000000000000000 ) ;
#773 = FACE_OUTER_BOUND ( 'NONE', #1040, .T. ) ;
#774 = DIRECTION ( 'NONE',  ( 0.000000000000000000, 0.000000000000000000, 1.000000000000000000 ) ) ;
#775 = ORIENTED_EDGE ( 'NONE', *, *, #1881, .F. ) ;
#776 = FACE_OUTER_BOUND ( 'NONE', #1999, .T. ) ;
#777 = ORIENTED_EDGE ( 'NONE', *, *, #418, .F. ) ;
#778 = ADVANCED_FACE ( 'NONE', ( #1179 ), #527, .T. ) ;
#779 = CARTESIAN_POINT ( 'NONE',  ( 10.00000000000000000, 15.69999999999999929, 0.000000000000000000 ) ) ;
#780 = ORIENTED_EDGE ( 'NONE', *, *, #970, .T. ) ;
#781 = AXIS2_PLACEMENT_3D ( 'NONE', #831, #994, #59 ) ;
#782 = VERTEX_POINT ( 'NONE', #1035 ) ;
#783 = VECTOR ( 'NONE', #963, 1000.000000000000000 ) ;
#784 = EDGE_CURVE ( 'NONE', #1651, #2070, #1832, .T. ) ;
#785 = VECTOR ( 'NONE', #1034, 999.9999999999998863 ) ;
#786 = DIRECTION ( 'NONE',  ( 1.422676970268133259E-15, 0.000000000000000000, 1.000000000000000000 ) ) ;
#787 = CARTESIAN_POINT ( 'NONE',  ( 10.00000000000000000, 15.70091459368785181, -130.1352443613444620 ) ) ;
#788 = ORIENTED_EDGE ( 'NONE', *, *, #1454, .F. ) ;
#789 = CARTESIAN_POINT ( 'NONE',  ( -10.01160240013810032, 15.72003503637664501, -130.6908439957915675 ) ) ;
#790 = FACE_OUTER_BOUND ( 'NONE', #1422, .T. ) ;
#791 = EDGE_CURVE ( 'NONE', #479, #1665, #730, .T. ) ;
#792 = DIRECTION ( 'NONE',  ( -0.000000000000000000, -1.000000000000000000, -0.000000000000000000 ) ) ;
#793 = ORIENTED_EDGE ( 'NONE', *, *, #491, .T. ) ;
#794 = EDGE_LOOP ( 'NONE', ( #1218, #1714, #516, #1271 ) ) ;
#795 = DIRECTION ( 'NONE',  ( -0.000000000000000000, -1.000000000000000000, -0.000000000000000000 ) ) ;
#796 = LINE ( 'NONE', #934, #35 ) ;
#797 = VERTEX_POINT ( 'NONE', #1891 ) ;
#798 = CARTESIAN_POINT ( 'NONE',  ( -10.75000000000000533, 31.94999999999999218, -172.4330127018921814 ) ) ;
#799 = CARTESIAN_POINT ( 'NONE',  ( -3.578989928337170667, 32.34999999999998721, -192.2236709642606627 ) ) ;
#800 = CARTESIAN_POINT ( 'NONE',  ( 15.00000000000000000, 28.59999999999999432, -169.8499999999999943 ) ) ;
#801 = AXIS2_PLACEMENT_3D ( 'NONE', #1634, #1996, #1186 ) ;
#802 = VERTEX_POINT ( 'NONE', #117 ) ;
#803 = EDGE_CURVE ( 'NONE', #461, #971, #1717, .T. ) ;
#804 = ADVANCED_FACE ( 'NONE', ( #1697 ), #1080, .F. ) ;
#805 = DIRECTION ( 'NONE',  ( -0.000000000000000000, 1.000000000000000000, 1.084202172485504311E-16 ) ) ;
#806 = DIRECTION ( 'NONE',  ( 0.000000000000000000, 1.000000000000000000, 0.000000000000000000 ) ) ;
#807 = EDGE_CURVE ( 'NONE', #782, #666, #607, .T. ) ;
#808 = ORIENTED_EDGE ( 'NONE', *, *, #1000, .T. ) ;
#809 = LINE ( 'NONE', #1297, #601 ) ;
#810 = DIRECTION ( 'NONE',  ( 0.000000000000000000, 0.000000000000000000, -1.000000000000000000 ) ) ;
#811 = CARTESIAN_POINT ( 'NONE',  ( 13.00000000000000178, 32.34999999999998721, -186.8106253561329027 ) ) ;
#812 = ORIENTED_EDGE ( 'NONE', *, *, #2003, .T. ) ;
#813 = ORIENTED_EDGE ( 'NONE', *, *, #406, .T. ) ;
#814 = VECTOR ( 'NONE', #818, 1000.000000000000000 ) ;
#815 = EDGE_CURVE ( 'NONE', #1457, #683, #1880, .T. ) ;
#816 = AXIS2_PLACEMENT_3D ( 'NONE', #697, #353, #892 ) ;
#817 = CARTESIAN_POINT ( 'NONE',  ( 10.50000000000000178, 15.72975167815478947, -169.8499999999999943 ) ) ;
#818 = DIRECTION ( 'NONE',  ( 0.000000000000000000, 0.000000000000000000, 1.000000000000000000 ) ) ;
#819 = VECTOR ( 'NONE', #927, 1000.000000000000000 ) ;
#820 = ORIENTED_EDGE ( 'NONE', *, *, #932, .F. ) ;
#821 = DIRECTION ( 'NONE',  ( 0.000000000000000000, 0.000000000000000000, -1.000000000000000000 ) ) ;
#822 = ORIENTED_EDGE ( 'NONE', *, *, #1301, .F. ) ;
#823 = PLANE ( 'NONE',  #1272 ) ;
#824 = ORIENTED_EDGE ( 'NONE', *, *, #723, .T. ) ;
#825 = EDGE_CURVE ( 'NONE', #158, #479, #2009, .T. ) ;
#826 = LINE ( 'NONE', #1936, #1657 ) ;
#827 = DIRECTION ( 'NONE',  ( -0.000000000000000000, -1.000000000000000000, -0.000000000000000000 ) ) ;
#828 = VERTEX_POINT ( 'NONE', #899 ) ;
#829 = DIRECTION ( 'NONE',  ( -1.000000000000000000, -0.000000000000000000, -0.000000000000000000 ) ) ;
#830 = ADVANCED_FACE ( 'NONE', ( #1220 ), #433, .T. ) ;
#831 = CARTESIAN_POINT ( 'NONE',  ( 3.749999999999999112, 28.59999999999999432, -193.7579796105799517 ) ) ;
#832 = VERTEX_POINT ( 'NONE', #910 ) ;
#833 = ORIENTED_EDGE ( 'NONE', *, *, #256, .T. ) ;
#834 = VECTOR ( 'NONE', #1780, 1000.000000000000000 ) ;
#835 = EDGE_CURVE ( 'NONE', #1572, #1801, #2021, .T. ) ;
#836 = CARTESIAN_POINT ( 'NONE',  ( -7.078989928337173332, 28.59999999999999432, -180.8018521235940455 ) ) ;
#837 = LINE ( 'NONE', #1473, #542 ) ;
#838 = ORIENTED_EDGE ( 'NONE', *, *, #238, .F. ) ;
#839 = DIRECTION ( 'NONE',  ( 0.000000000000000000, -0.000000000000000000, 1.000000000000000000 ) ) ;
#840 = CARTESIAN_POINT ( 'NONE',  ( 7.000000000000011546, 32.34999999999998721, -182.7691734718055727 ) ) ;
#841 = VECTOR ( 'NONE', #579, 1000.000000000000000 ) ;
#842 = EDGE_LOOP ( 'NONE', ( #1841, #1966, #25 ) ) ;
#843 = EDGE_LOOP ( 'NONE', ( #1638, #564, #1097, #1444 ) ) ;
#844 = DIRECTION ( 'NONE',  ( -0.8660254037844411501, 0.000000000000000000, -0.4999999999999956701 ) ) ;
#845 = DIRECTION ( 'NONE',  ( 0.000000000000000000, 0.000000000000000000, 1.000000000000000000 ) ) ;
#846 = DIRECTION ( 'NONE',  ( 0.000000000000000000, -0.000000000000000000, 1.000000000000000000 ) ) ;
#847 = VECTOR ( 'NONE', #974, 1000.000000000000000 ) ;
#848 = DIRECTION ( 'NONE',  ( 0.000000000000000000, 0.000000000000000000, 1.000000000000000000 ) ) ;
#849 = EDGE_CURVE ( 'NONE', #1950, #1619, #1533, .T. ) ;
#850 = VECTOR ( 'NONE', #1668, 1000.000000000000000 ) ;
#851 = VECTOR ( 'NONE', #990, 1000.000000000000114 ) ;
#852 = ORIENTED_EDGE ( 'NONE', *, *, #849, .F. ) ;
#853 = AXIS2_PLACEMENT_3D ( 'NONE', #1899, #944, #496 ) ;
#854 = DIRECTION ( 'NONE',  ( 1.000000000000000000, 0.000000000000000000, -0.000000000000000000 ) ) ;
#855 = CARTESIAN_POINT ( 'NONE',  ( 7.250000000000000888, 28.59999999999999432, -182.3361607699133629 ) ) ;
#856 = EDGE_LOOP ( 'NONE', ( #569, #1124, #1898, #1640, #1611, #1401 ) ) ;
#857 = ORIENTED_EDGE ( 'NONE', *, *, #784, .F. ) ;
#858 = CARTESIAN_POINT ( 'NONE',  ( 10.50000000000000178, 28.59999999999999432, -169.8499999999999943 ) ) ;
#859 = CARTESIAN_POINT ( 'NONE',  ( 3.249999999999999112, 28.59999999999999432, -193.7579796105799517 ) ) ;
#860 = CARTESIAN_POINT ( 'NONE',  ( 10.49999999999999822, 15.72975167815478947, -171.9999999999999716 ) ) ;
#861 = CARTESIAN_POINT ( 'NONE',  ( 15.00000000000000000, 0.000000000000000000, -160.8169715793910655 ) ) ;
#862 = EDGE_LOOP ( 'NONE', ( #852, #1207, #1545, #127, #1774 ) ) ;
#863 = CARTESIAN_POINT ( 'NONE',  ( 0.000000000000000000, 17.10000000000001563, -186.3500000000000227 ) ) ;
#864 = LINE ( 'NONE', #100, #578 ) ;
#865 = ORIENTED_EDGE ( 'NONE', *, *, #714, .F. ) ;
#866 = ORIENTED_EDGE ( 'NONE', *, *, #1682, .F. ) ;
#867 = CARTESIAN_POINT ( 'NONE',  ( -3.249999999999999112, 32.34999999999998721, -192.6935172746536011 ) ) ;
#868 = DIRECTION ( 'NONE',  ( 0.000000000000000000, 0.000000000000000000, 1.000000000000000000 ) ) ;
#869 = PRODUCT_DEFINITION_SHAPE ( 'NONE', 'NONE',  #1838 ) ;
#870 = VECTOR ( 'NONE', #369, 1000.000000000000000 ) ;
#871 = EDGE_CURVE ( 'NONE', #908, #2029, #1620, .T. ) ;
#872 = DIRECTION ( 'NONE',  ( -0.4999999999999983347, 0.000000000000000000, -0.8660254037844395958 ) ) ;
#873 = DIRECTION ( 'NONE',  ( -1.000000000000000000, -0.000000000000000000, -0.000000000000000000 ) ) ;
#874 = CARTESIAN_POINT ( 'NONE',  ( -7.000000000000015099, 28.59999999999999432, -182.7691734718055727 ) ) ;
#875 = ADVANCED_FACE ( 'NONE', ( #1706 ), #1209, .F. ) ;
#876 = CARTESIAN_POINT ( 'NONE',  ( 15.00000000000000000, 28.59999999999999432, -177.9188402321860565 ) ) ;
#877 = EDGE_CURVE ( 'NONE', #409, #1816, #1083, .T. ) ;
#878 = ORIENTED_EDGE ( 'NONE', *, *, #1327, .T. ) ;
#879 = ORIENTED_EDGE ( 'NONE', *, *, #877, .F. ) ;
#880 = CARTESIAN_POINT ( 'NONE',  ( -13.00000000000000178, 28.59999999999999432, -186.8106253561329027 ) ) ;
#881 = DIRECTION ( 'NONE',  ( -0.000000000000000000, 1.000000000000000000, 9.130123557772665869E-17 ) ) ;
#882 = EDGE_CURVE ( 'NONE', #1142, #659, #276, .T. ) ;
#883 = EDGE_CURVE ( 'NONE', #1071, #183, #175, .T. ) ;
#884 = CYLINDRICAL_SURFACE ( 'NONE', #1015, 0.5000000000000004441 ) ;
#885 = CARTESIAN_POINT ( 'NONE',  ( 0.000000000000000000, 17.10000000000001563, -186.3500000000000227 ) ) ;
#886 = VECTOR ( 'NONE', #550, 1000.000000000000000 ) ;
#887 = ORIENTED_EDGE ( 'NONE', *, *, #791, .T. ) ;
#888 = VECTOR ( 'NONE', #2074, 1000.000000000000114 ) ;
#889 = ORIENTED_EDGE ( 'NONE', *, *, #658, .F. ) ;
#890 = DIRECTION ( 'NONE',  ( 0.000000000000000000, 9.130123557772658473E-17, -1.000000000000000000 ) ) ;
#891 = EDGE_CURVE ( 'NONE', #525, #1127, #1388, .T. ) ;
#892 = DIRECTION ( 'NONE',  ( 0.8660254037844395958, 0.000000000000000000, 0.4999999999999983347 ) ) ;
#893 = CIRCLE ( 'NONE', #853, 0.5000000000000004441 ) ;
#894 = CARTESIAN_POINT ( 'NONE',  ( -15.00000000000000000, -3.469446951953614189E-15, -160.8169715793910655 ) ) ;
#895 = CARTESIAN_POINT ( 'NONE',  ( 15.00000000000000000, 28.59999999999999432, -159.8499999999999943 ) ) ;
#896 = ORIENTED_EDGE ( 'NONE', *, *, #52, .F. ) ;
#897 = ORIENTED_EDGE ( 'NONE', *, *, #1547, .F. ) ;
#898 = DIRECTION ( 'NONE',  ( 0.000000000000000000, 0.000000000000000000, 1.000000000000000000 ) ) ;
#899 = CARTESIAN_POINT ( 'NONE',  ( 15.00000000000000000, 31.94999999999999218, -169.8499999999999943 ) ) ;
#900 = EDGE_CURVE ( 'NONE', #553, #1523, #400, .T. ) ;
#901 = DIRECTION ( 'NONE',  ( 0.000000000000000000, 0.000000000000000000, 1.000000000000000000 ) ) ;
#902 = VERTEX_POINT ( 'NONE', #1074 ) ;
#903 = ADVANCED_FACE ( 'NONE', ( #1365 ), #1054, .F. ) ;
#904 = VECTOR ( 'NONE', #146, 1000.000000000000114 ) ;
#905 = DIRECTION ( 'NONE',  ( 0.000000000000000000, 1.000000000000000000, 0.000000000000000000 ) ) ;
#906 = DIRECTION ( 'NONE',  ( 0.000000000000000000, -1.000000000000000000, 0.000000000000000000 ) ) ;
#907 = ORIENTED_EDGE ( 'NONE', *, *, #1864, .F. ) ;
#908 = VERTEX_POINT ( 'NONE', #2041 ) ;
#909 = CARTESIAN_POINT ( 'NONE',  ( -12.00000000000000000, 28.59999999999999432, -188.0944961832436491 ) ) ;
#910 = CARTESIAN_POINT ( 'NONE',  ( 3.500000000000011546, 32.34999999999998721, -194.1909923124721615 ) ) ;
#911 = CARTESIAN_POINT ( 'NONE',  ( -12.34202014332565334, 28.59999999999999432, -189.0341888040295544 ) ) ;
#912 = VERTEX_POINT ( 'NONE', #768 ) ;
#913 = FACE_OUTER_BOUND ( 'NONE', #1893, .T. ) ;
#914 = DIRECTION ( 'NONE',  ( 0.000000000000000000, -1.000000000000000000, 0.000000000000000000 ) ) ;
#915 = VERTEX_POINT ( 'NONE', #600 ) ;
#916 = ORIENTED_EDGE ( 'NONE', *, *, #83, .T. ) ;
#917 = LINE ( 'NONE', #2047, #1889 ) ;
#918 = CARTESIAN_POINT ( 'NONE',  ( -6.500000000000000000, 32.34999999999998721, -182.4804983372107472 ) ) ;
#919 = VECTOR ( 'NONE', #1736, 1000.000000000000000 ) ;
#920 = CIRCLE ( 'NONE', #677, 9.999999999999994671 ) ;
#921 = DIRECTION ( 'NONE',  ( 0.000000000000000000, 0.000000000000000000, -1.000000000000000000 ) ) ;
#922 = AXIS2_PLACEMENT_3D ( 'NONE', #548, #537, #1968 ) ;
#923 = ORIENTED_EDGE ( 'NONE', *, *, #287, .T. ) ;
#924 = CIRCLE ( 'NONE', #1786, 0.5000000000000004441 ) ;
#925 = CARTESIAN_POINT ( 'NONE',  ( -10.00000000000000000, -1.734723475976807094E-14, -7.030195139484961606E-16 ) ) ;
#926 = CARTESIAN_POINT ( 'NONE',  ( -3.750000000000000000, 15.72975167815478947, -192.6935172746536011 ) ) ;
#927 = DIRECTION ( 'NONE',  ( -0.000000000000000000, -1.000000000000000000, -0.000000000000000000 ) ) ;
#928 = DIRECTION ( 'NONE',  ( 0.000000000000000000, -1.000000000000000000, 0.000000000000000000 ) ) ;
#929 = DIRECTION ( 'NONE',  ( -4.604373675111090589E-16, 0.000000000000000000, 1.000000000000000000 ) ) ;
#930 = EDGE_LOOP ( 'NONE', ( #2059, #1450, #350, #865 ) ) ;
#931 = EDGE_CURVE ( 'NONE', #1971, #1439, #1311, .T. ) ;
#932 = EDGE_CURVE ( 'NONE', #732, #207, #1588, .T. ) ;
#933 = CARTESIAN_POINT ( 'NONE',  ( 15.00000000000000000, 28.59999999999999432, -202.0000000000000000 ) ) ;
#934 = CARTESIAN_POINT ( 'NONE',  ( 15.00000000000000000, 15.69999999999999574, -130.0000000000000000 ) ) ;
#935 = ORIENTED_EDGE ( 'NONE', *, *, #502, .T. ) ;
#936 = EDGE_CURVE ( 'NONE', #746, #82, #1009, .T. ) ;
#937 = FACE_OUTER_BOUND ( 'NONE', #371, .T. ) ;
#938 = DIRECTION ( 'NONE',  ( 0.000000000000000000, -1.000000000000000000, 0.000000000000000000 ) ) ;
#939 = ORIENTED_EDGE ( 'NONE', *, *, #1487, .T. ) ;
#940 = ADVANCED_FACE ( 'NONE', ( #352 ), #721, .T. ) ;
#941 = DIRECTION ( 'NONE',  ( 0.000000000000000000, -1.000000000000000000, 0.000000000000000000 ) ) ;
#942 = DIRECTION ( 'NONE',  ( -1.000000000000000000, -0.000000000000000000, -0.000000000000000000 ) ) ;
#943 = EDGE_LOOP ( 'NONE', ( #1155, #310, #361, #979 ) ) ;
#944 = DIRECTION ( 'NONE',  ( 0.000000000000000000, -1.000000000000000000, 0.000000000000000000 ) ) ;
#945 = VERTEX_POINT ( 'NONE', #1797 ) ;
#946 = DIRECTION ( 'NONE',  ( 0.000000000000000000, 9.130123557772658473E-17, -1.000000000000000000 ) ) ;
#947 = VECTOR ( 'NONE', #113, 1000.000000000000000 ) ;
#948 = ORIENTED_EDGE ( 'NONE', *, *, #568, .F. ) ;
#949 = ORIENTED_EDGE ( 'NONE', *, *, #336, .T. ) ;
#950 = VECTOR ( 'NONE', #1170, 1000.000000000000000 ) ;
#951 = AXIS2_PLACEMENT_3D ( 'NONE', #2064, #325, #1412 ) ;
#952 = CARTESIAN_POINT ( 'NONE',  ( 10.00000000000000000, 15.69999999999999929, -130.0000000000000000 ) ) ;
#953 = FACE_OUTER_BOUND ( 'NONE', #174, .T. ) ;
#954 = VERTEX_POINT ( 'NONE', #880 ) ;
#955 = LINE ( 'NONE', #1593, #560 ) ;
#956 = DIRECTION ( 'NONE',  ( -0.000000000000000000, 1.000000000000000000, 1.084202172485504311E-16 ) ) ;
#957 = DIRECTION ( 'NONE',  ( 0.000000000000000000, 0.000000000000000000, 1.000000000000000000 ) ) ;
#958 = EDGE_CURVE ( 'NONE', #832, #782, #2058, .T. ) ;
#959 = ADVANCED_FACE ( 'NONE', ( #671 ), #375, .T. ) ;
#960 = VERTEX_POINT ( 'NONE', #867 ) ;
#961 = ORIENTED_EDGE ( 'NONE', *, *, #651, .T. ) ;
#962 = EDGE_CURVE ( 'NONE', #1492, #771, #755, .T. ) ;
#963 = DIRECTION ( 'NONE',  ( 0.000000000000000000, 1.000000000000000000, 0.000000000000000000 ) ) ;
#964 = FACE_OUTER_BOUND ( 'NONE', #1206, .T. ) ;
#965 = EDGE_LOOP ( 'NONE', ( #1199, #582, #1769, #1744 ) ) ;
#966 = CARTESIAN_POINT ( 'NONE',  ( -6.750000000000000888, 32.34999999999998721, -181.2716984339869839 ) ) ;
#967 = CARTESIAN_POINT ( 'NONE',  ( -12.34202014332565334, 32.34999999999998721, -189.0341888040295544 ) ) ;
#968 = CARTESIAN_POINT ( 'NONE',  ( 3.578989928337170667, 32.34999999999998721, -192.2236709642606627 ) ) ;
#969 = AXIS2_PLACEMENT_3D ( 'NONE', #1307, #829, #1151 ) ;
#970 = EDGE_CURVE ( 'NONE', #659, #409, #1493, .T. ) ;
#971 = VERTEX_POINT ( 'NONE', #1479 ) ;
#972 = LINE ( 'NONE', #1263, #110 ) ;
#973 = AXIS2_PLACEMENT_3D ( 'NONE', #1933, #1923, #620 ) ;
#974 = DIRECTION ( 'NONE',  ( 0.8660254037844411501, 0.000000000000000000, -0.4999999999999958367 ) ) ;
#975 = ORIENTED_EDGE ( 'NONE', *, *, #192, .F. ) ;
#976 = CARTESIAN_POINT ( 'NONE',  ( 12.49999999999999822, 28.59999999999999432, -185.9445999523484545 ) ) ;
#977 = CARTESIAN_POINT ( 'NONE',  ( -15.00000000000000000, 32.34999999999998721, -177.9188402321860565 ) ) ;
#978 = DIRECTION ( 'NONE',  ( 0.000000000000000000, 0.000000000000000000, -1.000000000000000000 ) ) ;
#979 = ORIENTED_EDGE ( 'NONE', *, *, #2017, .F. ) ;
#980 = AXIS2_PLACEMENT_3D ( 'NONE', #55, #710, #848 ) ;
#981 = AXIS2_PLACEMENT_3D ( 'NONE', #1726, #1366, #1091 ) ;
#982 = EDGE_CURVE ( 'NONE', #145, #680, #39, .T. ) ;
#983 = CARTESIAN_POINT ( 'NONE',  ( -9.499999999999998224, 28.59999999999999432, -198.8097944659891425 ) ) ;
#984 = CARTESIAN_POINT ( 'NONE',  ( -3.500000000000011546, 28.59999999999999432, -194.1909923124721615 ) ) ;
#985 = VECTOR ( 'NONE', #1602, 1000.000000000000000 ) ;
#986 = ORIENTED_EDGE ( 'NONE', *, *, #386, .F. ) ;
#987 = DIRECTION ( 'NONE',  ( 1.000000000000000000, -0.000000000000000000, -0.000000000000000000 ) ) ;
#988 = ORIENTED_EDGE ( 'NONE', *, *, #1240, .F. ) ;
#989 = ORIENTED_EDGE ( 'NONE', *, *, #1481, .T. ) ;
#990 = DIRECTION ( 'NONE',  ( 0.8660254037844395958, 0.000000000000000000, -0.4999999999999983347 ) ) ;
#991 = DIRECTION ( 'NONE',  ( 0.000000000000000000, 0.000000000000000000, 1.000000000000000000 ) ) ;
#992 = EDGE_LOOP ( 'NONE', ( #32, #1848, #1076, #939, #1553, #298 ) ) ;
#993 = CARTESIAN_POINT ( 'NONE',  ( 0.000000000000000000, 28.60000000000001563, -186.3500000000000227 ) ) ;
#994 = DIRECTION ( 'NONE',  ( 0.000000000000000000, -1.000000000000000000, 0.000000000000000000 ) ) ;
#995 = ORIENTED_EDGE ( 'NONE', *, *, #1027, .F. ) ;
#996 = EDGE_LOOP ( 'NONE', ( #255, #788, #368, #535 ) ) ;
#997 = CARTESIAN_POINT ( 'NONE',  ( 6.500000000000000000, 28.59999999999999432, -182.4804983372107472 ) ) ;
#998 = FACE_OUTER_BOUND ( 'NONE', #398, .T. ) ;
#999 = VECTOR ( 'NONE', #987, 1000.000000000000000 ) ;
#1000 = EDGE_CURVE ( 'NONE', #828, #912, #1977, .T. ) ;
#1001 = CARTESIAN_POINT ( 'NONE',  ( 11.00000000000000000, 31.94999999999999218, -171.9999999999999716 ) ) ;
#1002 = CARTESIAN_POINT ( 'NONE',  ( 0.000000000000000000, 17.10000000000001563, -184.7000000000000171 ) ) ;
#1003 = EDGE_LOOP ( 'NONE', ( #484, #1513, #1531, #534, #1150 ) ) ;
#1004 = PLANE ( 'NONE',  #1506 ) ;
#1005 = CARTESIAN_POINT ( 'NONE',  ( 10.50000000000000000, 30.34999999999998721, -206.0000000000000284 ) ) ;
#1006 = VECTOR ( 'NONE', #424, 1000.000000000000000 ) ;
#1007 = ORIENTED_EDGE ( 'NONE', *, *, #1481, .F. ) ;
#1008 = ORIENTED_EDGE ( 'NONE', *, *, #849, .T. ) ;
#1009 = LINE ( 'NONE', #997, #785 ) ;
#1010 = CARTESIAN_POINT ( 'NONE',  ( -15.00000000000000000, 0.000000000000000000, -206.0000000000000284 ) ) ;
#1011 = DIRECTION ( 'NONE',  ( -0.000000000000000000, 1.000000000000000000, -0.000000000000000000 ) ) ;
#1012 = AXIS2_PLACEMENT_3D ( 'NONE', #170, #309, #297 ) ;
#1013 = CARTESIAN_POINT ( 'NONE',  ( 0.000000000000000000, 28.60000000000001563, -184.7000000000000171 ) ) ;
#1014 = VECTOR ( 'NONE', #1359, 1000.000000000000000 ) ;
#1015 = AXIS2_PLACEMENT_3D ( 'NONE', #112, #905, #1876 ) ;
#1016 = VERTEX_POINT ( 'NONE', #1818 ) ;
#1017 = AXIS2_PLACEMENT_3D ( 'NONE', #1879, #738, #399 ) ;
#1018 = DIRECTION ( 'NONE',  ( -0.000000000000000000, 1.000000000000000000, 1.084202172485504311E-16 ) ) ;
#1019 = DIRECTION ( 'NONE',  ( 0.000000000000000000, -1.000000000000000000, 0.000000000000000000 ) ) ;
#1020 = ORIENTED_EDGE ( 'NONE', *, *, #1027, .T. ) ;
#1021 = ORIENTED_EDGE ( 'NONE', *, *, #936, .T. ) ;
#1022 = CARTESIAN_POINT ( 'NONE',  ( -6.500000000000000000, 32.34999999999998721, -182.4804983372107472 ) ) ;
#1023 = DIRECTION ( 'NONE',  ( 0.000000000000000000, 0.000000000000000000, -1.000000000000000000 ) ) ;
#1024 = EDGE_CURVE ( 'NONE', #771, #1016, #1042, .T. ) ;
#1025 = ADVANCED_FACE ( 'NONE', ( #1652 ), #1504, .F. ) ;
#1026 = FACE_OUTER_BOUND ( 'NONE', #843, .T. ) ;
#1027 = EDGE_CURVE ( 'NONE', #797, #1874, #1958, .T. ) ;
#1028 = LINE ( 'NONE', #1812, #1081 ) ;
#1029 = DIRECTION ( 'NONE',  ( 0.000000000000000000, 1.000000000000000000, 0.000000000000000000 ) ) ;
#1030 = LINE ( 'NONE', #359, #713 ) ;
#1031 = EDGE_CURVE ( 'NONE', #1572, #2030, #378, .T. ) ;
#1032 = EDGE_LOOP ( 'NONE', ( #425, #1947, #451, #1930 ) ) ;
#1033 = VERTEX_POINT ( 'NONE', #1200 ) ;
#1034 = DIRECTION ( 'NONE',  ( 0.8660254037844411501, 0.000000000000000000, -0.4999999999999956701 ) ) ;
#1035 = CARTESIAN_POINT ( 'NONE',  ( 3.249999999999999112, 32.34999999999998721, -193.7579796105799517 ) ) ;
#1036 = EDGE_CURVE ( 'NONE', #508, #410, #1515, .T. ) ;
#1037 = DIRECTION ( 'NONE',  ( -1.000000000000000000, -0.000000000000000000, -0.000000000000000000 ) ) ;
#1038 = CARTESIAN_POINT ( 'NONE',  ( 13.00000000000000178, 28.59999999999999432, -188.0944961832436491 ) ) ;
#1039 = PLANE ( 'NONE',  #1884 ) ;
#1040 = EDGE_LOOP ( 'NONE', ( #304, #62, #670, #1165 ) ) ;
#1041 = ORIENTED_EDGE ( 'NONE', *, *, #1188, .T. ) ;
#1042 = LINE ( 'NONE', #1667, #645 ) ;
#1043 = CARTESIAN_POINT ( 'NONE',  ( -10.00000000000000000, 15.69999999999999929, 0.000000000000000000 ) ) ;
#1044 = VECTOR ( 'NONE', #135, 1000.000000000000000 ) ;
#1045 = ADVANCED_FACE ( 'NONE', ( #1842 ), #391, .F. ) ;
#1046 = CARTESIAN_POINT ( 'NONE',  ( -10.00000000000000000, -1.734723475976807094E-14, -7.030195139484961606E-16 ) ) ;
#1047 = DIRECTION ( 'NONE',  ( 0.000000000000000000, 1.000000000000000000, 0.000000000000000000 ) ) ;
#1048 = VECTOR ( 'NONE', #1476, 1000.000000000000000 ) ;
#1049 = AXIS2_PLACEMENT_3D ( 'NONE', #408, #1713, #2005 ) ;
#1050 = EDGE_LOOP ( 'NONE', ( #896, #208, #1313, #196, #1129, #597, #916, #866, #1464, #1060 ) ) ;
#1051 = VECTOR ( 'NONE', #1087, 1000.000000000000114 ) ;
#1052 = VERTEX_POINT ( 'NONE', #729 ) ;
#1053 = DIRECTION ( 'NONE',  ( -0.000000000000000000, 1.000000000000000000, -0.000000000000000000 ) ) ;
#1054 = PLANE ( 'NONE',  #1621 ) ;
#1055 = AXIS2_PLACEMENT_3D ( 'NONE', #1258, #2079, #1107 ) ;
#1056 = EDGE_CURVE ( 'NONE', #16, #971, #252, .T. ) ;
#1057 = LINE ( 'NONE', #894, #1006 ) ;
#1058 = ORIENTED_EDGE ( 'NONE', *, *, #1180, .F. ) ;
#1059 = DIRECTION ( 'NONE',  ( 0.000000000000000000, 0.000000000000000000, 1.000000000000000000 ) ) ;
#1060 = ORIENTED_EDGE ( 'NONE', *, *, #591, .F. ) ;
#1061 = ORIENTED_EDGE ( 'NONE', *, *, #883, .F. ) ;
#1062 = DIRECTION ( 'NONE',  ( 0.000000000000000000, 0.000000000000000000, -1.000000000000000000 ) ) ;
#1063 = DIRECTION ( 'NONE',  ( 0.000000000000000000, 0.000000000000000000, -1.000000000000000000 ) ) ;
#1064 = PLANE ( 'NONE',  #2046 ) ;
#1065 = ORIENTED_EDGE ( 'NONE', *, *, #181, .T. ) ;
#1066 = PRODUCT ( 'Inverter_new', 'Inverter_new', '', ( #1502 ) ) ;
#1067 = EDGE_CURVE ( 'NONE', #1775, #1252, #1397, .T. ) ;
#1068 = AXIS2_PLACEMENT_3D ( 'NONE', #660, #1940, #1139 ) ;
#1069 = FACE_OUTER_BOUND ( 'NONE', #1685, .T. ) ;
#1070 = CARTESIAN_POINT ( 'NONE',  ( 12.00000000000000000, 32.34999999999998721, -186.8106253561329027 ) ) ;
#1071 = VERTEX_POINT ( 'NONE', #2020 ) ;
#1072 = ORIENTED_EDGE ( 'NONE', *, *, #803, .F. ) ;
#1073 = CARTESIAN_POINT ( 'NONE',  ( -11.00000000000000000, 31.94999999999999218, -171.9999999999999716 ) ) ;
#1074 = CARTESIAN_POINT ( 'NONE',  ( -3.500000000000011546, 32.34999999999998721, -194.1909923124721615 ) ) ;
#1075 = LINE ( 'NONE', #1718, #1811 ) ;
#1076 = ORIENTED_EDGE ( 'NONE', *, *, #1707, .T. ) ;
#1077 = CARTESIAN_POINT ( 'NONE',  ( -10.75000000000000711, 28.59999999999999432, -172.4330127018921814 ) ) ;
#1078 = CARTESIAN_POINT ( 'NONE',  ( -7.250000000000000888, 28.59999999999999432, -181.2716984339869839 ) ) ;
#1079 = CARTESIAN_POINT ( 'NONE',  ( -12.00000000000000000, 32.34999999999998721, -186.8106253561329027 ) ) ;
#1080 = CYLINDRICAL_SURFACE ( 'NONE', #1552, 1.000000000000000888 ) ;
#1081 = VECTOR ( 'NONE', #191, 1000.000000000000000 ) ;
#1082 = CARTESIAN_POINT ( 'NONE',  ( 10.49999999999999822, 15.72975167815478947, -198.2324441967995483 ) ) ;
#1083 = CIRCLE ( 'NONE', #1991, 1.000000000000000888 ) ;
#1084 = ORIENTED_EDGE ( 'NONE', *, *, #2049, .T. ) ;
#1085 = EDGE_CURVE ( 'NONE', #603, #1920, #1373, .T. ) ;
#1086 = EDGE_CURVE ( 'NONE', #49, #960, #924, .T. ) ;
#1087 = DIRECTION ( 'NONE',  ( -0.1652026211639085751, -1.146323460903740674E-16, 0.9862596483485340793 ) ) ;
#1088 = CARTESIAN_POINT ( 'NONE',  ( 10.03464853430846482, 15.74686150178497179, -130.9669715793910711 ) ) ;
#1089 = DIRECTION ( 'NONE',  ( -1.000000000000000000, 0.000000000000000000, -0.000000000000000000 ) ) ;
#1090 = DIRECTION ( 'NONE',  ( 0.000000000000000000, 0.000000000000000000, -1.000000000000000000 ) ) ;
#1091 = DIRECTION ( 'NONE',  ( -0.000000000000000000, 0.000000000000000000, 1.000000000000000000 ) ) ;
#1092 = VERTEX_POINT ( 'NONE', #432 ) ;
#1093 = DIRECTION ( 'NONE',  ( -0.000000000000000000, 1.000000000000000000, -0.000000000000000000 ) ) ;
#1094 = CARTESIAN_POINT ( 'NONE',  ( -12.49999999999999822, 32.34999999999998721, -185.9445999523484545 ) ) ;
#1095 = ADVANCED_FACE ( 'EFI22', ( #411 ), #282, .F. ) ;
#1096 = AXIS2_PLACEMENT_3D ( 'NONE', #2067, #483, #821 ) ;
#1097 = ORIENTED_EDGE ( 'NONE', *, *, #936, .F. ) ;
#1098 = CARTESIAN_POINT ( 'NONE',  ( 6.750000000000000888, 32.34999999999998721, -181.2716984339869839 ) ) ;
#1099 = CARTESIAN_POINT ( 'NONE',  ( 15.00000000000000000, 0.000000000000000000, 0.000000000000000000 ) ) ;
#1100 = DIRECTION ( 'NONE',  ( 0.000000000000000000, 1.000000000000000000, 0.000000000000000000 ) ) ;
#1101 = ORIENTED_EDGE ( 'NONE', *, *, #1929, .F. ) ;
#1102 = AXIS2_PLACEMENT_3D ( 'NONE', #1526, #2042, #1237 ) ;
#1103 = CARTESIAN_POINT ( 'NONE',  ( 3.500000000000011546, 28.59999999999999432, -194.1909923124721615 ) ) ;
#1104 = CYLINDRICAL_SURFACE ( 'NONE', #275, 0.5000000000000004441 ) ;
#1105 = ADVANCED_FACE ( 'NONE', ( #937 ), #1716, .T. ) ;
#1106 = ORIENTED_EDGE ( 'NONE', *, *, #31, .T. ) ;
#1107 = DIRECTION ( 'NONE',  ( 0.9396926207859109814, 0.000000000000000000, 0.3420201433256614965 ) ) ;
#1108 = LINE ( 'NONE', #661, #372 ) ;
#1109 = DIRECTION ( 'NONE',  ( 0.000000000000000000, -1.000000000000000000, 0.000000000000000000 ) ) ;
#1110 = CIRCLE ( 'NONE', #1348, 1.650000000000012568 ) ;
#1111 = EDGE_LOOP ( 'NONE', ( #1354, #1749, #265, #1227 ) ) ;
#1112 = EDGE_CURVE ( 'NONE', #1498, #1302, #1406, .T. ) ;
#1113 = VECTOR ( 'NONE', #34, 1000.000000000000000 ) ;
#1114 = VECTOR ( 'NONE', #262, 1000.000000000000114 ) ;
#1115 = AXIS2_PLACEMENT_3D ( 'NONE', #1659, #228, #1799 ) ;
#1116 = VECTOR ( 'NONE', #421, 1000.000000000000000 ) ;
#1117 = CARTESIAN_POINT ( 'NONE',  ( -15.00000000000000000, -3.469446951953614189E-15, -160.8169715793910655 ) ) ;
#1118 = CYLINDRICAL_SURFACE ( 'NONE', #1720, 0.5000000000000004441 ) ;
#1119 = ORIENTED_EDGE ( 'NONE', *, *, #584, .F. ) ;
#1120 = DIRECTION ( 'NONE',  ( -0.9396926207859109814, 0.000000000000000000, 0.3420201433256614965 ) ) ;
#1121 = ORIENTED_EDGE ( 'NONE', *, *, #1158, .F. ) ;
#1122 = LINE ( 'NONE', #455, #498 ) ;
#1123 = ORIENTED_EDGE ( 'NONE', *, *, #333, .F. ) ;
#1124 = ORIENTED_EDGE ( 'NONE', *, *, #568, .T. ) ;
#1125 = CYLINDRICAL_SURFACE ( 'NONE', #377, 1.000000000000000888 ) ;
#1126 = CARTESIAN_POINT ( 'NONE',  ( 0.000000000000000000, 17.10000000000001563, -184.7000000000000171 ) ) ;
#1127 = VERTEX_POINT ( 'NONE', #1387 ) ;
#1128 = CARTESIAN_POINT ( 'NONE',  ( -9.999999999999994671, 15.70467962211077939, -130.4136059905011109 ) ) ;
#1129 = ORIENTED_EDGE ( 'NONE', *, *, #693, .T. ) ;
#1130 = CARTESIAN_POINT ( 'NONE',  ( 15.00000000000000000, 18.64686150178496504, -160.8169715793910655 ) ) ;
#1131 = CIRCLE ( 'NONE', #801, 2.000000000000001776 ) ;
#1132 = VERTEX_POINT ( 'NONE', #85 ) ;
#1133 = ORIENTED_EDGE ( 'NONE', *, *, #1369, .F. ) ;
#1134 = EDGE_CURVE ( 'NONE', #1052, #1540, #606, .T. ) ;
#1135 = CARTESIAN_POINT ( 'NONE',  ( 10.49999999999999822, 32.34999999999998721, -198.8097944659891425 ) ) ;
#1136 = VECTOR ( 'NONE', #1544, 1000.000000000000000 ) ;
#1137 = LINE ( 'NONE', #44, #1248 ) ;
#1138 = ORIENTED_EDGE ( 'NONE', *, *, #120, .F. ) ;
#1139 = DIRECTION ( 'NONE',  ( -0.9396926207859103153, 0.000000000000000000, 0.3420201433256633283 ) ) ;
#1140 = CARTESIAN_POINT ( 'NONE',  ( -15.00000000000000000, 32.34999999999998721, -177.3867513459480847 ) ) ;
#1141 = DIRECTION ( 'NONE',  ( 0.000000000000000000, 0.09669715793910717283, -0.9953138498215018393 ) ) ;
#1142 = VERTEX_POINT ( 'NONE', #270 ) ;
#1143 = AXIS2_PLACEMENT_3D ( 'NONE', #1603, #1613, #1594 ) ;
#1144 = EDGE_CURVE ( 'NONE', #1866, #525, #7, .T. ) ;
#1145 = VECTOR ( 'NONE', #1037, 1000.000000000000000 ) ;
#1146 = VECTOR ( 'NONE', #1644, 1000.000000000000000 ) ;
#1147 = DIRECTION ( 'NONE',  ( -0.000000000000000000, 1.000000000000000000, 0.000000000000000000 ) ) ;
#1148 = CARTESIAN_POINT ( 'NONE',  ( -10.13740351651465588, 15.82655554136347398, -131.7872705729835729 ) ) ;
#1149 = VECTOR ( 'NONE', #760, 1000.000000000000000 ) ;
#1150 = ORIENTED_EDGE ( 'NONE', *, *, #1175, .F. ) ;
#1151 = DIRECTION ( 'NONE',  ( 0.000000000000000000, 0.000000000000000000, -1.000000000000000000 ) ) ;
#1152 = DIRECTION ( 'NONE',  ( -1.000000000000000000, 0.000000000000000000, -0.000000000000000000 ) ) ;
#1153 = ADVANCED_FACE ( 'NONE', ( #1246 ), #1364, .F. ) ;
#1154 = ORIENTED_EDGE ( 'NONE', *, *, #443, .T. ) ;
#1155 = ORIENTED_EDGE ( 'NONE', *, *, #1571, .F. ) ;
#1156 = DIRECTION ( 'NONE',  ( 0.000000000000000000, 0.000000000000000000, -1.000000000000000000 ) ) ;
#1157 = DIRECTION ( 'NONE',  ( 0.000000000000000000, 1.000000000000000000, 0.000000000000000000 ) ) ;
#1158 = EDGE_CURVE ( 'NONE', #36, #1866, #767, .T. ) ;
#1159 = DIRECTION ( 'NONE',  ( -0.4999999999999956701, 0.000000000000000000, -0.8660254037844411501 ) ) ;
#1160 = LINE ( 'NONE', #1002, #1820 ) ;
#1161 = ORIENTED_EDGE ( 'NONE', *, *, #1609, .T. ) ;
#1162 = PLANE ( 'NONE',  #422 ) ;
#1163 = CARTESIAN_POINT ( 'NONE',  ( 9.499999999999998224, 15.72975167815478947, -198.8097944659891425 ) ) ;
#1164 = ORIENTED_EDGE ( 'NONE', *, *, #217, .F. ) ;
#1165 = ORIENTED_EDGE ( 'NONE', *, *, #1300, .T. ) ;
#1166 = DIRECTION ( 'NONE',  ( 1.000000000000000000, 0.000000000000000000, 0.000000000000000000 ) ) ;
#1167 = CARTESIAN_POINT ( 'NONE',  ( -3.500000000000008438, 32.34999999999998721, -194.1909923124721615 ) ) ;
#1168 = STYLED_ITEM ( 'NONE', ( #80 ), #1495 ) ;
#1169 = DIRECTION ( 'NONE',  ( 0.8660254037844411501, 0.000000000000000000, -0.4999999999999956701 ) ) ;
#1170 = DIRECTION ( 'NONE',  ( -1.422676970268133259E-15, 0.000000000000000000, 1.000000000000000000 ) ) ;
#1171 = ORIENTED_EDGE ( 'NONE', *, *, #1158, .T. ) ;
#1172 = LINE ( 'NONE', #230, #232 ) ;
#1173 = ADVANCED_FACE ( 'NONE', ( #2031 ), #1696, .F. ) ;
#1174 = FACE_OUTER_BOUND ( 'NONE', #794, .T. ) ;
#1175 = EDGE_CURVE ( 'NONE', #1259, #1016, #1351, .T. ) ;
#1176 = ORIENTED_EDGE ( 'NONE', *, *, #815, .F. ) ;
#1177 = ORIENTED_EDGE ( 'NONE', *, *, #69, .F. ) ;
#1178 = DIRECTION ( 'NONE',  ( 0.000000000000000000, 0.000000000000000000, -1.000000000000000000 ) ) ;
#1179 = FACE_OUTER_BOUND ( 'NONE', #57, .T. ) ;
#1180 = EDGE_CURVE ( 'NONE', #1127, #1816, #917, .T. ) ;
#1181 = LINE ( 'NONE', #379, #1751 ) ;
#1182 = CIRCLE ( 'NONE', #1783, 0.5000000000000004441 ) ;
#1183 = CARTESIAN_POINT ( 'NONE',  ( -7.250000000000000888, 15.72975167815478947, -182.3361607699133629 ) ) ;
#1184 = AXIS2_PLACEMENT_3D ( 'NONE', #1407, #1851, #94 ) ;
#1185 = AXIS2_PLACEMENT_3D ( 'NONE', #1954, #1986, #1358 ) ;
#1186 = DIRECTION ( 'NONE',  ( 8.673617379884027583E-16, 0.000000000000000000, 1.000000000000000000 ) ) ;
#1187 = DIRECTION ( 'NONE',  ( 0.000000000000000000, 0.000000000000000000, 1.000000000000000000 ) ) ;
#1188 = EDGE_CURVE ( 'NONE', #1965, #13, #565, .T. ) ;
#1189 = VERTEX_POINT ( 'NONE', #2040 ) ;
#1190 = ORIENTED_EDGE ( 'NONE', *, *, #742, .F. ) ;
#1191 = DIRECTION ( 'NONE',  ( 1.422676970268133259E-15, 0.000000000000000000, 1.000000000000000000 ) ) ;
#1192 = PLANE ( 'NONE',  #816 ) ;
#1193 = FACE_OUTER_BOUND ( 'NONE', #672, .T. ) ;
#1194 = CARTESIAN_POINT ( 'NONE',  ( 13.00000000000000178, 28.59999999999999432, -186.2332750869433085 ) ) ;
#1195 = DIRECTION ( 'NONE',  ( 0.000000000000000000, 0.000000000000000000, 1.000000000000000000 ) ) ;
#1196 = LINE ( 'NONE', #370, #37 ) ;
#1197 = EDGE_CURVE ( 'NONE', #1796, #802, #599, .T. ) ;
#1198 = VERTEX_POINT ( 'NONE', #1208 ) ;
#1199 = ORIENTED_EDGE ( 'NONE', *, *, #665, .F. ) ;
#1200 = CARTESIAN_POINT ( 'NONE',  ( 10.13740351651465410, -6.843551061595333475E-15, -131.7872705729835729 ) ) ;
#1201 = CARTESIAN_POINT ( 'NONE',  ( -10.49999999999999822, 28.59999999999999432, -171.9999999999999716 ) ) ;
#1202 = EDGE_CURVE ( 'NONE', #183, #1572, #462, .T. ) ;
#1203 = DIRECTION ( 'NONE',  ( 0.000000000000000000, 1.000000000000000000, 0.000000000000000000 ) ) ;
#1204 = CARTESIAN_POINT ( 'NONE',  ( -12.00000000000000000, 28.59999999999999432, -186.8106253561329027 ) ) ;
#1205 = ADVANCED_FACE ( 'NONE', ( #320 ), #341, .F. ) ;
#1206 = EDGE_LOOP ( 'NONE', ( #1785, #1694, #1576, #813, #302, #2000, #1961, #1592, #319, #430, #1084, #466, #384, #1020, #1813, #1560, #1853 ) ) ;
#1207 = ORIENTED_EDGE ( 'NONE', *, *, #1402, .T. ) ;
#1208 = CARTESIAN_POINT ( 'NONE',  ( -15.00000000000000000, 30.34999999999998721, -206.0000000000000284 ) ) ;
#1209 = PLANE ( 'NONE',  #1184 ) ;
#1210 = DIRECTION ( 'NONE',  ( -1.000000000000000000, 0.000000000000000000, 0.000000000000000000 ) ) ;
#1211 = ORIENTED_EDGE ( 'NONE', *, *, #1628, .F. ) ;
#1212 = VECTOR ( 'NONE', #143, 1000.000000000000000 ) ;
#1213 = DIRECTION ( 'NONE',  ( 0.000000000000000000, 0.000000000000000000, 1.000000000000000000 ) ) ;
#1214 = AXIS2_PLACEMENT_3D ( 'NONE', #1078, #914, #1380 ) ;
#1215 = AXIS2_PLACEMENT_3D ( 'NONE', #1505, #1494, #556 ) ;
#1216 = ORIENTED_EDGE ( 'NONE', *, *, #1459, .F. ) ;
#1217 = AXIS2_PLACEMENT_3D ( 'NONE', #1433, #1896, #1426 ) ;
#1218 = ORIENTED_EDGE ( 'NONE', *, *, #871, .F. ) ;
#1219 = DIRECTION ( 'NONE',  ( -0.000000000000000000, 1.000000000000000000, -0.000000000000000000 ) ) ;
#1220 = FACE_OUTER_BOUND ( 'NONE', #930, .T. ) ;
#1221 = EDGE_CURVE ( 'NONE', #1302, #1535, #133, .T. ) ;
#1222 = CYLINDRICAL_SURFACE ( 'NONE', #1921, 10.00000000000000888 ) ;
#1223 = ORIENTED_EDGE ( 'NONE', *, *, #181, .F. ) ;
#1224 = FACE_OUTER_BOUND ( 'NONE', #862, .T. ) ;
#1225 = CARTESIAN_POINT ( 'NONE',  ( 12.34202014332566044, 32.34999999999998721, -189.0341888040295544 ) ) ;
#1226 = VERTEX_POINT ( 'NONE', #1098 ) ;
#1227 = ORIENTED_EDGE ( 'NONE', *, *, #1303, .F. ) ;
#1228 = DIRECTION ( 'NONE',  ( 0.000000000000000000, 0.000000000000000000, -1.000000000000000000 ) ) ;
#1229 = CARTESIAN_POINT ( 'NONE',  ( -15.00000000000000000, 0.000000000000000000, 0.000000000000000000 ) ) ;
#1230 = LINE ( 'NONE', #1698, #237 ) ;
#1231 = ORIENTED_EDGE ( 'NONE', *, *, #1391, .T. ) ;
#1232 = DIRECTION ( 'NONE',  ( 0.000000000000000000, 0.000000000000000000, 1.000000000000000000 ) ) ;
#1233 = ORIENTED_EDGE ( 'NONE', *, *, #434, .T. ) ;
#1234 = CARTESIAN_POINT ( 'NONE',  ( -7.078989928337173332, 15.72975167815478947, -180.8018521235940455 ) ) ;
#1235 = DIRECTION ( 'NONE',  ( -8.673617379884027583E-16, 0.000000000000000000, 1.000000000000000000 ) ) ;
#1236 = ADVANCED_FACE ( 'NONE', ( #163 ), #1738, .T. ) ;
#1237 = DIRECTION ( 'NONE',  ( 0.000000000000000000, 0.000000000000000000, -1.000000000000000000 ) ) ;
#1238 = AXIS2_PLACEMENT_3D ( 'NONE', #1082, #1852, #929 ) ;
#1239 = ORIENTED_EDGE ( 'NONE', *, *, #1546, .F. ) ;
#1240 = EDGE_CURVE ( 'NONE', #603, #1651, #893, .T. ) ;
#1241 = EDGE_CURVE ( 'NONE', #49, #36, #453, .T. ) ;
#1242 = EDGE_CURVE ( 'NONE', #250, #82, #328, .T. ) ;
#1243 = CARTESIAN_POINT ( 'NONE',  ( 15.00000000000000000, 18.64686150178496504, -160.8169715793910655 ) ) ;
#1244 = CARTESIAN_POINT ( 'NONE',  ( -10.50000000000000000, 28.60000000000000142, -206.0000000000000284 ) ) ;
#1245 = CLOSED_SHELL ( 'NONE', ( #1205, #278, #959, #1425, #1105, #1916, #875, #15, #1894, #1470, #1610, #624, #1809, #1782, #486, #1622, #1095, #1689, #227, #2078, #1834, #1661, #1857, #1025, #1678, #1568, #1045, #2073, #903, #676, #1404, #1549, #1787, #1312, #1616, #1326, #182, #655, #349, #500, #1509, #1679, #1173, #1153, #1964, #1411, #1236, #423, #1561, #940, #452, #123, #1983, #426, #186, #804, #1845, #1463, #1399, #1833, #766, #1993, #830, #778 ) ) ;
#1246 = FACE_OUTER_BOUND ( 'NONE', #1957, .T. ) ;
#1247 = CARTESIAN_POINT ( 'NONE',  ( 10.00000000000000000, -1.734723475976807094E-14, -7.030195139484961606E-16 ) ) ;
#1248 = VECTOR ( 'NONE', #1980, 1000.000000000000000 ) ;
#1249 = EDGE_CURVE ( 'NONE', #16, #224, #1748, .T. ) ;
#1250 = AXIS2_PLACEMENT_3D ( 'NONE', #674, #1147, #846 ) ;
#1251 = CARTESIAN_POINT ( 'NONE',  ( 15.00000000000000000, 25.69999999999999929, -130.0000000000000000 ) ) ;
#1252 = VERTEX_POINT ( 'NONE', #1416 ) ;
#1253 = VECTOR ( 'NONE', #1219, 1000.000000000000000 ) ;
#1254 = EDGE_CURVE ( 'NONE', #242, #1704, #809, .T. ) ;
#1255 = DIRECTION ( 'NONE',  ( -1.000000000000000000, 0.000000000000000000, 1.422676970268133259E-15 ) ) ;
#1256 = LINE ( 'NONE', #1897, #1654 ) ;
#1257 = ORIENTED_EDGE ( 'NONE', *, *, #53, .F. ) ;
#1258 = CARTESIAN_POINT ( 'NONE',  ( 15.00000000000000000, 15.72975167815478947, -177.9188402321860565 ) ) ;
#1259 = VERTEX_POINT ( 'NONE', #798 ) ;
#1260 = CARTESIAN_POINT ( 'NONE',  ( -3.750000000000000000, 28.59999999999999432, -192.6935172746536011 ) ) ;
#1261 = VERTEX_POINT ( 'NONE', #299 ) ;
#1262 = EDGE_CURVE ( 'NONE', #828, #2063, #1582, .T. ) ;
#1263 = CARTESIAN_POINT ( 'NONE',  ( -15.00000000000000000, 32.34999999999998721, -174.8867513459480563 ) ) ;
#1264 = LINE ( 'NONE', #657, #640 ) ;
#1265 = CIRCLE ( 'NONE', #490, 10.00000000000000888 ) ;
#1266 = ORIENTED_EDGE ( 'NONE', *, *, #583, .T. ) ;
#1267 = EDGE_CURVE ( 'NONE', #84, #1321, #1756, .T. ) ;
#1268 = CARTESIAN_POINT ( 'NONE',  ( -10.00000000000000000, 15.70091459368785181, -130.1352443613444620 ) ) ;
#1269 = CARTESIAN_POINT ( 'NONE',  ( 13.00000000000000178, 28.59999999999999432, -188.0944961832436491 ) ) ;
#1270 = FACE_OUTER_BOUND ( 'NONE', #1762, .T. ) ;
#1271 = ORIENTED_EDGE ( 'NONE', *, *, #434, .F. ) ;
#1272 = AXIS2_PLACEMENT_3D ( 'NONE', #1130, #17, #1141 ) ;
#1273 = CARTESIAN_POINT ( 'NONE',  ( -10.50000000000000178, 15.72975167815478947, -169.8499999999999943 ) ) ;
#1274 = LINE ( 'NONE', #1287, #1482 ) ;
#1275 = ORIENTED_EDGE ( 'NONE', *, *, #1682, .T. ) ;
#1276 = DIRECTION ( 'NONE',  ( 0.000000000000000000, 1.000000000000000000, 0.000000000000000000 ) ) ;
#1277 = ORIENTED_EDGE ( 'NONE', *, *, #871, .T. ) ;
#1278 = DIRECTION ( 'NONE',  ( 0.000000000000000000, 0.000000000000000000, -1.000000000000000000 ) ) ;
#1279 = VECTOR ( 'NONE', #562, 1000.000000000000114 ) ;
#1280 = ORIENTED_EDGE ( 'NONE', *, *, #283, .T. ) ;
#1281 = AXIS2_PLACEMENT_3D ( 'NONE', #231, #1466, #1187 ) ;
#1282 = ORIENTED_EDGE ( 'NONE', *, *, #1144, .T. ) ;
#1283 = VECTOR ( 'NONE', #1090, 1000.000000000000000 ) ;
#1284 = CIRCLE ( 'NONE', #142, 1.649999999999984812 ) ;
#1285 = AXIS2_PLACEMENT_3D ( 'NONE', #63, #235, #706 ) ;
#1286 = CARTESIAN_POINT ( 'NONE',  ( -10.00000000000000000, -1.734723475976807094E-14, -7.030195139484961606E-16 ) ) ;
#1287 = CARTESIAN_POINT ( 'NONE',  ( 3.249999999999999112, 28.59999999999999432, -192.3434135055487673 ) ) ;
#1288 = ORIENTED_EDGE ( 'NONE', *, *, #494, .T. ) ;
#1289 = CARTESIAN_POINT ( 'NONE',  ( -13.00000000000000178, 32.34999999999998721, -188.7947037214533452 ) ) ;
#1290 = ORIENTED_EDGE ( 'NONE', *, *, #1938, .T. ) ;
#1291 = CARTESIAN_POINT ( 'NONE',  ( -10.49999999999999822, 28.59999999999999432, -198.2324441967995483 ) ) ;
#1292 = ORIENTED_EDGE ( 'NONE', *, *, #60, .F. ) ;
#1293 = ORIENTED_EDGE ( 'NONE', *, *, #1391, .F. ) ;
#1294 = DIRECTION ( 'NONE',  ( 0.9396926207859103153, 0.000000000000000000, 0.3420201433256633838 ) ) ;
#1295 = LINE ( 'NONE', #1914, #750 ) ;
#1296 = ORIENTED_EDGE ( 'NONE', *, *, #279, .T. ) ;
#1297 = CARTESIAN_POINT ( 'NONE',  ( 10.49999999999999822, 28.59999999999999432, -198.2324441967995483 ) ) ;
#1298 = LINE ( 'NONE', #321, #402 ) ;
#1299 =( LENGTH_UNIT ( ) NAMED_UNIT ( * ) SI_UNIT ( .MILLI., .METRE. ) );
#1300 = EDGE_CURVE ( 'NONE', #960, #1132, #618, .T. ) ;
#1301 = EDGE_CURVE ( 'NONE', #1414, #145, #1974, .T. ) ;
#1302 = VERTEX_POINT ( 'NONE', #1919 ) ;
#1303 = EDGE_CURVE ( 'NONE', #61, #49, #955, .T. ) ;
#1304 = CARTESIAN_POINT ( 'NONE',  ( 6.500000000000000000, 32.34999999999998721, -182.4804983372107472 ) ) ;
#1305 = CARTESIAN_POINT ( 'NONE',  ( 12.34202014332565334, 28.59999999999999432, -189.0341888040295544 ) ) ;
#1306 = ORIENTED_EDGE ( 'NONE', *, *, #883, .T. ) ;
#1307 = CARTESIAN_POINT ( 'NONE',  ( 15.00000000000000000, 28.59999999999999432, -159.8499999999999943 ) ) ;
#1308 = CARTESIAN_POINT ( 'NONE',  ( 10.00000000000000000, 31.94999999999999218, -171.9999999999999716 ) ) ;
#1309 = ORIENTED_EDGE ( 'NONE', *, *, #2033, .F. ) ;
#1310 = ORIENTED_EDGE ( 'NONE', *, *, #931, .F. ) ;
#1311 = LINE ( 'NONE', #858, #512 ) ;
#1312 = ADVANCED_FACE ( 'NONE', ( #776 ), #1438, .F. ) ;
#1313 = ORIENTED_EDGE ( 'NONE', *, *, #2033, .T. ) ;
#1314 = CIRCLE ( 'NONE', #1012, 1.000000000000000888 ) ;
#1315 = AXIS2_PLACEMENT_3D ( 'NONE', #11, #941, #458 ) ;
#1316 = CARTESIAN_POINT ( 'NONE',  ( 13.00000000000000178, 32.34999999999998721, -188.7947037214533452 ) ) ;
#1317 = LINE ( 'NONE', #1826, #950 ) ;
#1318 = VERTEX_POINT ( 'NONE', #966 ) ;
#1319 = CARTESIAN_POINT ( 'NONE',  ( 6.750000000000000888, 15.72975167815478947, -180.9215946648821500 ) ) ;
#1320 = FACE_OUTER_BOUND ( 'NONE', #639, .T. ) ;
#1321 = VERTEX_POINT ( 'NONE', #173 ) ;
#1322 = APPLICATION_PROTOCOL_DEFINITION ( 'draft international standard', 'automotive_design', 1998, #431 ) ;
#1323 = ORIENTED_EDGE ( 'NONE', *, *, #69, .T. ) ;
#1324 = CARTESIAN_POINT ( 'NONE',  ( 15.00000000000000000, -3.469446951953614189E-15, -160.8169715793910655 ) ) ;
#1325 = DIRECTION ( 'NONE',  ( -1.000000000000000000, -0.000000000000000000, -0.000000000000000000 ) ) ;
#1326 = ADVANCED_FACE ( 'NONE', ( #1456 ), #14, .F. ) ;
#1327 = EDGE_CURVE ( 'NONE', #2063, #1523, #2010, .T. ) ;
#1328 = CARTESIAN_POINT ( 'NONE',  ( 3.000000000000000000, 28.59999999999999432, -193.9023171778773360 ) ) ;
#1329 = DIRECTION ( 'NONE',  ( -0.000000000000000000, 1.000000000000000000, 1.084202172485504311E-16 ) ) ;
#1330 = ORIENTED_EDGE ( 'NONE', *, *, #394, .T. ) ;
#1331 = CARTESIAN_POINT ( 'NONE',  ( -10.13740351651465410, 15.74686150178496824, -131.7872705729835729 ) ) ;
#1332 = CARTESIAN_POINT ( 'NONE',  ( -6.750000000000000888, 28.59999999999999432, -182.3361607699133629 ) ) ;
#1333 = EDGE_CURVE ( 'NONE', #1629, #945, #1265, .T. ) ;
#1334 = ORIENTED_EDGE ( 'NONE', *, *, #1530, .T. ) ;
#1335 = ORIENTED_EDGE ( 'NONE', *, *, #336, .F. ) ;
#1336 = CARTESIAN_POINT ( 'NONE',  ( -6.750000000000000888, 28.59999999999999432, -180.9215946648821500 ) ) ;
#1337 = LINE ( 'NONE', #1043, #546 ) ;
#1338 = DIRECTION ( 'NONE',  ( -0.000000000000000000, 1.000000000000000000, -0.000000000000000000 ) ) ;
#1339 = LINE ( 'NONE', #1462, #886 ) ;
#1340 = EDGE_LOOP ( 'NONE', ( #1335, #741, #1119, #1674 ) ) ;
#1341 = CARTESIAN_POINT ( 'NONE',  ( -9.499999999999998224, 32.34999999999998721, -198.8097944659891425 ) ) ;
#1342 = CARTESIAN_POINT ( 'NONE',  ( 6.750000000000000888, 32.34999999999998721, -180.9215946648821500 ) ) ;
#1343 = EDGE_LOOP ( 'NONE', ( #1830, #1734, #1491, #808, #617 ) ) ;
#1344 = VERTEX_POINT ( 'NONE', #1837 ) ;
#1345 = CARTESIAN_POINT ( 'NONE',  ( 15.00000000000000000, 30.34999999999998721, -204.0000000000000284 ) ) ;
#1346 = FACE_OUTER_BOUND ( 'NONE', #1343, .T. ) ;
#1347 = DIRECTION ( 'NONE',  ( 0.000000000000000000, 0.000000000000000000, -1.000000000000000000 ) ) ;
#1348 = AXIS2_PLACEMENT_3D ( 'NONE', #664, #1329, #367 ) ;
#1349 = DIRECTION ( 'NONE',  ( -0.000000000000000000, 1.000000000000000000, 1.084202172485504311E-16 ) ) ;
#1350 = AXIS2_PLACEMENT_3D ( 'NONE', #2048, #1558, #1235 ) ;
#1351 = CIRCLE ( 'NONE', #2026, 0.5000000000000004441 ) ;
#1352 = CARTESIAN_POINT ( 'NONE',  ( -10.00000000000000000, 25.69999999999999929, -130.0000000000000000 ) ) ;
#1353 = CARTESIAN_POINT ( 'NONE',  ( 7.078989928337173332, 15.72975167815478947, -180.8018521235940455 ) ) ;
#1354 = ORIENTED_EDGE ( 'NONE', *, *, #1988, .F. ) ;
#1355 = DIRECTION ( 'NONE',  ( 1.000000000000000000, 0.000000000000000000, 0.000000000000000000 ) ) ;
#1356 = EDGE_CURVE ( 'NONE', #501, #1321, #528, .T. ) ;
#1357 = ORIENTED_EDGE ( 'NONE', *, *, #2017, .T. ) ;
#1358 = DIRECTION ( 'NONE',  ( 0.000000000000000000, 0.000000000000000000, 1.000000000000000000 ) ) ;
#1359 = DIRECTION ( 'NONE',  ( 1.000000000000000000, -0.000000000000000000, 0.000000000000000000 ) ) ;
#1360 = LINE ( 'NONE', #925, #1856 ) ;
#1361 = CARTESIAN_POINT ( 'NONE',  ( 10.75000000000000533, 31.94999999999999218, -172.4330127018921814 ) ) ;
#1362 = ORIENTED_EDGE ( 'NONE', *, *, #1241, .T. ) ;
#1363 = ORIENTED_EDGE ( 'NONE', *, *, #594, .F. ) ;
#1364 = CYLINDRICAL_SURFACE ( 'NONE', #1423, 1.000000000000000888 ) ;
#1365 = FACE_OUTER_BOUND ( 'NONE', #323, .T. ) ;
#1366 = DIRECTION ( 'NONE',  ( -1.000000000000000000, 0.000000000000000000, -0.000000000000000000 ) ) ;
#1367 = EDGE_LOOP ( 'NONE', ( #1292, #1290, #1428, #1176, #1468, #373, #563, #520, #1976, #222, #824 ) ) ;
#1368 = VECTOR ( 'NONE', #1029, 1000.000000000000000 ) ;
#1369 = EDGE_CURVE ( 'NONE', #523, #828, #1948, .T. ) ;
#1370 = CYLINDRICAL_SURFACE ( 'NONE', #612, 10.00000000000000888 ) ;
#1371 = ORIENTED_EDGE ( 'NONE', *, *, #2052, .F. ) ;
#1372 = ORIENTED_EDGE ( 'NONE', *, *, #1767, .T. ) ;
#1373 = LINE ( 'NONE', #420, #1824 ) ;
#1374 = CARTESIAN_POINT ( 'NONE',  ( 12.00000000000000000, 15.72975167815478947, -188.0944961832436491 ) ) ;
#1375 = AXIS2_PLACEMENT_3D ( 'NONE', #330, #1109, #1278 ) ;
#1376 = PLANE ( 'NONE',  #460 ) ;
#1377 = ORIENTED_EDGE ( 'NONE', *, *, #1420, .T. ) ;
#1378 = VECTOR ( 'NONE', #1887, 1000.000000000000000 ) ;
#1379 = CARTESIAN_POINT ( 'NONE',  ( -15.00000000000000000, 31.94999999999999218, -169.8499999999999943 ) ) ;
#1380 = DIRECTION ( 'NONE',  ( 0.000000000000000000, 0.000000000000000000, -1.000000000000000000 ) ) ;
#1381 = VECTOR ( 'NONE', #205, 1000.000000000000000 ) ;
#1382 = VECTOR ( 'NONE', #412, 1000.000000000000000 ) ;
#1383 = ORIENTED_EDGE ( 'NONE', *, *, #1707, .F. ) ;
#1384 = AXIS2_PLACEMENT_3D ( 'NONE', #216, #872, #1507 ) ;
#1385 = VECTOR ( 'NONE', #1731, 1000.000000000000000 ) ;
#1386 = ORIENTED_EDGE ( 'NONE', *, *, #900, .T. ) ;
#1387 = CARTESIAN_POINT ( 'NONE',  ( -13.00000000000000178, 32.34999999999998721, -188.0944961832436491 ) ) ;
#1388 = LINE ( 'NONE', #2032, #439 ) ;
#1389 = CARTESIAN_POINT ( 'NONE',  ( 10.49999999999999822, 32.34999999999998721, -198.2324441967995483 ) ) ;
#1390 = VERTEX_POINT ( 'NONE', #58 ) ;
#1391 = EDGE_CURVE ( 'NONE', #1127, #36, #1636, .T. ) ;
#1392 = DIRECTION ( 'NONE',  ( 0.9396926207859103153, 0.000000000000000000, 0.3420201433256633283 ) ) ;
#1393 = FACE_OUTER_BOUND ( 'NONE', #856, .T. ) ;
#1394 = ORIENTED_EDGE ( 'NONE', *, *, #1395, .F. ) ;
#1395 = EDGE_CURVE ( 'NONE', #1424, #1540, #1536, .T. ) ;
#1396 = ORIENTED_EDGE ( 'NONE', *, *, #1761, .T. ) ;
#1397 = LINE ( 'NONE', #1724, #1723 ) ;
#1398 = DIRECTION ( 'NONE',  ( 0.8660254037844411501, 0.000000000000000000, 0.4999999999999956701 ) ) ;
#1399 = ADVANCED_FACE ( 'NONE', ( #347 ), #1791, .F. ) ;
#1400 = DIRECTION ( 'NONE',  ( -1.000000000000000000, 0.000000000000000000, -1.422676970268133259E-15 ) ) ;
#1401 = ORIENTED_EDGE ( 'NONE', *, *, #1327, .F. ) ;
#1402 = EDGE_CURVE ( 'NONE', #1950, #1052, #1131, .T. ) ;
#1403 = AXIS2_PLACEMENT_3D ( 'NONE', #155, #636, #1120 ) ;
#1404 = ADVANCED_FACE ( 'NONE', ( #46 ), #1004, .T. ) ;
#1405 = DIRECTION ( 'NONE',  ( -0.000000000000000000, 1.000000000000000000, -0.000000000000000000 ) ) ;
#1406 = LINE ( 'NONE', #575, #111 ) ;
#1407 = CARTESIAN_POINT ( 'NONE',  ( -15.00000000000000000, 32.34999999999998721, -169.8499999999999943 ) ) ;
#1408 = DIRECTION ( 'NONE',  ( 0.000000000000000000, 0.000000000000000000, 1.000000000000000000 ) ) ;
#1409 = CIRCLE ( 'NONE', #1543, 2.000000000000001776 ) ;
#1410 = EDGE_LOOP ( 'NONE', ( #203, #1709, #291, #1371, #1417 ) ) ;
#1411 = ADVANCED_FACE ( 'NONE', ( #1626 ), #691, .T. ) ;
#1412 = DIRECTION ( 'NONE',  ( -1.387778780781444413E-14, 0.000000000000000000, -1.000000000000000000 ) ) ;
#1413 = LINE ( 'NONE', #1599, #919 ) ;
#1414 = VERTEX_POINT ( 'NONE', #874 ) ;
#1415 = VECTOR ( 'NONE', #382, 1000.000000000000000 ) ;
#1416 = CARTESIAN_POINT ( 'NONE',  ( 2.020667218593130043E-16, 17.10000000000001563, -188.0000000000000000 ) ) ;
#1417 = ORIENTED_EDGE ( 'NONE', *, *, #791, .F. ) ;
#1418 = CIRCLE ( 'NONE', #1049, 1.000000000000000888 ) ;
#1419 = CIRCLE ( 'NONE', #1618, 0.5000000000000004441 ) ;
#1420 = EDGE_CURVE ( 'NONE', #1673, #832, #33, .T. ) ;
#1421 = DIRECTION ( 'NONE',  ( -0.000000000000000000, 1.000000000000000000, 0.000000000000000000 ) ) ;
#1422 = EDGE_LOOP ( 'NONE', ( #478, #812, #1715, #716 ) ) ;
#1423 = AXIS2_PLACEMENT_3D ( 'NONE', #1079, #2008, #1890 ) ;
#1424 = VERTEX_POINT ( 'NONE', #1827 ) ;
#1425 = ADVANCED_FACE ( 'NONE', ( #204 ), #1162, .T. ) ;
#1426 = DIRECTION ( 'NONE',  ( -0.000000000000000000, 0.000000000000000000, 1.000000000000000000 ) ) ;
#1427 = DIRECTION ( 'NONE',  ( -1.422676970268133259E-15, 0.000000000000000000, -1.000000000000000000 ) ) ;
#1428 = ORIENTED_EDGE ( 'NONE', *, *, #26, .F. ) ;
#1429 = DIRECTION ( 'NONE',  ( -0.000000000000000000, -1.000000000000000000, -0.000000000000000000 ) ) ;
#1430 = CARTESIAN_POINT ( 'NONE',  ( 15.00000000000000000, 28.59999999999999432, -177.9188402321860565 ) ) ;
#1431 = EDGE_LOOP ( 'NONE', ( #10, #737, #1154, #1633, #2035, #1907 ) ) ;
#1432 = ORIENTED_EDGE ( 'NONE', *, *, #723, .F. ) ;
#1433 = CARTESIAN_POINT ( 'NONE',  ( -3.249999999999999112, 15.72975167815478947, -192.3434135055487673 ) ) ;
#1434 = CARTESIAN_POINT ( 'NONE',  ( 10.01160240013810032, 15.72003503637664856, -130.6908439957915675 ) ) ;
#1435 = VECTOR ( 'NONE', #1429, 1000.000000000000000 ) ;
#1436 = EDGE_CURVE ( 'NONE', #1261, #508, #1663, .T. ) ;
#1437 = EDGE_LOOP ( 'NONE', ( #701, #389, #1223, #1975 ) ) ;
#1438 = PLANE ( 'NONE',  #1403 ) ;
#1439 = VERTEX_POINT ( 'NONE', #532 ) ;
#1440 = CARTESIAN_POINT ( 'NONE',  ( -3.249999999999999112, 32.34999999999998721, -193.7579796105799517 ) ) ;
#1441 = VERTEX_POINT ( 'NONE', #381 ) ;
#1442 = FACE_OUTER_BOUND ( 'NONE', #1779, .T. ) ;
#1443 = DIRECTION ( 'NONE',  ( 0.000000000000000000, 0.000000000000000000, 1.000000000000000000 ) ) ;
#1444 = ORIENTED_EDGE ( 'NONE', *, *, #128, .T. ) ;
#1445 = CARTESIAN_POINT ( 'NONE',  ( 15.00000000000000000, 28.59999999999999432, -202.0000000000000000 ) ) ;
#1446 = LINE ( 'NONE', #1932, #337 ) ;
#1447 = LINE ( 'NONE', #779, #743 ) ;
#1448 = AXIS2_PLACEMENT_3D ( 'NONE', #1204, #1405, #1859 ) ;
#1449 = ORIENTED_EDGE ( 'NONE', *, *, #877, .T. ) ;
#1450 = ORIENTED_EDGE ( 'NONE', *, *, #1895, .F. ) ;
#1451 = AXIS2_PLACEMENT_3D ( 'NONE', #909, #1053, #1541 ) ;
#1452 = DIRECTION ( 'NONE',  ( 0.000000000000000000, -0.000000000000000000, -1.000000000000000000 ) ) ;
#1453 = CARTESIAN_POINT ( 'NONE',  ( 7.250000000000000888, 15.72975167815478947, -181.2716984339869839 ) ) ;
#1454 = EDGE_CURVE ( 'NONE', #1318, #680, #1172, .T. ) ;
#1455 = ORIENTED_EDGE ( 'NONE', *, *, #1742, .F. ) ;
#1456 = FACE_OUTER_BOUND ( 'NONE', #45, .T. ) ;
#1457 = VERTEX_POINT ( 'NONE', #70 ) ;
#1458 = DIRECTION ( 'NONE',  ( 0.000000000000000000, 1.000000000000000000, 9.130123557772668334E-17 ) ) ;
#1459 = EDGE_CURVE ( 'NONE', #1142, #1318, #1814, .T. ) ;
#1460 = ORIENTED_EDGE ( 'NONE', *, *, #557, .T. ) ;
#1461 = DIRECTION ( 'NONE',  ( 0.000000000000000000, 0.000000000000000000, -1.000000000000000000 ) ) ;
#1462 = CARTESIAN_POINT ( 'NONE',  ( -10.50000000000000178, 31.94999999999999218, -169.8499999999999943 ) ) ;
#1463 = ADVANCED_FACE ( 'NONE', ( #220 ), #456, .F. ) ;
#1464 = ORIENTED_EDGE ( 'NONE', *, *, #815, .T. ) ;
#1465 = DIRECTION ( 'NONE',  ( 1.000000000000000000, -0.000000000000000000, 0.000000000000000000 ) ) ;
#1466 = DIRECTION ( 'NONE',  ( 0.000000000000000000, 1.000000000000000000, 0.000000000000000000 ) ) ;
#1467 = VERTEX_POINT ( 'NONE', #1527 ) ;
#1468 = ORIENTED_EDGE ( 'NONE', *, *, #1881, .T. ) ;
#1469 = ORIENTED_EDGE ( 'NONE', *, *, #1267, .F. ) ;
#1470 = ADVANCED_FACE ( 'NONE', ( #725 ), #744, .T. ) ;
#1471 = DIRECTION ( 'NONE',  ( 0.1652026211639085751, -1.146323460903740674E-16, 0.9862596483485340793 ) ) ;
#1472 = CIRCLE ( 'NONE', #97, 0.5000000000000004441 ) ;
#1473 = CARTESIAN_POINT ( 'NONE',  ( 6.750000000000000888, 15.72975167815478947, -182.3361607699133629 ) ) ;
#1474 = ORIENTED_EDGE ( 'NONE', *, *, #1703, .F. ) ;
#1475 = DIRECTION ( 'NONE',  ( -1.000000000000000000, 0.000000000000000000, 0.000000000000000000 ) ) ;
#1476 = DIRECTION ( 'NONE',  ( 0.8660254037844411501, 0.000000000000000000, -0.4999999999999958367 ) ) ;
#1477 = ORIENTED_EDGE ( 'NONE', *, *, #489, .T. ) ;
#1478 = ORIENTED_EDGE ( 'NONE', *, *, #931, .T. ) ;
#1479 = CARTESIAN_POINT ( 'NONE',  ( 15.00000000000000000, 32.34999999999998721, -177.9188402321860565 ) ) ;
#1480 = CARTESIAN_POINT ( 'NONE',  ( 0.000000000000000000, 30.34999999999998721, -204.0000000000000284 ) ) ;
#1481 = EDGE_CURVE ( 'NONE', #207, #1033, #428, .T. ) ;
#1482 = VECTOR ( 'NONE', #472, 1000.000000000000000 ) ;
#1483 = CIRCLE ( 'NONE', #1656, 0.5000000000000004441 ) ;
#1484 = AXIS2_PLACEMENT_3D ( 'NONE', #699, #1011, #1496 ) ;
#1485 = LINE ( 'NONE', #1328, #851 ) ;
#1486 = CYLINDRICAL_SURFACE ( 'NONE', #2054, 0.5000000000000004441 ) ;
#1487 = EDGE_CURVE ( 'NONE', #1523, #410, #2015, .T. ) ;
#1488 = ORIENTED_EDGE ( 'NONE', *, *, #52, .T. ) ;
#1489 = DIRECTION ( 'NONE',  ( 0.000000000000000000, 0.000000000000000000, 1.000000000000000000 ) ) ;
#1490 = LINE ( 'NONE', #840, #1113 ) ;
#1491 = ORIENTED_EDGE ( 'NONE', *, *, #1369, .T. ) ;
#1492 = VERTEX_POINT ( 'NONE', #1077 ) ;
#1493 = LINE ( 'NONE', #1022, #1992 ) ;
#1494 = DIRECTION ( 'NONE',  ( 0.000000000000000000, 1.000000000000000000, 0.000000000000000000 ) ) ;
#1495 = MANIFOLD_SOLID_BREP ( 'Fillet3', #1245 ) ;
#1496 = DIRECTION ( 'NONE',  ( -1.214306433183763862E-14, 0.000000000000000000, -1.000000000000000000 ) ) ;
#1497 = DIRECTION ( 'NONE',  ( -0.9396926207859109814, 0.000000000000000000, 0.3420201433256614965 ) ) ;
#1498 = VERTEX_POINT ( 'NONE', #1379 ) ;
#1499 = DIRECTION ( 'NONE',  ( 0.000000000000000000, 0.000000000000000000, 1.000000000000000000 ) ) ;
#1500 = CARTESIAN_POINT ( 'NONE',  ( 12.49999999999999822, 28.59999999999999432, -185.9445999523484545 ) ) ;
#1501 = ORIENTED_EDGE ( 'NONE', *, *, #646, .F. ) ;
#1502 = PRODUCT_CONTEXT ( 'NONE', #431, 'mechanical' ) ;
#1503 = ORIENTED_EDGE ( 'NONE', *, *, #583, .F. ) ;
#1504 = PLANE ( 'NONE',  #1922 ) ;
#1505 = CARTESIAN_POINT ( 'NONE',  ( -3.749999999999999112, 15.72975167815478947, -193.7579796105799517 ) ) ;
#1506 = AXIS2_PLACEMENT_3D ( 'NONE', #521, #551, #839 ) ;
#1507 = DIRECTION ( 'NONE',  ( -0.8660254037844395958, 0.000000000000000000, 0.4999999999999983347 ) ) ;
#1508 = CARTESIAN_POINT ( 'NONE',  ( 0.000000000000000000, 28.60000000000001563, -186.3500000000000227 ) ) ;
#1509 = ADVANCED_FACE ( 'NONE', ( #1681 ), #884, .T. ) ;
#1510 =( GEOMETRIC_REPRESENTATION_CONTEXT ( 3 ) GLOBAL_UNCERTAINTY_ASSIGNED_CONTEXT ( ( #18 ) ) GLOBAL_UNIT_ASSIGNED_CONTEXT ( ( #1299, #294, #223 ) ) REPRESENTATION_CONTEXT ( 'NONE', 'WORKASPACE' ) );
#1511 = DIRECTION ( 'NONE',  ( -0.000000000000000000, -1.000000000000000000, -0.000000000000000000 ) ) ;
#1512 = CARTESIAN_POINT ( 'NONE',  ( -20.00000000000000000, 0.000000000000000000, -130.1352443613444620 ) ) ;
#1513 = ORIENTED_EDGE ( 'NONE', *, *, #360, .T. ) ;
#1514 = ORIENTED_EDGE ( 'NONE', *, *, #891, .F. ) ;
#1515 = LINE ( 'NONE', #74, #1658 ) ;
#1516 = DIRECTION ( 'NONE',  ( -0.000000000000000000, -1.000000000000000000, -0.000000000000000000 ) ) ;
#1517 = AXIS2_PLACEMENT_3D ( 'NONE', #395, #89, #1392 ) ;
#1518 = VECTOR ( 'NONE', #1908, 1000.000000000000000 ) ;
#1519 =( NAMED_UNIT ( * ) SI_UNIT ( $, .STERADIAN. ) SOLID_ANGLE_UNIT ( ) );
#1520 = DIRECTION ( 'NONE',  ( -1.214306433183763862E-14, 0.000000000000000000, 1.000000000000000000 ) ) ;
#1521 = EDGE_CURVE ( 'NONE', #531, #653, #1700, .T. ) ;
#1522 = ORIENTED_EDGE ( 'NONE', *, *, #365, .T. ) ;
#1523 = VERTEX_POINT ( 'NONE', #764 ) ;
#1524 = CARTESIAN_POINT ( 'NONE',  ( 3.749999999999999112, 32.34999999999998721, -193.7579796105799517 ) ) ;
#1525 = DIRECTION ( 'NONE',  ( 1.000000000000000000, -0.000000000000000000, 0.000000000000000000 ) ) ;
#1526 = CARTESIAN_POINT ( 'NONE',  ( -15.00000000000000000, 28.59999999999999432, -159.8499999999999943 ) ) ;
#1527 = CARTESIAN_POINT ( 'NONE',  ( 2.020667218593147793E-16, 28.60000000000001563, -188.0000000000000000 ) ) ;
#1528 = CARTESIAN_POINT ( 'NONE',  ( 15.00000000000000000, 32.34999999999998721, -177.3867513459480847 ) ) ;
#1529 = ORIENTED_EDGE ( 'NONE', *, *, #1395, .T. ) ;
#1530 = EDGE_CURVE ( 'NONE', #619, #28, #1846, .T. ) ;
#1531 = ORIENTED_EDGE ( 'NONE', *, *, #665, .T. ) ;
#1532 = DIRECTION ( 'NONE',  ( 0.000000000000000000, 1.000000000000000000, 0.000000000000000000 ) ) ;
#1533 = LINE ( 'NONE', #1872, #1888 ) ;
#1534 = DIRECTION ( 'NONE',  ( 0.000000000000000000, 0.000000000000000000, 1.000000000000000000 ) ) ;
#1535 = VERTEX_POINT ( 'NONE', #604 ) ;
#1536 = CIRCLE ( 'NONE', #1677, 1.000000000000000888 ) ;
#1537 = CARTESIAN_POINT ( 'NONE',  ( -10.49999999999999822, 32.34999999999998721, -198.8097944659891425 ) ) ;
#1538 = LINE ( 'NONE', #605, #245 ) ;
#1539 = ORIENTED_EDGE ( 'NONE', *, *, #1134, .F. ) ;
#1540 = VERTEX_POINT ( 'NONE', #1537 ) ;
#1541 = DIRECTION ( 'NONE',  ( 0.000000000000000000, 0.000000000000000000, -1.000000000000000000 ) ) ;
#1542 = CARTESIAN_POINT ( 'NONE',  ( -7.250000000000000888, 32.34999999999998721, -182.3361607699133629 ) ) ;
#1543 = AXIS2_PLACEMENT_3D ( 'NONE', #1559, #1210, #118 ) ;
#1544 = DIRECTION ( 'NONE',  ( -1.000000000000000000, 0.000000000000000000, -0.000000000000000000 ) ) ;
#1545 = ORIENTED_EDGE ( 'NONE', *, *, #1134, .T. ) ;
#1546 = EDGE_CURVE ( 'NONE', #915, #1226, #99, .T. ) ;
#1547 = EDGE_CURVE ( 'NONE', #653, #1092, #1360, .T. ) ;
#1548 = AXIS2_PLACEMENT_3D ( 'NONE', #229, #1349, #1632 ) ;
#1549 = ADVANCED_FACE ( 'NONE', ( #1224 ), #121, .F. ) ;
#1550 = PLANE ( 'NONE',  #1554 ) ;
#1551 = DIRECTION ( 'NONE',  ( -0.000000000000000000, 1.000000000000000000, 1.084202172485504311E-16 ) ) ;
#1552 = AXIS2_PLACEMENT_3D ( 'NONE', #1374, #253, #445 ) ;
#1553 = ORIENTED_EDGE ( 'NONE', *, *, #1036, .F. ) ;
#1554 = AXIS2_PLACEMENT_3D ( 'NONE', #1117, #480, #1607 ) ;
#1555 = AXIS2_PLACEMENT_3D ( 'NONE', #1686, #243, #890 ) ;
#1556 = EDGE_LOOP ( 'NONE', ( #147, #1330, #27, #1478 ) ) ;
#1557 = CARTESIAN_POINT ( 'NONE',  ( 9.999999999999998224, 28.59999999999999432, -197.9437690622046944 ) ) ;
#1558 = DIRECTION ( 'NONE',  ( -1.000000000000000000, -0.000000000000000000, -4.604373675111090589E-16 ) ) ;
#1559 = CARTESIAN_POINT ( 'NONE',  ( -15.00000000000000000, 30.34999999999998721, -204.0000000000000284 ) ) ;
#1560 = ORIENTED_EDGE ( 'NONE', *, *, #745, .T. ) ;
#1561 = ADVANCED_FACE ( 'NONE', ( #913 ), #561, .T. ) ;
#1562 =( LENGTH_UNIT ( ) NAMED_UNIT ( * ) SI_UNIT ( .MILLI., .METRE. ) );
#1563 = DIRECTION ( 'NONE',  ( -1.000000000000000000, -0.000000000000000000, -0.000000000000000000 ) ) ;
#1564 = DIRECTION ( 'NONE',  ( 0.000000000000000000, 1.000000000000000000, 0.000000000000000000 ) ) ;
#1565 = CARTESIAN_POINT ( 'NONE',  ( -12.00000000000000000, 32.34999999999998721, -186.8106253561329027 ) ) ;
#1566 = CARTESIAN_POINT ( 'NONE',  ( 9.999999999999998224, 32.34999999999998721, -197.9437690622046944 ) ) ;
#1567 = ORIENTED_EDGE ( 'NONE', *, *, #217, .T. ) ;
#1568 = ADVANCED_FACE ( 'EFI2', ( #1069 ), #1550, .F. ) ;
#1569 = CARTESIAN_POINT ( 'NONE',  ( -3.249999999999999112, 28.59999999999999432, -193.7579796105799517 ) ) ;
#1570 = CARTESIAN_POINT ( 'NONE',  ( 3.749999999999999112, 32.34999999999998721, -193.7579796105799517 ) ) ;
#1571 = EDGE_CURVE ( 'NONE', #82, #1747, #1823, .T. ) ;
#1572 = VERTEX_POINT ( 'NONE', #1886 ) ;
#1573 = CARTESIAN_POINT ( 'NONE',  ( 15.00000000000000000, 32.34999999999998721, -169.8499999999999943 ) ) ;
#1574 = DIRECTION ( 'NONE',  ( 0.000000000000000000, -1.000000000000000000, 0.000000000000000000 ) ) ;
#1575 = CARTESIAN_POINT ( 'NONE',  ( -10.75000000000000533, 32.34999999999998721, -172.4330127018921814 ) ) ;
#1576 = ORIENTED_EDGE ( 'NONE', *, *, #1924, .T. ) ;
#1577 = EDGE_CURVE ( 'NONE', #145, #1142, #160, .T. ) ;
#1578 = CARTESIAN_POINT ( 'NONE',  ( 10.00000000000000000, 15.69999999999999929, 7.304098846218138612E-16 ) ) ;
#1579 = LINE ( 'NONE', #1937, #404 ) ;
#1580 = ORIENTED_EDGE ( 'NONE', *, *, #1844, .F. ) ;
#1581 = AXIS2_PLACEMENT_3D ( 'NONE', #855, #1982, #1973 ) ;
#1582 = LINE ( 'NONE', #1573, #263 ) ;
#1583 = VERTEX_POINT ( 'NONE', #2083 ) ;
#1584 = AXIS2_PLACEMENT_3D ( 'NONE', #1070, #572, #1520 ) ;
#1585 = CIRCLE ( 'NONE', #246, 1.000000000000000888 ) ;
#1586 = CARTESIAN_POINT ( 'NONE',  ( 20.00000000000000000, 0.000000000000000000, -130.1352443613444620 ) ) ;
#1587 = ORIENTED_EDGE ( 'NONE', *, *, #608, .F. ) ;
#1588 =( BOUNDED_CURVE ( )  B_SPLINE_CURVE ( 3, ( #50, #526, #225, #210 ),
 .UNSPECIFIED., .F., .F. ) 
 B_SPLINE_CURVE_WITH_KNOTS ( ( 4, 4 ),
 ( 1.654065242361848931, 1.736759778608259586 ),
 .UNSPECIFIED. ) 
 CURVE ( )  GEOMETRIC_REPRESENTATION_ITEM ( )  RATIONAL_B_SPLINE_CURVE ( ( 1.000000000000000000, 0.9994302156549692562, 0.9994302156549692562, 1.000000000000000000 ) ) 
 REPRESENTATION_ITEM ( '' )  );
#1589 = EDGE_CURVE ( 'NONE', #1985, #908, #141, .T. ) ;
#1590 = FACE_OUTER_BOUND ( 'NONE', #474, .T. ) ;
#1591 = LINE ( 'NONE', #12, #1212 ) ;
#1592 = ORIENTED_EDGE ( 'NONE', *, *, #98, .T. ) ;
#1593 = CARTESIAN_POINT ( 'NONE',  ( -3.578989928337170667, 15.72975167815478947, -192.2236709642606627 ) ) ;
#1594 = DIRECTION ( 'NONE',  ( 0.000000000000000000, 0.000000000000000000, 1.000000000000000000 ) ) ;
#1595 = DIRECTION ( 'NONE',  ( 0.000000000000000000, 1.000000000000000000, 0.000000000000000000 ) ) ;
#1596 = VERTEX_POINT ( 'NONE', #1765 ) ;
#1597 = ORIENTED_EDGE ( 'NONE', *, *, #274, .T. ) ;
#1598 = DIRECTION ( 'NONE',  ( -0.000000000000000000, -1.000000000000000000, -0.000000000000000000 ) ) ;
#1599 = CARTESIAN_POINT ( 'NONE',  ( -15.00000000000000000, 31.94999999999999218, -169.8499999999999943 ) ) ;
#1600 = PRESENTATION_LAYER_ASSIGNMENT (  '', '', ( #1168 ) ) ;
#1601 = ORIENTED_EDGE ( 'NONE', *, *, #1459, .T. ) ;
#1602 = DIRECTION ( 'NONE',  ( 1.000000000000000000, -0.000000000000000000, 0.000000000000000000 ) ) ;
#1603 = CARTESIAN_POINT ( 'NONE',  ( -7.250000000000000888, 32.34999999999998721, -181.2716984339869839 ) ) ;
#1604 = CARTESIAN_POINT ( 'NONE',  ( 10.00000000000000000, 15.74686150178496824, -130.1352443613444620 ) ) ;
#1605 = EDGE_LOOP ( 'NONE', ( #1501, #1647, #669, #630 ) ) ;
#1606 = EDGE_CURVE ( 'NONE', #1189, #1583, #972, .T. ) ;
#1607 = DIRECTION ( 'NONE',  ( 0.1652026211639086029, 0.000000000000000000, 0.9862596483485341903 ) ) ;
#1608 = PLANE ( 'NONE',  #678 ) ;
#1609 = EDGE_CURVE ( 'NONE', #832, #1965, #1735, .T. ) ;
#1610 = ADVANCED_FACE ( 'NONE', ( #615 ), #129, .T. ) ;
#1611 = ORIENTED_EDGE ( 'NONE', *, *, #1487, .F. ) ;
#1612 = DIRECTION ( 'NONE',  ( -0.000000000000000000, 1.000000000000000000, 1.084202172485504311E-16 ) ) ;
#1613 = DIRECTION ( 'NONE',  ( 0.000000000000000000, 1.000000000000000000, 0.000000000000000000 ) ) ;
#1614 = LINE ( 'NONE', #811, #1911 ) ;
#1615 = CIRCLE ( 'NONE', #1281, 0.5000000000000004441 ) ;
#1616 = ADVANCED_FACE ( 'NONE', ( #773 ), #152, .F. ) ;
#1617 = CIRCLE ( 'NONE', #715, 1.650000000000012568 ) ;
#1618 = AXIS2_PLACEMENT_3D ( 'NONE', #1001, #663, #355 ) ;
#1619 = VERTEX_POINT ( 'NONE', #449 ) ;
#1620 = CIRCLE ( 'NONE', #6, 0.5000000000000004441 ) ;
#1621 = AXIS2_PLACEMENT_3D ( 'NONE', #918, #761, #1398 ) ;
#1622 = ADVANCED_FACE ( 'NONE', ( #1913, #1590 ), #1729, .F. ) ;
#1623 = LINE ( 'NONE', #1316, #2056 ) ;
#1624 = LINE ( 'NONE', #1970, #338 ) ;
#1625 = ORIENTED_EDGE ( 'NONE', *, *, #465, .F. ) ;
#1626 = FACE_OUTER_BOUND ( 'NONE', #1942, .T. ) ;
#1627 = ORIENTED_EDGE ( 'NONE', *, *, #1254, .T. ) ;
#1628 = EDGE_CURVE ( 'NONE', #553, #1033, #470, .T. ) ;
#1629 = VERTEX_POINT ( 'NONE', #952 ) ;
#1630 = ORIENTED_EDGE ( 'NONE', *, *, #1643, .F. ) ;
#1631 = CARTESIAN_POINT ( 'NONE',  ( 13.00000000000000178, 28.59999999999999432, -188.7947037214533452 ) ) ;
#1632 = DIRECTION ( 'NONE',  ( 0.000000000000000000, 0.000000000000000000, 1.000000000000000000 ) ) ;
#1633 = ORIENTED_EDGE ( 'NONE', *, *, #303, .T. ) ;
#1634 = CARTESIAN_POINT ( 'NONE',  ( -10.50000000000000178, 30.34999999999998721, -204.0000000000000284 ) ) ;
#1635 = DIRECTION ( 'NONE',  ( -0.8660254037844411501, 0.000000000000000000, -0.4999999999999956701 ) ) ;
#1636 = CIRCLE ( 'NONE', #189, 1.000000000000000888 ) ;
#1637 = EDGE_CURVE ( 'NONE', #1535, #704, #632, .T. ) ;
#1638 = ORIENTED_EDGE ( 'NONE', *, *, #1763, .T. ) ;
#1639 = APPLICATION_PROTOCOL_DEFINITION ( 'draft international standard', 'automotive_design', 1998, #724 ) ;
#1640 = ORIENTED_EDGE ( 'NONE', *, *, #1943, .T. ) ;
#1641 = CARTESIAN_POINT ( 'NONE',  ( 15.00000000000000000, 25.69999999999999929, -130.0000000000000000 ) ) ;
#1642 = DIRECTION ( 'NONE',  ( -0.000000000000000000, 1.000000000000000000, -0.000000000000000000 ) ) ;
#1643 = EDGE_CURVE ( 'NONE', #1252, #362, #1284, .T. ) ;
#1644 = DIRECTION ( 'NONE',  ( 0.000000000000000000, 1.000000000000000000, 0.000000000000000000 ) ) ;
#1645 = CIRCLE ( 'NONE', #1102, 10.00000000000000888 ) ;
#1646 = CARTESIAN_POINT ( 'NONE',  ( 13.00000000000000178, 32.34999999999998721, -188.0944961832436491 ) ) ;
#1647 = ORIENTED_EDGE ( 'NONE', *, *, #1637, .F. ) ;
#1648 = DIRECTION ( 'NONE',  ( 0.000000000000000000, -0.000000000000000000, 1.000000000000000000 ) ) ;
#1649 = FACE_OUTER_BOUND ( 'NONE', #2012, .T. ) ;
#1650 = EDGE_LOOP ( 'NONE', ( #1934, #1849, #1469, #1909, #573 ) ) ;
#1651 = VERTEX_POINT ( 'NONE', #1569 ) ;
#1652 = FACE_OUTER_BOUND ( 'NONE', #1727, .T. ) ;
#1653 = FACE_OUTER_BOUND ( 'NONE', #1437, .T. ) ;
#1654 = VECTOR ( 'NONE', #1746, 1000.000000000000000 ) ;
#1655 = VECTOR ( 'NONE', #71, 1000.000000000000000 ) ;
#1656 = AXIS2_PLACEMENT_3D ( 'NONE', #1978, #1687, #845 ) ;
#1657 = VECTOR ( 'NONE', #1471, 1000.000000000000114 ) ;
#1658 = VECTOR ( 'NONE', #555, 1000.000000000000114 ) ;
#1659 = CARTESIAN_POINT ( 'NONE',  ( -6.750000000000000888, 15.72975167815478947, -180.9215946648821500 ) ) ;
#1660 = CARTESIAN_POINT ( 'NONE',  ( -10.00000000000000000, -7.004993778403282783E-15, -130.1352443613444620 ) ) ;
#1661 = ADVANCED_FACE ( 'EFI5', ( #1905 ), #296, .F. ) ;
#1662 = ORIENTED_EDGE ( 'NONE', *, *, #2013, .F. ) ;
#1663 = LINE ( 'NONE', #1331, #2072 ) ;
#1664 = LINE ( 'NONE', #703, #1655 ) ;
#1665 = VERTEX_POINT ( 'NONE', #1578 ) ;
#1666 = ORIENTED_EDGE ( 'NONE', *, *, #1915, .T. ) ;
#1667 = CARTESIAN_POINT ( 'NONE',  ( -10.49999999999999822, 15.72975167815478947, -171.9999999999999716 ) ) ;
#1668 = DIRECTION ( 'NONE',  ( 0.000000000000000000, 1.000000000000000000, 0.000000000000000000 ) ) ;
#1669 = PLANE ( 'NONE',  #1115 ) ;
#1670 = CARTESIAN_POINT ( 'NONE',  ( -15.00000000000000000, 28.59999999999999432, -177.9188402321860565 ) ) ;
#1671 = DIRECTION ( 'NONE',  ( 0.000000000000000000, 0.000000000000000000, 1.000000000000000000 ) ) ;
#1672 = DIRECTION ( 'NONE',  ( 0.9396926207859109814, 0.000000000000000000, 0.3420201433256614965 ) ) ;
#1673 = VERTEX_POINT ( 'NONE', #1103 ) ;
#1674 = ORIENTED_EDGE ( 'NONE', *, *, #279, .F. ) ;
#1675 = CARTESIAN_POINT ( 'NONE',  ( -11.00000000000000000, 28.59999999999999432, -171.9999999999999716 ) ) ;
#1676 = CARTESIAN_POINT ( 'NONE',  ( 7.000000000000015099, 28.59999999999999432, -182.7691734718055727 ) ) ;
#1677 = AXIS2_PLACEMENT_3D ( 'NONE', #1341, #540, #702 ) ;
#1678 = ADVANCED_FACE ( 'EFI3', ( #1442 ), #642, .F. ) ;
#1679 = ADVANCED_FACE ( 'NONE', ( #289 ), #1125, .F. ) ;
#1680 = CIRCLE ( 'NONE', #634, 9.999999999999994671 ) ;
#1681 = FACE_OUTER_BOUND ( 'NONE', #996, .T. ) ;
#1682 = EDGE_CURVE ( 'NONE', #1457, #1261, #826, .T. ) ;
#1683 = CARTESIAN_POINT ( 'NONE',  ( -10.13740351651465588, 15.82655554136347398, -131.7872705729835729 ) ) ;
#1684 = ORIENTED_EDGE ( 'NONE', *, *, #448, .T. ) ;
#1685 = EDGE_LOOP ( 'NONE', ( #1275, #497, #1861, #775 ) ) ;
#1686 = CARTESIAN_POINT ( 'NONE',  ( -20.00000000000000000, -6.270726556620032232E-15, -130.1352443613444620 ) ) ;
#1687 = DIRECTION ( 'NONE',  ( 0.000000000000000000, 1.000000000000000000, 0.000000000000000000 ) ) ;
#1688 = VECTOR ( 'NONE', #810, 1000.000000000000000 ) ;
#1689 = ADVANCED_FACE ( 'EFI4', ( #1777 ), #518, .F. ) ;
#1690 = AXIS2_PLACEMENT_3D ( 'NONE', #266, #1867, #415 ) ;
#1691 = VECTOR ( 'NONE', #1564, 1000.000000000000000 ) ;
#1692 = FILL_AREA_STYLE_COLOUR ( '', #629 ) ;
#1693 = DIRECTION ( 'NONE',  ( 0.000000000000000000, 0.000000000000000000, 1.000000000000000000 ) ) ;
#1694 = ORIENTED_EDGE ( 'NONE', *, *, #192, .T. ) ;
#1695 = ORIENTED_EDGE ( 'NONE', *, *, #835, .F. ) ;
#1696 = CYLINDRICAL_SURFACE ( 'NONE', #440, 1.000000000000000888 ) ;
#1697 = FACE_OUTER_BOUND ( 'NONE', #1340, .T. ) ;
#1698 = CARTESIAN_POINT ( 'NONE',  ( -15.00000000000000000, 28.59999999999999432, -202.0000000000000000 ) ) ;
#1699 = ORIENTED_EDGE ( 'NONE', *, *, #1454, .T. ) ;
#1700 = LINE ( 'NONE', #1046, #42 ) ;
#1701 = DIRECTION ( 'NONE',  ( 0.000000000000000000, 0.000000000000000000, -1.000000000000000000 ) ) ;
#1702 = ORIENTED_EDGE ( 'NONE', *, *, #982, .T. ) ;
#1703 = EDGE_CURVE ( 'NONE', #13, #1704, #77, .T. ) ;
#1704 = VERTEX_POINT ( 'NONE', #20 ) ;
#1705 = DIRECTION ( 'NONE',  ( 1.049727191138617463E-16, 0.5150380749100559319, -0.8571673007021112234 ) ) ;
#1706 = FACE_OUTER_BOUND ( 'NONE', #965, .T. ) ;
#1707 = EDGE_CURVE ( 'NONE', #207, #1523, #334, .T. ) ;
#1708 = FACE_OUTER_BOUND ( 'NONE', #943, .T. ) ;
#1709 = ORIENTED_EDGE ( 'NONE', *, *, #2013, .T. ) ;
#1710 = VECTOR ( 'NONE', #475, 1000.000000000000000 ) ;
#1711 = EDGE_CURVE ( 'NONE', #1985, #332, #1623, .T. ) ;
#1712 = DIRECTION ( 'NONE',  ( 2.078620247448475143E-33, -1.000000000000000000, -9.130123557772667102E-17 ) ) ;
#1713 = DIRECTION ( 'NONE',  ( -0.000000000000000000, 1.000000000000000000, -0.000000000000000000 ) ) ;
#1714 = ORIENTED_EDGE ( 'NONE', *, *, #1589, .F. ) ;
#1715 = ORIENTED_EDGE ( 'NONE', *, *, #1864, .T. ) ;
#1716 = PLANE ( 'NONE',  #1017 ) ;
#1717 = LINE ( 'NONE', #1863, #1114 ) ;
#1718 = CARTESIAN_POINT ( 'NONE',  ( -13.00000000000000178, 28.59999999999999432, -186.8106253561329027 ) ) ;
#1719 = ORIENTED_EDGE ( 'NONE', *, *, #215, .T. ) ;
#1720 = AXIS2_PLACEMENT_3D ( 'NONE', #1453, #290, #774 ) ;
#1721 = LINE ( 'NONE', #240, #1279 ) ;
#1722 = AXIS2_PLACEMENT_3D ( 'NONE', #1542, #104, #749 ) ;
#1723 = VECTOR ( 'NONE', #1705, 1000.000000000000000 ) ;
#1724 = CARTESIAN_POINT ( 'NONE',  ( 2.020667218593129550E-16, 17.10000000000001563, -188.0000000000000000 ) ) ;
#1725 = CARTESIAN_POINT ( 'NONE',  ( 3.749999999999999112, 28.59999999999999432, -192.6935172746536011 ) ) ;
#1726 = CARTESIAN_POINT ( 'NONE',  ( 10.00000000000000000, -1.734723475976807094E-14, -7.030195139484961606E-16 ) ) ;
#1727 = EDGE_LOOP ( 'NONE', ( #1383, #989, #1211, #1386 ) ) ;
#1728 = EDGE_CURVE ( 'NONE', #1704, #132, #29, .T. ) ;
#1729 = PLANE ( 'NONE',  #613 ) ;
#1730 = FACE_OUTER_BOUND ( 'NONE', #1032, .T. ) ;
#1731 = DIRECTION ( 'NONE',  ( 4.604373675111089603E-16, -0.000000000000000000, 1.000000000000000000 ) ) ;
#1732 = CARTESIAN_POINT ( 'NONE',  ( 0.000000000000000000, 30.34999999999998721, -204.0000000000000284 ) ) ;
#1733 = CARTESIAN_POINT ( 'NONE',  ( 12.00000000000000000, 15.72975167815478947, -186.8106253561329027 ) ) ;
#1734 = ORIENTED_EDGE ( 'NONE', *, *, #394, .F. ) ;
#1735 = LINE ( 'NONE', #622, #888 ) ;
#1736 = DIRECTION ( 'NONE',  ( -0.000000000000000000, -0.000000000000000000, 1.000000000000000000 ) ) ;
#1737 = ORIENTED_EDGE ( 'NONE', *, *, #443, .F. ) ;
#1738 = PLANE ( 'NONE',  #1055 ) ;
#1739 = DIRECTION ( 'NONE',  ( -1.000000000000000000, -0.000000000000000000, -0.000000000000000000 ) ) ;
#1740 = CARTESIAN_POINT ( 'NONE',  ( 15.00000000000000000, 32.34999999999998721, -204.0000000000000284 ) ) ;
#1741 = CIRCLE ( 'NONE', #1375, 0.5000000000000004441 ) ;
#1742 = EDGE_CURVE ( 'NONE', #397, #1920, #1585, .T. ) ;
#1743 = ORIENTED_EDGE ( 'NONE', *, *, #1571, .T. ) ;
#1744 = ORIENTED_EDGE ( 'NONE', *, *, #1637, .T. ) ;
#1745 = CARTESIAN_POINT ( 'NONE',  ( 15.00000000000000000, -3.469446951953614189E-15, -160.8169715793910655 ) ) ;
#1746 = DIRECTION ( 'NONE',  ( -0.8660254037844411501, 0.000000000000000000, -0.4999999999999958367 ) ) ;
#1747 = VERTEX_POINT ( 'NONE', #344 ) ;
#1748 = LINE ( 'NONE', #1445, #1710 ) ;
#1749 = ORIENTED_EDGE ( 'NONE', *, *, #1300, .F. ) ;
#1750 = VECTOR ( 'NONE', #1157, 1000.000000000000000 ) ;
#1751 = VECTOR ( 'NONE', #54, 1000.000000000000000 ) ;
#1752 = PLANE ( 'NONE',  #973 ) ;
#1753 = ORIENTED_EDGE ( 'NONE', *, *, #1764, .T. ) ;
#1754 = CARTESIAN_POINT ( 'NONE',  ( 3.578989928337170667, 15.72975167815478947, -192.2236709642606627 ) ) ;
#1755 = CARTESIAN_POINT ( 'NONE',  ( 3.249999999999999112, 15.72975167815478947, -192.3434135055487673 ) ) ;
#1756 = B_SPLINE_CURVE_WITH_KNOTS ( 'NONE', 3,
 ( #2060, #789, #1128, #1268 ),
 .UNSPECIFIED., .F., .F.,
 ( 4, 4 ),
 ( 0.000000000000000000, 0.0008337156616814685780 ),
 .UNSPECIFIED. ) ;
#1757 = EDGE_LOOP ( 'NONE', ( #2006, #588, #935, #694 ) ) ;
#1758 = DIRECTION ( 'NONE',  ( 0.000000000000000000, 0.000000000000000000, 1.000000000000000000 ) ) ;
#1759 = CARTESIAN_POINT ( 'NONE',  ( 9.999999999999998224, 28.59999999999999432, -197.9437690622046944 ) ) ;
#1760 = LINE ( 'NONE', #1604, #772 ) ;
#1761 = EDGE_CURVE ( 'NONE', #92, #327, #1419, .T. ) ;
#1762 = EDGE_LOOP ( 'NONE', ( #1177, #436, #995, #178 ) ) ;
#1763 = EDGE_CURVE ( 'NONE', #797, #250, #538, .T. ) ;
#1764 = EDGE_CURVE ( 'NONE', #1321, #531, #1181, .T. ) ;
#1765 = CARTESIAN_POINT ( 'NONE',  ( 3.249999999999999112, 32.34999999999998721, -192.6935172746536011 ) ) ;
#1766 = CARTESIAN_POINT ( 'NONE',  ( 10.00000000000000000, 28.59999999999999432, -171.9999999999999716 ) ) ;
#1767 = EDGE_CURVE ( 'NONE', #1673, #13, #1485, .T. ) ;
#1768 = AXIS2_PLACEMENT_3D ( 'NONE', #993, #1018, #1489 ) ;
#1769 = ORIENTED_EDGE ( 'NONE', *, *, #1221, .T. ) ;
#1770 = CARTESIAN_POINT ( 'NONE',  ( -15.00000000000000000, 28.59999999999999432, -169.8499999999999943 ) ) ;
#1771 = DIRECTION ( 'NONE',  ( -0.4999999999999958367, 0.000000000000000000, 0.8660254037844411501 ) ) ;
#1772 = CARTESIAN_POINT ( 'NONE',  ( 3.249999999999999112, 28.59999999999999432, -192.6935172746536011 ) ) ;
#1773 = EDGE_CURVE ( 'NONE', #908, #554, #1810, .T. ) ;
#1774 = ORIENTED_EDGE ( 'NONE', *, *, #2076, .F. ) ;
#1775 = VERTEX_POINT ( 'NONE', #1959 ) ;
#1776 = CIRCLE ( 'NONE', #66, 0.5000000000000004441 ) ;
#1777 = FACE_OUTER_BOUND ( 'NONE', #1050, .T. ) ;
#1778 = CARTESIAN_POINT ( 'NONE',  ( 10.50000000000000000, 31.94999999999999218, -169.8499999999999943 ) ) ;
#1779 = EDGE_LOOP ( 'NONE', ( #1918, #1753, #188, #314, #719 ) ) ;
#1780 = DIRECTION ( 'NONE',  ( -0.000000000000000000, -1.000000000000000000, -0.000000000000000000 ) ) ;
#1781 = ORIENTED_EDGE ( 'NONE', *, *, #1202, .F. ) ;
#1782 = ADVANCED_FACE ( 'NONE', ( #1026 ), #503, .T. ) ;
#1783 = AXIS2_PLACEMENT_3D ( 'NONE', #258, #906, #1701 ) ;
#1784 = VECTOR ( 'NONE', #585, 1000.000000000000000 ) ;
#1785 = ORIENTED_EDGE ( 'NONE', *, *, #283, .F. ) ;
#1786 = AXIS2_PLACEMENT_3D ( 'NONE', #1850, #1532, #93 ) ;
#1787 = ADVANCED_FACE ( 'NONE', ( #1825 ), #1669, .F. ) ;
#1788 = DIRECTION ( 'NONE',  ( -0.8660254037844411501, 0.000000000000000000, 0.4999999999999956701 ) ) ;
#1789 = DIRECTION ( 'NONE',  ( -0.000000000000000000, 1.000000000000000000, 1.084202172485504311E-16 ) ) ;
#1790 = ORIENTED_EDGE ( 'NONE', *, *, #559, .T. ) ;
#1791 = CYLINDRICAL_SURFACE ( 'NONE', #1768, 1.649999999999984812 ) ;
#1792 = DIRECTION ( 'NONE',  ( -0.000000000000000000, 1.000000000000000000, 0.000000000000000000 ) ) ;
#1793 = EDGE_LOOP ( 'NONE', ( #342, #1133, #647, #1257 ) ) ;
#1794 = DIRECTION ( 'NONE',  ( 0.000000000000000000, 0.000000000000000000, 1.000000000000000000 ) ) ;
#1795 = EDGE_CURVE ( 'NONE', #92, #1971, #688, .T. ) ;
#1796 = VERTEX_POINT ( 'NONE', #836 ) ;
#1797 = CARTESIAN_POINT ( 'NONE',  ( 10.00000000000000000, 15.70091459368785181, -130.1352443613444620 ) ) ;
#1798 = CARTESIAN_POINT ( 'NONE',  ( -10.00000000000000000, -1.734723475976807094E-14, -7.030195139484961606E-16 ) ) ;
#1799 = DIRECTION ( 'NONE',  ( -0.000000000000000000, 0.000000000000000000, 1.000000000000000000 ) ) ;
#1800 = DIRECTION ( 'NONE',  ( -0.000000000000000000, 1.000000000000000000, 1.084202172485504311E-16 ) ) ;
#1801 = VERTEX_POINT ( 'NONE', #1969 ) ;
#1802 = CARTESIAN_POINT ( 'NONE',  ( 15.00000000000000000, 32.34999999999998721, -169.8499999999999943 ) ) ;
#1803 = CARTESIAN_POINT ( 'NONE',  ( 3.749999999999999112, 15.72975167815478947, -192.6935172746536011 ) ) ;
#1804 = VECTOR ( 'NONE', #257, 1000.000000000000000 ) ;
#1805 = ORIENTED_EDGE ( 'NONE', *, *, #1795, .F. ) ;
#1806 = ORIENTED_EDGE ( 'NONE', *, *, #2003, .F. ) ;
#1807 = DIRECTION ( 'NONE',  ( 0.000000000000000000, 0.000000000000000000, 1.000000000000000000 ) ) ;
#1808 = CYLINDRICAL_SURFACE ( 'NONE', #1215, 0.5000000000000004441 ) ;
#1809 = ADVANCED_FACE ( 'NONE', ( #529 ), #366, .T. ) ;
#1810 = LINE ( 'NONE', #1631, #2025 ) ;
#1811 = VECTOR ( 'NONE', #272, 1000.000000000000000 ) ;
#1812 = CARTESIAN_POINT ( 'NONE',  ( 10.50000000000000178, 15.72975167815478947, -169.8499999999999943 ) ) ;
#1813 = ORIENTED_EDGE ( 'NONE', *, *, #136, .T. ) ;
#1814 = LINE ( 'NONE', #711, #870 ) ;
#1815 = DIRECTION ( 'NONE',  ( -0.000000000000000000, -1.000000000000000000, -0.000000000000000000 ) ) ;
#1816 = VERTEX_POINT ( 'NONE', #67 ) ;
#1817 = ORIENTED_EDGE ( 'NONE', *, *, #1180, .T. ) ;
#1818 = CARTESIAN_POINT ( 'NONE',  ( -10.49999999999999822, 31.94999999999999218, -171.9999999999999716 ) ) ;
#1819 = CARTESIAN_POINT ( 'NONE',  ( -15.00000000000000000, 15.72975167815478947, -177.9188402321860565 ) ) ;
#1820 = VECTOR ( 'NONE', #380, 1000.000000000000000 ) ;
#1821 = VECTOR ( 'NONE', #1672, 1000.000000000000114 ) ;
#1822 = VECTOR ( 'NONE', #364, 1000.000000000000000 ) ;
#1823 = CIRCLE ( 'NONE', #951, 1.000000000000000888 ) ;
#1824 = VECTOR ( 'NONE', #444, 1000.000000000000114 ) ;
#1825 = FACE_OUTER_BOUND ( 'NONE', #166, .T. ) ;
#1826 = CARTESIAN_POINT ( 'NONE',  ( -10.50000000000000178, 28.59999999999999432, -169.8499999999999943 ) ) ;
#1827 = CARTESIAN_POINT ( 'NONE',  ( -9.999999999999998224, 32.34999999999998721, -197.9437690622046944 ) ) ;
#1828 = LINE ( 'NONE', #1353, #1381 ) ;
#1829 = EDGE_LOOP ( 'NONE', ( #1695, #482, #1280, #286, #654, #1587, #684, #2061, #878, #574, #1488 ) ) ;
#1830 = ORIENTED_EDGE ( 'NONE', *, *, #1761, .F. ) ;
#1831 = DIRECTION ( 'NONE',  ( 0.000000000000000000, 0.000000000000000000, -1.000000000000000000 ) ) ;
#1832 = LINE ( 'NONE', #86, #850 ) ;
#1833 = ADVANCED_FACE ( 'NONE', ( #1193 ), #549, .T. ) ;
#1834 = ADVANCED_FACE ( 'EFI6', ( #1994 ), #1222, .F. ) ;
#1835 = DIRECTION ( 'NONE',  ( -1.000000000000000000, 0.000000000000000000, -0.000000000000000000 ) ) ;
#1836 = LINE ( 'NONE', #387, #1145 ) ;
#1837 = CARTESIAN_POINT ( 'NONE',  ( -12.49999999999999822, 28.59999999999999432, -185.9445999523484545 ) ) ;
#1838 = PRODUCT_DEFINITION ( 'UNKNOWN', '', #393, #331 ) ;
#1839 = DIRECTION ( 'NONE',  ( -0.8660254037844395958, 0.000000000000000000, -0.4999999999999983347 ) ) ;
#1840 = ORIENTED_EDGE ( 'NONE', *, *, #1924, .F. ) ;
#1841 = ORIENTED_EDGE ( 'NONE', *, *, #557, .F. ) ;
#1842 = FACE_OUTER_BOUND ( 'NONE', #1650, .T. ) ;
#1843 = CARTESIAN_POINT ( 'NONE',  ( -9.999999999999998224, 32.34999999999998721, -197.9437690622046944 ) ) ;
#1844 = EDGE_CURVE ( 'NONE', #2071, #915, #403, .T. ) ;
#1845 = ADVANCED_FACE ( 'NONE', ( #1708 ), #2011, .F. ) ;
#1846 = LINE ( 'NONE', #1038, #507 ) ;
#1847 = CYLINDRICAL_SURFACE ( 'NONE', #1953, 0.5000000000000004441 ) ;
#1848 = ORIENTED_EDGE ( 'NONE', *, *, #932, .T. ) ;
#1849 = ORIENTED_EDGE ( 'NONE', *, *, #1764, .F. ) ;
#1850 = CARTESIAN_POINT ( 'NONE',  ( -3.750000000000000000, 32.34999999999998721, -192.6935172746536011 ) ) ;
#1851 = DIRECTION ( 'NONE',  ( 0.000000000000000000, 0.000000000000000000, -1.000000000000000000 ) ) ;
#1852 = DIRECTION ( 'NONE',  ( -1.000000000000000000, 0.000000000000000000, -4.604373675111090589E-16 ) ) ;
#1853 = ORIENTED_EDGE ( 'NONE', *, *, #803, .T. ) ;
#1854 = AXIS2_PLACEMENT_3D ( 'NONE', #1803, #533, #47 ) ;
#1855 = CIRCLE ( 'NONE', #1548, 1.649999999999984812 ) ;
#1856 = VECTOR ( 'NONE', #2004, 1000.000000000000000 ) ;
#1857 = ADVANCED_FACE ( 'NONE', ( #740 ), #2034, .F. ) ;
#1858 = CARTESIAN_POINT ( 'NONE',  ( -11.00000000000000000, 15.72975167815478947, -171.9999999999999716 ) ) ;
#1859 = DIRECTION ( 'NONE',  ( -5.204170427930416550E-15, 0.000000000000000000, -1.000000000000000000 ) ) ;
#1860 = ORIENTED_EDGE ( 'NONE', *, *, #1303, .T. ) ;
#1861 = ORIENTED_EDGE ( 'NONE', *, *, #1036, .T. ) ;
#1862 = CARTESIAN_POINT ( 'NONE',  ( 15.00000000000000000, 0.000000000000000000, 0.000000000000000000 ) ) ;
#1863 = CARTESIAN_POINT ( 'NONE',  ( 15.00000000000000000, 32.34999999999998721, -177.9188402321860565 ) ) ;
#1864 = EDGE_CURVE ( 'NONE', #1492, #1583, #770, .T. ) ;
#1865 = CARTESIAN_POINT ( 'NONE',  ( -15.00000000000000000, 25.69999999999999929, -130.0000000000000000 ) ) ;
#1866 = VERTEX_POINT ( 'NONE', #911 ) ;
#1867 = DIRECTION ( 'NONE',  ( -1.000000000000000000, 0.000000000000000000, 4.604373675111090589E-16 ) ) ;
#1868 = CARTESIAN_POINT ( 'NONE',  ( 12.49999999999999822, 32.34999999999998721, -185.9445999523484545 ) ) ;
#1869 = ORIENTED_EDGE ( 'NONE', *, *, #882, .T. ) ;
#1870 = ORIENTED_EDGE ( 'NONE', *, *, #274, .F. ) ;
#1871 = DIRECTION ( 'NONE',  ( -0.000000000000000000, -1.000000000000000000, -0.000000000000000000 ) ) ;
#1872 = CARTESIAN_POINT ( 'NONE',  ( -10.50000000000000000, 32.34999999999997300, -206.0000000000000284 ) ) ;
#1873 = CARTESIAN_POINT ( 'NONE',  ( -10.00000000000000000, 28.59999999999999432, -171.9999999999999716 ) ) ;
#1874 = VERTEX_POINT ( 'NONE', #1892 ) ;
#1875 =( GEOMETRIC_REPRESENTATION_CONTEXT ( 3 ) GLOBAL_UNCERTAINTY_ASSIGNED_CONTEXT ( ( #499 ) ) GLOBAL_UNIT_ASSIGNED_CONTEXT ( ( #1562, #248, #1519 ) ) REPRESENTATION_CONTEXT ( 'NONE', 'WORKASPACE' ) );
#1876 = DIRECTION ( 'NONE',  ( 0.000000000000000000, 0.000000000000000000, 1.000000000000000000 ) ) ;
#1877 = CARTESIAN_POINT ( 'NONE',  ( -3.249999999999999112, 28.59999999999999432, -192.3434135055487673 ) ) ;
#1878 = EDGE_LOOP ( 'NONE', ( #1072, #417, #625, #2038 ) ) ;
#1879 = CARTESIAN_POINT ( 'NONE',  ( 10.00000000000000000, 32.34999999999998721, -171.9999999999999716 ) ) ;
#1880 = LINE ( 'NONE', #1229, #1283 ) ;
#1881 = EDGE_CURVE ( 'NONE', #1457, #410, #1057, .T. ) ;
#1882 = FACE_OUTER_BOUND ( 'NONE', #234, .T. ) ;
#1883 = ORIENTED_EDGE ( 'NONE', *, *, #88, .T. ) ;
#1884 = AXIS2_PLACEMENT_3D ( 'NONE', #510, #1152, #1963 ) ;
#1885 = CIRCLE ( 'NONE', #980, 1.000000000000000888 ) ;
#1886 = CARTESIAN_POINT ( 'NONE',  ( 15.00000000000000000, 30.34999999999998721, -206.0000000000000284 ) ) ;
#1887 = DIRECTION ( 'NONE',  ( 1.000000000000000000, 0.000000000000000000, 0.000000000000000000 ) ) ;
#1888 = VECTOR ( 'NONE', #1574, 1000.000000000000000 ) ;
#1889 = VECTOR ( 'NONE', #116, 1000.000000000000000 ) ;
#1890 = DIRECTION ( 'NONE',  ( 0.000000000000000000, 0.000000000000000000, -1.000000000000000000 ) ) ;
#1891 = CARTESIAN_POINT ( 'NONE',  ( 7.000000000000015099, 32.34999999999998721, -182.7691734718055727 ) ) ;
#1892 = CARTESIAN_POINT ( 'NONE',  ( 6.750000000000000888, 32.34999999999998721, -182.3361607699133629 ) ) ;
#1893 = EDGE_LOOP ( 'NONE', ( #511, #1296, #259, #447 ) ) ;
#1894 = ADVANCED_FACE ( 'NONE', ( #762 ), #1064, .F. ) ;
#1895 = EDGE_CURVE ( 'NONE', #1052, #48, #567, .T. ) ;
#1896 = DIRECTION ( 'NONE',  ( -1.000000000000000000, 0.000000000000000000, -0.000000000000000000 ) ) ;
#1897 = CARTESIAN_POINT ( 'NONE',  ( -10.00000000000000000, 31.94999999999999218, -171.9999999999999716 ) ) ;
#1898 = ORIENTED_EDGE ( 'NONE', *, *, #1221, .F. ) ;
#1899 = CARTESIAN_POINT ( 'NONE',  ( -3.749999999999999112, 28.59999999999999432, -193.7579796105799517 ) ) ;
#1900 = PLANE ( 'NONE',  #1951 ) ;
#1901 = FACE_OUTER_BOUND ( 'NONE', #1003, .T. ) ;
#1902 = ORIENTED_EDGE ( 'NONE', *, *, #1703, .T. ) ;
#1903 = EDGE_CURVE ( 'NONE', #1390, #1583, #1230, .T. ) ;
#1904 = AXIS2_PLACEMENT_3D ( 'NONE', #1858, #1203, #2036 ) ;
#1905 = FACE_OUTER_BOUND ( 'NONE', #115, .T. ) ;
#1906 = CARTESIAN_POINT ( 'NONE',  ( 10.75000000000000711, 28.59999999999999432, -172.4330127018921814 ) ) ;
#1907 = ORIENTED_EDGE ( 'NONE', *, *, #1356, .F. ) ;
#1908 = DIRECTION ( 'NONE',  ( 1.000000000000000000, 0.000000000000000000, 0.000000000000000000 ) ) ;
#1909 = ORIENTED_EDGE ( 'NONE', *, *, #214, .F. ) ;
#1910 = DIRECTION ( 'NONE',  ( 0.000000000000000000, -1.000000000000000000, 0.000000000000000000 ) ) ;
#1911 = VECTOR ( 'NONE', #1595, 1000.000000000000000 ) ;
#1912 = ORIENTED_EDGE ( 'NONE', *, *, #502, .F. ) ;
#1913 = FACE_BOUND ( 'NONE', #513, .T. ) ;
#1914 = CARTESIAN_POINT ( 'NONE',  ( 10.50000000000000178, 31.94999999999999218, -169.8499999999999943 ) ) ;
#1915 = EDGE_CURVE ( 'NONE', #2070, #902, #1472, .T. ) ;
#1916 = ADVANCED_FACE ( 'NONE', ( #2050 ), #1376, .T. ) ;
#1917 = CONICAL_SURFACE ( 'NONE', #140, 1.649999999999984812, 1.029744258676652535 ) ;
#1918 = ORIENTED_EDGE ( 'NONE', *, *, #1356, .T. ) ;
#1919 = CARTESIAN_POINT ( 'NONE',  ( -15.00000000000000000, 28.59999999999999432, -169.8499999999999943 ) ) ;
#1920 = VERTEX_POINT ( 'NONE', #752 ) ;
#1921 = AXIS2_PLACEMENT_3D ( 'NONE', #1251, #254, #1408 ) ;
#1922 = AXIS2_PLACEMENT_3D ( 'NONE', #1324, #2001, #1967 ) ;
#1923 = DIRECTION ( 'NONE',  ( 0.000000000000000000, 1.000000000000000000, 0.000000000000000000 ) ) ;
#1924 = EDGE_CURVE ( 'NONE', #1071, #132, #609, .T. ) ;
#1925 = ORIENTED_EDGE ( 'NONE', *, *, #714, .T. ) ;
#1926 = ORIENTED_EDGE ( 'NONE', *, *, #1241, .F. ) ;
#1927 = DIRECTION ( 'NONE',  ( 1.000000000000000000, 0.000000000000000000, -0.000000000000000000 ) ) ;
#1928 = LINE ( 'NONE', #1766, #847 ) ;
#1929 = EDGE_CURVE ( 'NONE', #1816, #954, #1075, .T. ) ;
#1930 = ORIENTED_EDGE ( 'NONE', *, *, #1420, .F. ) ;
#1931 = CARTESIAN_POINT ( 'NONE',  ( -3.249999999999999112, 15.72975167815478947, -192.6935172746536011 ) ) ;
#1932 = CARTESIAN_POINT ( 'NONE',  ( 15.00000000000000000, 28.59999999999999432, -169.8499999999999943 ) ) ;
#1933 = CARTESIAN_POINT ( 'NONE',  ( 0.000000000000000000, 31.94999999999999218, 0.000000000000000000 ) ) ;
#1934 = ORIENTED_EDGE ( 'NONE', *, *, #83, .F. ) ;
#1935 = ORIENTED_EDGE ( 'NONE', *, *, #1024, .F. ) ;
#1936 = CARTESIAN_POINT ( 'NONE',  ( -15.00000000000000000, -3.469446951953614189E-15, -160.8169715793910655 ) ) ;
#1937 = CARTESIAN_POINT ( 'NONE',  ( -12.49999999999999822, 32.34999999999998721, -185.9445999523484545 ) ) ;
#1938 = EDGE_CURVE ( 'NONE', #48, #1198, #1409, .T. ) ;
#1939 = ORIENTED_EDGE ( 'NONE', *, *, #962, .T. ) ;
#1940 = DIRECTION ( 'NONE',  ( -0.3420201433256633838, 0.000000000000000000, -0.9396926207859104263 ) ) ;
#1941 = LINE ( 'NONE', #1140, #468 ) ;
#1942 = EDGE_LOOP ( 'NONE', ( #114, #1790, #593, #3 ) ) ;
#1943 = EDGE_CURVE ( 'NONE', #1302, #410, #1645, .T. ) ;
#1944 = AXIS2_PLACEMENT_3D ( 'NONE', #148, #2081, #946 ) ;
#1945 = DIRECTION ( 'NONE',  ( 0.9396926207859103153, 0.000000000000000000, 0.3420201433256633283 ) ) ;
#1946 = LINE ( 'NONE', #1013, #2024 ) ;
#1947 = ORIENTED_EDGE ( 'NONE', *, *, #807, .F. ) ;
#1948 = LINE ( 'NONE', #358, #999 ) ;
#1949 = LINE ( 'NONE', #668, #2053 ) ;
#1950 = VERTEX_POINT ( 'NONE', #87 ) ;
#1951 = AXIS2_PLACEMENT_3D ( 'NONE', #312, #1771, #5 ) ;
#1952 = ORIENTED_EDGE ( 'NONE', *, *, #558, .F. ) ;
#1953 = AXIS2_PLACEMENT_3D ( 'NONE', #926, #1047, #1693 ) ;
#1954 = CARTESIAN_POINT ( 'NONE',  ( 13.00000000000000178, 15.72975167815478947, -186.2332750869433085 ) ) ;
#1955 = LINE ( 'NONE', #64, #1014 ) ;
#1956 = AXIS2_PLACEMENT_3D ( 'NONE', #817, #1255, #786 ) ;
#1957 = EDGE_LOOP ( 'NONE', ( #838, #1101, #879, #777 ) ) ;
#1958 = CIRCLE ( 'NONE', #1285, 0.5000000000000004441 ) ;
#1959 = CARTESIAN_POINT ( 'NONE',  ( -3.059515509201425934E-15, 16.10857997860453850, -186.3500000000000227 ) ) ;
#1960 = CARTESIAN_POINT ( 'NONE',  ( -10.00000000000000000, 15.69999999999999929, -130.0000000000000000 ) ) ;
#1961 = ORIENTED_EDGE ( 'NONE', *, *, #594, .T. ) ;
#1962 = DIRECTION ( 'NONE',  ( -0.000000000000000000, -1.000000000000000000, -0.000000000000000000 ) ) ;
#1963 = DIRECTION ( 'NONE',  ( -0.000000000000000000, 0.000000000000000000, 1.000000000000000000 ) ) ;
#1964 = ADVANCED_FACE ( 'NONE', ( #1882 ), #435, .T. ) ;
#1965 = VERTEX_POINT ( 'NONE', #1566 ) ;
#1966 = ORIENTED_EDGE ( 'NONE', *, *, #1067, .T. ) ;
#1967 = DIRECTION ( 'NONE',  ( -0.1652026211639086029, 0.000000000000000000, 0.9862596483485341903 ) ) ;
#1968 = DIRECTION ( 'NONE',  ( 0.000000000000000000, -0.000000000000000000, 1.000000000000000000 ) ) ;
#1969 = CARTESIAN_POINT ( 'NONE',  ( 15.00000000000000000, 0.000000000000000000, -206.0000000000000284 ) ) ;
#1970 = CARTESIAN_POINT ( 'NONE',  ( 15.00000000000000000, 32.34999999999998721, -174.8867513459480563 ) ) ;
#1971 = VERTEX_POINT ( 'NONE', #638 ) ;
#1972 = DIRECTION ( 'NONE',  ( 2.078620247448475143E-33, 1.000000000000000000, 9.130123557772667102E-17 ) ) ;
#1973 = DIRECTION ( 'NONE',  ( 0.000000000000000000, 0.000000000000000000, -1.000000000000000000 ) ) ;
#1974 = CIRCLE ( 'NONE', #1096, 0.5000000000000004441 ) ;
#1975 = ORIENTED_EDGE ( 'NONE', *, *, #658, .T. ) ;
#1976 = ORIENTED_EDGE ( 'NONE', *, *, #1606, .T. ) ;
#1977 = LINE ( 'NONE', #696, #176 ) ;
#1978 = CARTESIAN_POINT ( 'NONE',  ( 7.250000000000000888, 32.34999999999998721, -181.2716984339869839 ) ) ;
#1979 = DIRECTION ( 'NONE',  ( 0.000000000000000000, -1.000000000000000000, 0.000000000000000000 ) ) ;
#1980 = DIRECTION ( 'NONE',  ( 0.000000000000000000, 0.000000000000000000, 1.000000000000000000 ) ) ;
#1981 = DIRECTION ( 'NONE',  ( -0.000000000000000000, 1.000000000000000000, 1.084202172485504311E-16 ) ) ;
#1982 = DIRECTION ( 'NONE',  ( 0.000000000000000000, -1.000000000000000000, 0.000000000000000000 ) ) ;
#1983 = ADVANCED_FACE ( 'NONE', ( #1270 ), #477, .T. ) ;
#1984 = ORIENTED_EDGE ( 'NONE', *, *, #151, .T. ) ;
#1985 = VERTEX_POINT ( 'NONE', #968 ) ;
#1986 = DIRECTION ( 'NONE',  ( -1.000000000000000000, 0.000000000000000000, 0.000000000000000000 ) ) ;
#1987 = LINE ( 'NONE', #1819, #109 ) ;
#1988 = EDGE_CURVE ( 'NONE', #1132, #61, #1776, .T. ) ;
#1989 = AXIS2_PLACEMENT_3D ( 'NONE', #1183, #21, #218 ) ;
#1990 = EDGE_CURVE ( 'NONE', #1971, #351, #1741, .T. ) ;
#1991 = AXIS2_PLACEMENT_3D ( 'NONE', #1565, #134, #739 ) ;
#1992 = VECTOR ( 'NONE', #844, 999.9999999999998863 ) ;
#1993 = ADVANCED_FACE ( 'NONE', ( #1901 ), #1752, .T. ) ;
#1994 = FACE_OUTER_BOUND ( 'NONE', #1431, .T. ) ;
#1995 = LINE ( 'NONE', #1194, #506 ) ;
#1996 = DIRECTION ( 'NONE',  ( 1.000000000000000000, -0.000000000000000000, -4.604373675111090589E-16 ) ) ;
#1997 = LINE ( 'NONE', #1308, #1048 ) ;
#1998 = EDGE_CURVE ( 'NONE', #242, #183, #1122, .T. ) ;
#1999 = EDGE_LOOP ( 'NONE', ( #1952, #164, #1597, #1432 ) ) ;
#2000 = ORIENTED_EDGE ( 'NONE', *, *, #958, .T. ) ;
#2001 = DIRECTION ( 'NONE',  ( -0.9862596483485341903, 1.508320343294394861E-17, -0.1652026211639086029 ) ) ;
#2002 = PLANE ( 'NONE',  #922 ) ;
#2003 = EDGE_CURVE ( 'NONE', #1259, #1492, #313, .T. ) ;
#2004 = DIRECTION ( 'NONE',  ( 0.000000000000000000, 1.000000000000000000, 9.130123557772665869E-17 ) ) ;
#2005 = DIRECTION ( 'NONE',  ( 0.000000000000000000, 0.000000000000000000, -1.000000000000000000 ) ) ;
#2006 = ORIENTED_EDGE ( 'NONE', *, *, #31, .F. ) ;
#2007 = ORIENTED_EDGE ( 'NONE', *, *, #2049, .F. ) ;
#2008 = DIRECTION ( 'NONE',  ( 0.000000000000000000, -1.000000000000000000, 0.000000000000000000 ) ) ;
#2009 = LINE ( 'NONE', #1247, #753 ) ;
#2010 = CIRCLE ( 'NONE', #969, 10.00000000000000888 ) ;
#2011 = CYLINDRICAL_SURFACE ( 'NONE', #324, 1.000000000000000888 ) ;
#2012 = EDGE_LOOP ( 'NONE', ( #1474, #241, #463, #2019 ) ) ;
#2013 = EDGE_CURVE ( 'NONE', #158, #945, #1760, .T. ) ;
#2014 = VECTOR ( 'NONE', #592, 1000.000000000000000 ) ;
#2015 = LINE ( 'NONE', #1243, #1804 ) ;
#2016 = CARTESIAN_POINT ( 'NONE',  ( 13.00000000000000178, 32.34999999999998721, -186.8106253561329027 ) ) ;
#2017 = EDGE_CURVE ( 'NONE', #1747, #273, #1614, .T. ) ;
#2018 = ORIENTED_EDGE ( 'NONE', *, *, #608, .T. ) ;
#2019 = ORIENTED_EDGE ( 'NONE', *, *, #1728, .F. ) ;
#2020 = CARTESIAN_POINT ( 'NONE',  ( 10.50000000000000178, 32.34999999999998721, -204.0000000000000284 ) ) ;
#2021 = LINE ( 'NONE', #293, #306 ) ;
#2022 = DIRECTION ( 'NONE',  ( -1.000000000000000000, 0.000000000000000000, 0.000000000000000000 ) ) ;
#2023 = EDGE_LOOP ( 'NONE', ( #1309, #1007, #820, #1737, #1662 ) ) ;
#2024 = VECTOR ( 'NONE', #1789, 1000.000000000000000 ) ;
#2025 = VECTOR ( 'NONE', #1945, 1000.000000000000000 ) ;
#2026 = AXIS2_PLACEMENT_3D ( 'NONE', #1073, #1871, #898 ) ;
#2027 = SURFACE_STYLE_FILL_AREA ( #407 ) ;
#2028 = DIRECTION ( 'NONE',  ( 0.000000000000000000, 1.000000000000000000, 0.000000000000000000 ) ) ;
#2029 = VERTEX_POINT ( 'NONE', #1772 ) ;
#2030 = VERTEX_POINT ( 'NONE', #1740 ) ;
#2031 = FACE_OUTER_BOUND ( 'NONE', #621, .T. ) ;
#2032 = CARTESIAN_POINT ( 'NONE',  ( -13.00000000000000178, 32.34999999999998721, -188.0944961832436491 ) ) ;
#2033 = EDGE_CURVE ( 'NONE', #1033, #158, #1680, .T. ) ;
#2034 = PLANE ( 'NONE',  #981 ) ;
#2035 = ORIENTED_EDGE ( 'NONE', *, *, #1267, .T. ) ;
#2036 = DIRECTION ( 'NONE',  ( 0.000000000000000000, 0.000000000000000000, 1.000000000000000000 ) ) ;
#2037 = LINE ( 'NONE', #1877, #947 ) ;
#2038 = ORIENTED_EDGE ( 'NONE', *, *, #1056, .T. ) ;
#2039 = EDGE_LOOP ( 'NONE', ( #1630, #1106, #1266, #1912 ) ) ;
#2040 = CARTESIAN_POINT ( 'NONE',  ( -15.00000000000000000, 31.94999999999999218, -174.8867513459480847 ) ) ;
#2041 = CARTESIAN_POINT ( 'NONE',  ( 3.578989928337167115, 28.59999999999999432, -192.2236709642606627 ) ) ;
#2042 = DIRECTION ( 'NONE',  ( -1.000000000000000000, 0.000000000000000000, 0.000000000000000000 ) ) ;
#2043 = ORIENTED_EDGE ( 'NONE', *, *, #807, .T. ) ;
#2044 = AXIS2_PLACEMENT_3D ( 'NONE', #863, #1981, #1499 ) ;
#2045 = LINE ( 'NONE', #1528, #577 ) ;
#2046 = AXIS2_PLACEMENT_3D ( 'NONE', #285, #1400, #731 ) ;
#2047 = CARTESIAN_POINT ( 'NONE',  ( -13.00000000000000178, 32.34999999999998721, -186.2332750869433085 ) ) ;
#2048 = CARTESIAN_POINT ( 'NONE',  ( 10.50000000000000178, 30.34999999999998721, -204.0000000000000284 ) ) ;
#2049 = EDGE_CURVE ( 'NONE', #619, #273, #322, .T. ) ;
#2050 = FACE_OUTER_BOUND ( 'NONE', #1367, .T. ) ;
#2051 = ORIENTED_EDGE ( 'NONE', *, *, #1085, .F. ) ;
#2052 = EDGE_CURVE ( 'NONE', #1665, #1629, #1447, .T. ) ;
#2053 = VECTOR ( 'NONE', #1635, 999.9999999999998863 ) ;
#2054 = AXIS2_PLACEMENT_3D ( 'NONE', #689, #180, #530 ) ;
#2055 = CARTESIAN_POINT ( 'NONE',  ( -6.750000000000000888, 15.72975167815478947, -182.3361607699133629 ) ) ;
#2056 = VECTOR ( 'NONE', #1294, 1000.000000000000114 ) ;
#2057 = DIRECTION ( 'NONE',  ( -1.000000000000000000, 0.000000000000000000, 0.000000000000000000 ) ) ;
#2058 = CIRCLE ( 'NONE', #473, 0.5000000000000004441 ) ;
#2059 = ORIENTED_EDGE ( 'NONE', *, *, #1938, .F. ) ;
#2060 = CARTESIAN_POINT ( 'NONE',  ( -10.03464853430846659, 15.74686150178497179, -130.9669715793910711 ) ) ;
#2061 = ORIENTED_EDGE ( 'NONE', *, *, #1262, .T. ) ;
#2062 = CYLINDRICAL_SURFACE ( 'NONE', #1944, 10.00000000000000888 ) ;
#2063 = VERTEX_POINT ( 'NONE', #800 ) ;
#2064 = CARTESIAN_POINT ( 'NONE',  ( 12.00000000000000000, 28.59999999999999432, -186.8106253561329027 ) ) ;
#2065 = CARTESIAN_POINT ( 'NONE',  ( -10.49999999999999822, 28.59999999999999432, -198.8097944659891425 ) ) ;
#2066 = ORIENTED_EDGE ( 'NONE', *, *, #386, .T. ) ;
#2067 = CARTESIAN_POINT ( 'NONE',  ( -7.250000000000000888, 28.59999999999999432, -182.3361607699133629 ) ) ;
#2068 = EDGE_LOOP ( 'NONE', ( #457, #887, #961, #897 ) ) ;
#2069 = DIRECTION ( 'NONE',  ( 0.000000000000000000, 1.000000000000000000, 0.000000000000000000 ) ) ;
#2070 = VERTEX_POINT ( 'NONE', #1440 ) ;
#2071 = VERTEX_POINT ( 'NONE', #8 ) ;
#2072 = VECTOR ( 'NONE', #1972, 1000.000000000000000 ) ;
#2073 = ADVANCED_FACE ( 'NONE', ( #177 ), #2062, .F. ) ;
#2074 = DIRECTION ( 'NONE',  ( 0.8660254037844395958, 0.000000000000000000, -0.4999999999999983347 ) ) ;
#2075 = DIRECTION ( 'NONE',  ( 0.000000000000000000, 1.000000000000000000, 0.000000000000000000 ) ) ;
#2076 = EDGE_CURVE ( 'NONE', #1619, #397, #650, .T. ) ;
#2077 = ORIENTED_EDGE ( 'NONE', *, *, #835, .T. ) ;
#2078 = ADVANCED_FACE ( 'EFI7', ( #301 ), #823, .F. ) ;
#2079 = DIRECTION ( 'NONE',  ( -0.3420201433256614965, 0.000000000000000000, 0.9396926207859109814 ) ) ;
#2080 = EDGE_LOOP ( 'NONE', ( #1806, #260, #1935, #390 ) ) ;
#2081 = DIRECTION ( 'NONE',  ( 0.000000000000000000, -1.000000000000000000, -9.130123557772668334E-17 ) ) ;
#2082 = ORIENTED_EDGE ( 'NONE', *, *, #591, .T. ) ;
#2083 = CARTESIAN_POINT ( 'NONE',  ( -15.00000000000000000, 28.59999999999999432, -174.8867513459480563 ) ) ;
ENDSEC;
END-ISO-10303-21;
