ISO-10303-21;
HEADER;
FILE_DESCRIPTION (( 'STEP AP214' ),
    '1' );
FILE_NAME ('Stange30mm_Step2.step',
    '2026-10-08T13:18:22',
    ( '' ),
    ( '' ),
    'SwSTEP 2.0',
    'SolidWorks 2025',
    '' );
FILE_SCHEMA (( 'AUTOMOTIVE_DESIGN' ));
ENDSEC;

DATA;
#1 = CARTESIAN_POINT ( 'NONE',  ( 3.749999999999968470, -13.62024832184527767, 22.69351727465446444 ) ) ;
#2 = CARTESIAN_POINT ( 'NONE',  ( -13.00000000000000000, -0.7500000000000006661, 16.23327508694407229 ) ) ;
#3 = ORIENTED_EDGE ( 'NONE', *, *, #1015, .F. ) ;
#4 = LINE ( 'NONE', #607, #1190 ) ;
#5 = EDGE_CURVE ( 'NONE', #399, #1775, #775, .T. ) ;
#7 = ORIENTED_EDGE ( 'NONE', *, *, #1420, .F. ) ;
#6 = VECTOR ( 'NONE', #1797, 1000.000000000000000 ) ;
#8 = EDGE_CURVE ( 'NONE', #802, #325, #2221, .T. ) ;
#9 = DIRECTION ( 'NONE',  ( 1.000000000000000000, 0.000000000000000000, 0.000000000000000000 ) ) ;
#10 = LINE ( 'NONE', #1768, #1990 ) ;
#11 = FACE_OUTER_BOUND ( 'NONE', #1897, .T. ) ;
#12 = AXIS2_PLACEMENT_3D ( 'NONE', #796, #273, #113 ) ;
#13 = ORIENTED_EDGE ( 'NONE', *, *, #328, .T. ) ;
#14 = DIRECTION ( 'NONE',  ( 0.000000000000000000, 0.000000000000000000, -1.000000000000000000 ) ) ;
#15 = CARTESIAN_POINT ( 'NONE',  ( -14.30000000000000071, 3.000000000000000000, 8.173619396172771445 ) ) ;
#16 = VECTOR ( 'NONE', #723, 1000.000000000000000 ) ;
#17 = VECTOR ( 'NONE', #1580, 1000.000000000000000 ) ;
#18 = ORIENTED_EDGE ( 'NONE', *, *, #2201, .F. ) ;
#19 = AXIS2_PLACEMENT_3D ( 'NONE', #1094, #917, #556 ) ;
#20 = DIRECTION ( 'NONE',  ( -0.000000000000000000, 1.000000000000000000, -0.000000000000000000 ) ) ;
#21 = EDGE_CURVE ( 'NONE', #1721, #68, #486, .T. ) ;
#22 = DIRECTION ( 'NONE',  ( 0.000000000000000000, 0.000000000000000000, -1.000000000000000000 ) ) ;
#23 = EDGE_CURVE ( 'NONE', #1118, #1930, #665, .T. ) ;
#24 = ORIENTED_EDGE ( 'NONE', *, *, #407, .F. ) ;
#25 = LINE ( 'NONE', #786, #1702 ) ;
#26 = DIRECTION ( 'NONE',  ( -0.000000000000000000, -0.000000000000000000, 1.000000000000000000 ) ) ;
#27 = VERTEX_POINT ( 'NONE', #1188 ) ;
#28 = LINE ( 'NONE', #146, #2061 ) ;
#29 = ORIENTED_EDGE ( 'NONE', *, *, #459, .F. ) ;
#30 = EDGE_CURVE ( 'NONE', #1364, #575, #1018, .T. ) ;
#31 = CARTESIAN_POINT ( 'NONE',  ( 10.49999999999999645, -13.62024832184527767, 30.50000000000000000 ) ) ;
#32 = CARTESIAN_POINT ( 'NONE',  ( -0.6964278590592890561, -10.07248903144489205, 53.33658590870413718 ) ) ;
#33 = ORIENTED_EDGE ( 'NONE', *, *, #1134, .F. ) ;
#34 = DIRECTION ( 'NONE',  ( 4.604373675112123997E-16, 0.000000000000000000, 1.000000000000000000 ) ) ;
#35 = CARTESIAN_POINT ( 'NONE',  ( -4.249999999999985789, 5.204748896376233936E-16, 5972.500000000000000 ) ) ;
#36 = CARTESIAN_POINT ( 'NONE',  ( 3.499999999999968470, -0.7499999999999997780, 24.19099231247302484 ) ) ;
#37 = ORIENTED_EDGE ( 'NONE', *, *, #30, .T. ) ;
#38 = DIRECTION ( 'NONE',  ( 0.000000000000000000, 0.000000000000000000, 1.000000000000000000 ) ) ;
#39 = EDGE_CURVE ( 'NONE', #1456, #2060, #847, .T. ) ;
#40 = ORIENTED_EDGE ( 'NONE', *, *, #583, .T. ) ;
#41 = CARTESIAN_POINT ( 'NONE',  ( 10.49999999999999467, 3.000000000000000000, 29.09846960058485976 ) ) ;
#42 = CARTESIAN_POINT ( 'NONE',  ( 0.6964278590434699323, -10.07248903144598629, 53.33658590871434058 ) ) ;
#43 = AXIS2_PLACEMENT_3D ( 'NONE', #100, #1843, #958 ) ;
#44 = ORIENTED_EDGE ( 'NONE', *, *, #363, .T. ) ;
#45 = DIRECTION ( 'NONE',  ( 0.000000000000000000, -1.000000000000000000, 0.000000000000000000 ) ) ;
#46 = DIRECTION ( 'NONE',  ( 0.000000000000000000, 0.000000000000000000, 1.000000000000000000 ) ) ;
#47 = AXIS2_PLACEMENT_3D ( 'NONE', #693, #481, #1030 ) ;
#48 = EDGE_CURVE ( 'NONE', #854, #2119, #2062, .T. ) ;
#49 = VERTEX_POINT ( 'NONE', #455 ) ;
#50 = CIRCLE ( 'NONE', #1701, 1.500000000000001332 ) ;
#51 = VERTEX_POINT ( 'NONE', #1688 ) ;
#52 = DIRECTION ( 'NONE',  ( 0.000000000000000000, 1.000000000000000000, 1.020425574104003260E-16 ) ) ;
#53 = ORIENTED_EDGE ( 'NONE', *, *, #2046, .F. ) ;
#54 = EDGE_CURVE ( 'NONE', #1470, #229, #1858, .T. ) ;
#55 = CIRCLE ( 'NONE', #2033, 1.499999999999999556 ) ;
#56 = LINE ( 'NONE', #2131, #232 ) ;
#57 = VECTOR ( 'NONE', #1191, 1000.000000000000000 ) ;
#58 = ORIENTED_EDGE ( 'NONE', *, *, #131, .F. ) ;
#59 = CYLINDRICAL_SURFACE ( 'NONE', #535, 1.500000000000001332 ) ;
#60 = VECTOR ( 'NONE', #292, 1000.000000000000000 ) ;
#61 = CARTESIAN_POINT ( 'NONE',  ( -6.999999999999731770, -0.7499999999999997780, 12.76917347180616247 ) ) ;
#62 = EDGE_LOOP ( 'NONE', ( #7, #2022, #219, #695 ) ) ;
#63 = ORIENTED_EDGE ( 'NONE', *, *, #1299, .F. ) ;
#64 = LINE ( 'NONE', #2151, #1254 ) ;
#65 = AXIS2_PLACEMENT_3D ( 'NONE', #1370, #2246, #1747 ) ;
#66 = ORIENTED_EDGE ( 'NONE', *, *, #759, .T. ) ;
#67 = DIRECTION ( 'NONE',  ( -0.000000000000000000, 1.000000000000000000, -0.000000000000000000 ) ) ;
#68 = VERTEX_POINT ( 'NONE', #1153 ) ;
#69 = CARTESIAN_POINT ( 'NONE',  ( 14.14956661997213416, 2.999999999999999556, 34.00000000000002842 ) ) ;
#70 = LINE ( 'NONE', #1298, #1457 ) ;
#71 = CONICAL_SURFACE ( 'NONE', #2110, 15.00000000000000000, 0.2617993877991494633 ) ;
#72 = CARTESIAN_POINT ( 'NONE',  ( 3.578989928337132476, 3.000000000000000000, 22.22367096426151178 ) ) ;
#73 = ORIENTED_EDGE ( 'NONE', *, *, #653, .F. ) ;
#74 = CARTESIAN_POINT ( 'NONE',  ( 14.29999999999999183, -2.656019289743281497, 4.482606157515753864 ) ) ;
#75 = ORIENTED_EDGE ( 'NONE', *, *, #1201, .T. ) ;
#76 = CARTESIAN_POINT ( 'NONE',  ( -3.249999999999968026, -13.62024832184527767, 22.69351727465446444 ) ) ;
#77 = DIRECTION ( 'NONE',  ( -6.772484123137272606E-16, 0.000000000000000000, 1.000000000000000000 ) ) ;
#78 = EDGE_CURVE ( 'NONE', #1721, #27, #1734, .T. ) ;
#79 = EDGE_CURVE ( 'NONE', #1775, #1849, #640, .T. ) ;
#80 = VERTEX_POINT ( 'NONE', #1202 ) ;
#81 = CARTESIAN_POINT ( 'NONE',  ( 4.270566918670284373, -9.588483900608464339, 48.82075656019020471 ) ) ;
#82 = CARTESIAN_POINT ( 'NONE',  ( -12.99999999999999822, -13.62024832184527767, 18.79470372145405932 ) ) ;
#83 = AXIS2_PLACEMENT_3D ( 'NONE', #1180, #38, #2234 ) ;
#84 = ORIENTED_EDGE ( 'NONE', *, *, #1294, .T. ) ;
#85 = ORIENTED_EDGE ( 'NONE', *, *, #1299, .T. ) ;
#86 = LINE ( 'NONE', #793, #1069 ) ;
#87 = EDGE_CURVE ( 'NONE', #1770, #1062, #2072, .T. ) ;
#88 = EDGE_LOOP ( 'NONE', ( #1150, #1049, #1530, #1066 ) ) ;
#89 = EDGE_CURVE ( 'NONE', #1922, #1523, #157, .T. ) ;
#90 = CARTESIAN_POINT ( 'NONE',  ( -15.00000000000000000, 3.000000000000000000, 4.886751345948494141 ) ) ;
#91 = CARTESIAN_POINT ( 'NONE',  ( -12.68857754044951847, -8.000000000000003553, 31.99999999999997158 ) ) ;
#92 = EDGE_CURVE ( 'NONE', #2166, #2020, #462, .T. ) ;
#93 = VERTEX_POINT ( 'NONE', #1345 ) ;
#94 = DIRECTION ( 'NONE',  ( 0.000000000000000000, -1.000000000000000000, 0.000000000000000000 ) ) ;
#95 = CARTESIAN_POINT ( 'NONE',  ( -14.30000000000000071, -0.7499999999999997780, 8.173619396172771445 ) ) ;
#96 = EDGE_CURVE ( 'NONE', #1151, #2166, #2233, .T. ) ;
#97 = VERTEX_POINT ( 'NONE', #468 ) ;
#98 = PLANE ( 'NONE',  #1105 ) ;
#99 = EDGE_LOOP ( 'NONE', ( #1059, #620, #936, #106 ) ) ;
#100 = CARTESIAN_POINT ( 'NONE',  ( 11.49999999999999822, -0.7500000000000006661, 17.74439241413950086 ) ) ;
#101 = ORIENTED_EDGE ( 'NONE', *, *, #173, .T. ) ;
#102 = DIRECTION ( 'NONE',  ( 0.000000000000000000, 0.000000000000000000, 1.000000000000000000 ) ) ;
#103 = CARTESIAN_POINT ( 'NONE',  ( -12.05032097219945797, -8.000000000000003553, 34.00000000000002842 ) ) ;
#104 = FILL_AREA_STYLE ('',( #275 ) ) ;
#105 = DIRECTION ( 'NONE',  ( -0.2588190451025207950, 0.000000000000000000, -0.9659258262890683122 ) ) ;
#106 = ORIENTED_EDGE ( 'NONE', *, *, #1241, .F. ) ;
#107 = CARTESIAN_POINT ( 'NONE',  ( 15.00000000000000000, -0.7499999999999997780, 4.886751345948494141 ) ) ;
#108 = ORIENTED_EDGE ( 'NONE', *, *, #2175, .F. ) ;
#109 = ORIENTED_EDGE ( 'NONE', *, *, #1230, .F. ) ;
#110 = EDGE_CURVE ( 'NONE', #2101, #1645, #1923, .T. ) ;
#111 = CARTESIAN_POINT ( 'NONE',  ( -10.49999999999999467, 2.999999999999999112, 29.09846960058485976 ) ) ;
#112 = DIRECTION ( 'NONE',  ( 0.000000000000000000, 0.000000000000000000, -1.000000000000000000 ) ) ;
#113 = DIRECTION ( 'NONE',  ( -0.9396926207859062075, 0.000000000000000000, 0.3420201433256745971 ) ) ;
#114 = CARTESIAN_POINT ( 'NONE',  ( -3.800298422690608025, 9.249742261192743342, 50.66025403784435355 ) ) ;
#115 = CARTESIAN_POINT ( 'NONE',  ( 14.69693845669906906, 3.000000000000000000, 32.00000000000000000 ) ) ;
#116 = CARTESIAN_POINT ( 'NONE',  ( 3.249999999999968026, -0.7500000000000006661, 23.75797961058080787 ) ) ;
#117 = ORIENTED_EDGE ( 'NONE', *, *, #2179, .F. ) ;
#118 = CARTESIAN_POINT ( 'NONE',  ( -8.999999999999998224, -0.7499999999999997780, 32.00000000000000000 ) ) ;
#119 = ORIENTED_EDGE ( 'NONE', *, *, #1485, .F. ) ;
#120 = EDGE_CURVE ( 'NONE', #584, #2127, #1636, .T. ) ;
#121 = EDGE_CURVE ( 'NONE', #1849, #924, #1562, .T. ) ;
#122 = CIRCLE ( 'NONE', #1218, 10.00000000000000533 ) ;
#123 = CIRCLE ( 'NONE', #638, 0.5000000000000004441 ) ;
#124 = DIRECTION ( 'NONE',  ( 1.000000000000000000, 0.000000000000000000, 0.000000000000000000 ) ) ;
#125 = AXIS2_PLACEMENT_3D ( 'NONE', #1402, #1759, #1587 ) ;
#126 = CARTESIAN_POINT ( 'NONE',  ( -3.749999999999968470, -0.7499999999999997780, 23.75797961058080787 ) ) ;
#127 = AXIS2_PLACEMENT_3D ( 'NONE', #561, #1602, #2091 ) ;
#128 = CARTESIAN_POINT ( 'NONE',  ( 3.401597907883952221, -9.682485863713880647, 49.69780681599175409 ) ) ;
#129 = CARTESIAN_POINT ( 'NONE',  ( 13.00000000000000000, -0.7500000000000006661, 17.09930049072850977 ) ) ;
#130 = FACE_OUTER_BOUND ( 'NONE', #1960, .T. ) ;
#131 = EDGE_CURVE ( 'NONE', #313, #186, #1888, .T. ) ;
#132 = VECTOR ( 'NONE', #827, 1000.000000000000000 ) ;
#133 = VERTEX_POINT ( 'NONE', #1868 ) ;
#134 = DIRECTION ( 'NONE',  ( 0.000000000000000000, 0.000000000000000000, 1.000000000000000000 ) ) ;
#135 = CARTESIAN_POINT ( 'NONE',  ( -12.25000000000000000, -0.7500000000000006661, 15.80026238505185354 ) ) ;
#136 = CARTESIAN_POINT ( 'NONE',  ( 8.999999999999998224, 2.999999999999999112, 30.50000000000000000 ) ) ;
#137 = DIRECTION ( 'NONE',  ( -1.000000000000000000, 0.000000000000000000, 0.000000000000000000 ) ) ;
#138 = VECTOR ( 'NONE', #1780, 1000.000000000000000 ) ;
#139 = CYLINDRICAL_SURFACE ( 'NONE', #208, 0.5000000000000004441 ) ;
#140 = CARTESIAN_POINT ( 'NONE',  ( 12.25000000000000000, 3.000000000000000000, 15.80026238505185354 ) ) ;
#141 = CARTESIAN_POINT ( 'NONE',  ( -3.249999999999968026, -0.7500000000000006661, 23.75797961058080787 ) ) ;
#142 = VERTEX_POINT ( 'NONE', #2211 ) ;
#143 = DIRECTION ( 'NONE',  ( 0.8660254037844384856, 0.000000000000000000, 0.5000000000000001110 ) ) ;
#144 = CARTESIAN_POINT ( 'NONE',  ( 12.99999999999999822, 3.000000000000000000, 18.79470372145405932 ) ) ;
#145 = CARTESIAN_POINT ( 'NONE',  ( 3.749999999999968026, -13.62024832184527767, 23.75797961058080787 ) ) ;
#146 = CARTESIAN_POINT ( 'NONE',  ( 6.999999999999730882, -0.7499999999999997780, 12.76917347180616247 ) ) ;
#147 = EDGE_CURVE ( 'NONE', #1243, #1148, #2037, .T. ) ;
#148 = DIRECTION ( 'NONE',  ( -0.9396926207859063185, 0.000000000000000000, 0.3420201433256743750 ) ) ;
#149 = DIRECTION ( 'NONE',  ( -1.000000000000000000, 0.000000000000000000, 6.772484123137272606E-16 ) ) ;
#150 = CARTESIAN_POINT ( 'NONE',  ( 0.000000000000000000, 0.000000000000000000, 31.99999999999997158 ) ) ;
#151 = VERTEX_POINT ( 'NONE', #317 ) ;
#152 = DIRECTION ( 'NONE',  ( -0.000000000000000000, -1.000000000000000000, -0.000000000000000000 ) ) ;
#153 = EDGE_LOOP ( 'NONE', ( #2058, #2252, #2241, #1386 ) ) ;
#154 = VERTEX_POINT ( 'NONE', #286 ) ;
#155 = EDGE_CURVE ( 'NONE', #1930, #854, #987, .T. ) ;
#156 = VECTOR ( 'NONE', #1659, 1000.000000000000000 ) ;
#157 = LINE ( 'NONE', #1165, #2243 ) ;
#158 = DIRECTION ( 'NONE',  ( 0.000000000000000000, 0.000000000000000000, -1.000000000000000000 ) ) ;
#159 = APPLICATION_CONTEXT ( 'automotive_design' ) ;
#160 = CIRCLE ( 'NONE', #555, 1.500000000000001332 ) ;
#161 = DIRECTION ( 'NONE',  ( 0.000000000000000000, 0.000000000000000000, 1.000000000000000000 ) ) ;
#162 = LINE ( 'NONE', #115, #1036 ) ;
#163 = FACE_OUTER_BOUND ( 'NONE', #234, .T. ) ;
#164 = ORIENTED_EDGE ( 'NONE', *, *, #1306, .F. ) ;
#165 = DIRECTION ( 'NONE',  ( -0.000000000000000000, -0.000000000000000000, -1.000000000000000000 ) ) ;
#166 = VECTOR ( 'NONE', #2212, 1000.000000000000000 ) ;
#167 = ORIENTED_EDGE ( 'NONE', *, *, #1376, .F. ) ;
#168 = VECTOR ( 'NONE', #2230, 1000.000000000000000 ) ;
#169 = VERTEX_POINT ( 'NONE', #849 ) ;
#170 = DIRECTION ( 'NONE',  ( -0.000000000000000000, 1.000000000000000000, -0.000000000000000000 ) ) ;
#171 = CARTESIAN_POINT ( 'NONE',  ( -2.059426411974976556, -9.785640646054131864, 50.66025403783560677 ) ) ;
#172 = VECTOR ( 'NONE', #1949, 1000.000000000000000 ) ;
#173 = EDGE_CURVE ( 'NONE', #214, #845, #1043, .T. ) ;
#174 = VERTEX_POINT ( 'NONE', #1695 ) ;
#175 = DIRECTION ( 'NONE',  ( 0.000000000000000000, 1.000000000000000000, 0.000000000000000000 ) ) ;
#176 = VECTOR ( 'NONE', #165, 1000.000000000000000 ) ;
#177 = ADVANCED_FACE ( 'NONE', ( #1722 ), #502, .T. ) ;
#178 = ORIENTED_EDGE ( 'NONE', *, *, #1947, .T. ) ;
#179 = CARTESIAN_POINT ( 'NONE',  ( 4.249999999999988454, 0.000000000000000000, 6000.000000000000000 ) ) ;
#180 = LINE ( 'NONE', #2, #16 ) ;
#181 = CARTESIAN_POINT ( 'NONE',  ( -2.059426411974976556, -9.785640646054131864, 50.66025403783560677 ) ) ;
#182 =( BOUNDED_CURVE ( )  B_SPLINE_CURVE ( 3, ( #69, #1633, #1646, #1275 ),
 .UNSPECIFIED., .F., .F. ) 
 B_SPLINE_CURVE_WITH_KNOTS ( ( 4, 4 ),
 ( 2.502715746428010757, 2.980746965702167017 ),
 .UNSPECIFIED. ) 
 CURVE ( )  GEOMETRIC_REPRESENTATION_ITEM ( )  RATIONAL_B_SPLINE_CURVE ( ( 1.000000000000000000, 0.9810476642425869365, 0.9810476642425869365, 1.000000000000000000 ) ) 
 REPRESENTATION_ITEM ( '' )  );
#183 = ORIENTED_EDGE ( 'NONE', *, *, #2116, .T. ) ;
#184 = LINE ( 'NONE', #1129, #2094 ) ;
#185 = DIRECTION ( 'NONE',  ( 0.000000000000000000, 0.000000000000000000, 1.000000000000000000 ) ) ;
#186 = VERTEX_POINT ( 'NONE', #1547 ) ;
#187 = EDGE_LOOP ( 'NONE', ( #1318, #518, #1572, #2138, #66, #1837, #790, #329 ) ) ;
#188 = ADVANCED_FACE ( 'NONE', ( #1331 ), #812, .F. ) ;
#189 = ORIENTED_EDGE ( 'NONE', *, *, #964, .F. ) ;
#190 = DIRECTION ( 'NONE',  ( 0.000000000000000000, 0.000000000000000000, 1.000000000000000000 ) ) ;
#191 = CARTESIAN_POINT ( 'NONE',  ( -14.98123826657863589, -0.7499999999999997780, 8.173619396172782103 ) ) ;
#192 = EDGE_CURVE ( 'NONE', #792, #1936, #1374, .T. ) ;
#193 = PLANE ( 'NONE',  #437 ) ;
#194 = CONICAL_SURFACE ( 'NONE', #710, 15.00000000000000000, 0.2617993877991494633 ) ;
#195 = EDGE_LOOP ( 'NONE', ( #1388, #1083, #1677, #1086, #282, #1627 ) ) ;
#196 = CARTESIAN_POINT ( 'NONE',  ( -14.69693845669905485, 3.000000000000000000, 8.173619396172771445 ) ) ;
#197 = CARTESIAN_POINT ( 'NONE',  ( 3.800298422690629785, 9.249742261192750448, 50.66025403784435355 ) ) ;
#198 = AXIS2_PLACEMENT_3D ( 'NONE', #951, #2165, #2113 ) ;
#199 = EDGE_CURVE ( 'NONE', #649, #403, #1875, .T. ) ;
#200 = ORIENTED_EDGE ( 'NONE', *, *, #1593, .T. ) ;
#201 = CARTESIAN_POINT ( 'NONE',  ( 8.999999999999996447, -0.7499999999999997780, 29.09846960058485976 ) ) ;
#202 = ORIENTED_EDGE ( 'NONE', *, *, #79, .F. ) ;
#203 = DIRECTION ( 'NONE',  ( 0.000000000000000000, 1.000000000000000000, 0.000000000000000000 ) ) ;
#204 = ORIENTED_EDGE ( 'NONE', *, *, #597, .T. ) ;
#205 = LINE ( 'NONE', #911, #428 ) ;
#206 = FACE_OUTER_BOUND ( 'NONE', #1145, .T. ) ;
#207 = DIRECTION ( 'NONE',  ( -0.000000000000000000, 1.000000000000000000, -0.000000000000000000 ) ) ;
#208 = AXIS2_PLACEMENT_3D ( 'NONE', #1, #321, #2065 ) ;
#209 = EDGE_LOOP ( 'NONE', ( #268, #1828, #957, #202 ) ) ;
#210 = CARTESIAN_POINT ( 'NONE',  ( 15.00000000000000000, 3.000000000000000000, 4.886751345948494141 ) ) ;
#211 = VERTEX_POINT ( 'NONE', #1557 ) ;
#212 =( GEOMETRIC_REPRESENTATION_CONTEXT ( 3 ) GLOBAL_UNCERTAINTY_ASSIGNED_CONTEXT ( ( #557 ) ) GLOBAL_UNIT_ASSIGNED_CONTEXT ( ( #749, #1403, #388 ) ) REPRESENTATION_CONTEXT ( 'NONE', 'WORKASPACE' ) );
#213 = CARTESIAN_POINT ( 'NONE',  ( -8.781864124784984448E-14, -0.7499999999999994449, 16.50000000000000000 ) ) ;
#214 = VERTEX_POINT ( 'NONE', #2069 ) ;
#215 = DIRECTION ( 'NONE',  ( 4.604373675112123997E-16, 0.000000000000000000, 1.000000000000000000 ) ) ;
#216 = DIRECTION ( 'NONE',  ( -0.000000000000000000, 1.000000000000000000, -0.000000000000000000 ) ) ;
#217 = VERTEX_POINT ( 'NONE', #846 ) ;
#218 = DIRECTION ( 'NONE',  ( -1.000000000000000000, 0.000000000000000000, -0.000000000000000000 ) ) ;
#219 = ORIENTED_EDGE ( 'NONE', *, *, #1095, .F. ) ;
#220 = CARTESIAN_POINT ( 'NONE',  ( -8.781864124784984448E-14, -0.7499999999999997780, 18.14999999999999503 ) ) ;
#221 = VECTOR ( 'NONE', #1465, 1000.000000000000000 ) ;
#222 = ORIENTED_EDGE ( 'NONE', *, *, #1178, .T. ) ;
#223 = CARTESIAN_POINT ( 'NONE',  ( -7.249999999999730882, -0.7500000000000006661, 11.27169843398760207 ) ) ;
#224 = DIRECTION ( 'NONE',  ( 0.000000000000000000, -1.000000000000000000, 0.000000000000000000 ) ) ;
#225 = AXIS2_PLACEMENT_3D ( 'NONE', #963, #2029, #977 ) ;
#226 = VECTOR ( 'NONE', #1689, 1000.000000000000227 ) ;
#227 = ORIENTED_EDGE ( 'NONE', *, *, #1818, .T. ) ;
#228 = CIRCLE ( 'NONE', #824, 0.5000000000000000000 ) ;
#229 = VERTEX_POINT ( 'NONE', #1542 ) ;
#230 = CARTESIAN_POINT ( 'NONE',  ( 12.26458431814327810, -8.000000000000003553, 33.33380314084108420 ) ) ;
#231 = ORIENTED_EDGE ( 'NONE', *, *, #940, .F. ) ;
#232 = VECTOR ( 'NONE', #203, 1000.000000000000000 ) ;
#233 = FACE_OUTER_BOUND ( 'NONE', #1269, .T. ) ;
#234 = EDGE_LOOP ( 'NONE', ( #970, #809, #757, #1595, #200, #1541, #389 ) ) ;
#235 = CARTESIAN_POINT ( 'NONE',  ( 10.49999999999999467, -13.62024832184527767, 28.23244419680041872 ) ) ;
#236 = LINE ( 'NONE', #944, #978 ) ;
#237 = ADVANCED_FACE ( 'NONE', ( #497 ), #1531, .F. ) ;
#238 = PLANE ( 'NONE',  #1628 ) ;
#239 = ORIENTED_EDGE ( 'NONE', *, *, #1713, .F. ) ;
#240 = CARTESIAN_POINT ( 'NONE',  ( 12.68857754044951847, -8.000000000000003553, 31.99999999999997158 ) ) ;
#241 = VECTOR ( 'NONE', #1001, 1000.000000000000000 ) ;
#242 = ORIENTED_EDGE ( 'NONE', *, *, #243, .T. ) ;
#243 = EDGE_CURVE ( 'NONE', #721, #1024, #1887, .T. ) ;
#244 = ADVANCED_FACE ( 'NONE', ( #1045 ), #1357, .F. ) ;
#245 = VECTOR ( 'NONE', #1025, 1000.000000000000000 ) ;
#246 = DIRECTION ( 'NONE',  ( 0.000000000000000000, -1.000000000000000000, 0.000000000000000000 ) ) ;
#247 = PLANE ( 'NONE',  #198 ) ;
#248 = EDGE_CURVE ( 'NONE', #1139, #1876, #1017, .T. ) ;
#249 = ORIENTED_EDGE ( 'NONE', *, *, #865, .T. ) ;
#250 = CARTESIAN_POINT ( 'NONE',  ( -13.00000000000000000, -0.7500000000000006661, 17.09930049072850977 ) ) ;
#251 = CARTESIAN_POINT ( 'NONE',  ( -3.700254002736049763, -9.652221530091956936, 49.41543673915616353 ) ) ;
#252 = AXIS2_PLACEMENT_3D ( 'NONE', #1873, #1565, #694 ) ;
#253 = LINE ( 'NONE', #1507, #1407 ) ;
#254 = ORIENTED_EDGE ( 'NONE', *, *, #893, .T. ) ;
#255 = DIRECTION ( 'NONE',  ( 1.000000000000000000, 0.000000000000000000, 0.000000000000000000 ) ) ;
#256 = VERTEX_POINT ( 'NONE', #1568 ) ;
#257 = EDGE_CURVE ( 'NONE', #211, #1464, #2240, .T. ) ;
#258 = EDGE_CURVE ( 'NONE', #1411, #1680, #517, .T. ) ;
#259 = DIRECTION ( 'NONE',  ( -0.000000000000000000, -1.000000000000000000, -0.000000000000000000 ) ) ;
#260 = FACE_OUTER_BOUND ( 'NONE', #1438, .T. ) ;
#261 = ADVANCED_FACE ( 'NONE', ( #2250 ), #2229, .T. ) ;
#262 = ORIENTED_EDGE ( 'NONE', *, *, #173, .F. ) ;
#263 = CARTESIAN_POINT ( 'NONE',  ( -3.749999999999968026, -13.62024832184527767, 22.69351727465446444 ) ) ;
#264 = DIRECTION ( 'NONE',  ( -0.000000000000000000, -0.000000000000000000, 1.000000000000000000 ) ) ;
#265 = AXIS2_PLACEMENT_3D ( 'NONE', #503, #1433, #1244 ) ;
#266 = ORIENTED_EDGE ( 'NONE', *, *, #1824, .T. ) ;
#267 = DIRECTION ( 'NONE',  ( -0.000000000000000000, -1.000000000000000000, -0.000000000000000000 ) ) ;
#268 = ORIENTED_EDGE ( 'NONE', *, *, #5, .F. ) ;
#269 = CARTESIAN_POINT ( 'NONE',  ( 10.49999999999999467, -0.7500000000000006661, 29.09846960058485976 ) ) ;
#270 = AXIS2_PLACEMENT_3D ( 'NONE', #2203, #2075, #1350 ) ;
#271 = ORIENTED_EDGE ( 'NONE', *, *, #54, .T. ) ;
#272 = CARTESIAN_POINT ( 'NONE',  ( -8.999999999999998224, -0.7499999999999997780, 30.50000000000000000 ) ) ;
#273 = DIRECTION ( 'NONE',  ( -0.3420201433256745971, 0.000000000000000000, -0.9396926207859062075 ) ) ;
#274 = ORIENTED_EDGE ( 'NONE', *, *, #199, .F. ) ;
#275 = FILL_AREA_STYLE_COLOUR ( '', #357 ) ;
#276 = LINE ( 'NONE', #2147, #1046 ) ;
#277 = VECTOR ( 'NONE', #1366, 1000.000000000000227 ) ;
#278 = EDGE_CURVE ( 'NONE', #867, #1632, #1197, .T. ) ;
#279 = AXIS2_PLACEMENT_3D ( 'NONE', #529, #730, #2125 ) ;
#280 = ORIENTED_EDGE ( 'NONE', *, *, #1303, .F. ) ;
#281 = LINE ( 'NONE', #1300, #892 ) ;
#282 = ORIENTED_EDGE ( 'NONE', *, *, #1099, .T. ) ;
#283 = B_SPLINE_CURVE_WITH_KNOTS ( 'NONE', 3,
 ( #1496, #1862, #632, #586, #1312, #1133, #2168, #808, #2181, #2156, #967, #251, #1285, #1505, #1472, #410 ),
 .UNSPECIFIED., .F., .F.,
 ( 4, 2, 2, 2, 2, 2, 2, 4 ),
 ( 2.157325978931133502E-07, 0.004941122337961105331, 0.009882028943324317263, 0.01235248224600593234, 0.01482293554868754568, 0.01729338885136916248, 0.01852861550270996915, 0.01976384215405077582 ),
 .UNSPECIFIED. ) ;
#284 = ORIENTED_EDGE ( 'NONE', *, *, #500, .F. ) ;
#285 = AXIS2_PLACEMENT_3D ( 'NONE', #2236, #1381, #681 ) ;
#286 = CARTESIAN_POINT ( 'NONE',  ( 6.999999999999731770, 3.000000000000000000, 12.76917347180616247 ) ) ;
#287 = CYLINDRICAL_SURFACE ( 'NONE', #1040, 15.00000000000000000 ) ;
#288 = LINE ( 'NONE', #1347, #1880 ) ;
#289 = AXIS2_PLACEMENT_3D ( 'NONE', #326, #1908, #1216 ) ;
#290 = EDGE_CURVE ( 'NONE', #1661, #734, #2059, .T. ) ;
#291 =( LENGTH_UNIT ( ) NAMED_UNIT ( * ) SI_UNIT ( .MILLI., .METRE. ) );
#292 = DIRECTION ( 'NONE',  ( -1.000000000000000000, 0.000000000000000000, 0.000000000000000000 ) ) ;
#293 = ADVANCED_FACE ( 'NONE', ( #2078 ), #1003, .T. ) ;
#294 = ORIENTED_EDGE ( 'NONE', *, *, #2213, .F. ) ;
#295 = AXIS2_PLACEMENT_3D ( 'NONE', #853, #2248, #495 ) ;
#296 = CARTESIAN_POINT ( 'NONE',  ( -14.69693845669905308, 2.999999999999999556, 32.00000000000002842 ) ) ;
#297 = EDGE_LOOP ( 'NONE', ( #1832, #1967, #918, #993 ) ) ;
#298 = DIRECTION ( 'NONE',  ( 0.000000000000000000, 1.000000000000000000, 0.000000000000000000 ) ) ;
#299 = CARTESIAN_POINT ( 'NONE',  ( -7.078989928336893556, -13.62024832184527767, 10.80185212359464941 ) ) ;
#300 = CARTESIAN_POINT ( 'NONE',  ( 2.059426411959124348, -9.785640646055075109, 50.66025403784435355 ) ) ;
#301 = LINE ( 'NONE', #1737, #637 ) ;
#302 = CARTESIAN_POINT ( 'NONE',  ( 10.49999999999999645, 3.000000000000000000, 30.50000000000000000 ) ) ;
#303 = EDGE_LOOP ( 'NONE', ( #1233, #2228 ) ) ;
#304 = CARTESIAN_POINT ( 'NONE',  ( -6.749999999999730882, 3.000000000000000000, 10.92159466488274866 ) ) ;
#305 = ORIENTED_EDGE ( 'NONE', *, *, #438, .F. ) ;
#306 = AXIS2_PLACEMENT_3D ( 'NONE', #1136, #2035, #1864 ) ;
#307 = DIRECTION ( 'NONE',  ( 1.000000000000000000, 0.000000000000000000, 0.000000000000000000 ) ) ;
#308 = CARTESIAN_POINT ( 'NONE',  ( 3.249999999999968026, -13.62024832184527767, 22.34341350554961281 ) ) ;
#309 = VECTOR ( 'NONE', #2207, 1000.000000000000114 ) ;
#310 = DIRECTION ( 'NONE',  ( 0.000000000000000000, 1.000000000000000000, 0.000000000000000000 ) ) ;
#311 = CARTESIAN_POINT ( 'NONE',  ( -14.14956661997213594, 2.999999999999999556, 34.00000000000002842 ) ) ;
#312 = AXIS2_PLACEMENT_3D ( 'NONE', #272, #1166, #112 ) ;
#313 = VERTEX_POINT ( 'NONE', #1387 ) ;
#314 = DIRECTION ( 'NONE',  ( 1.000000000000000000, 0.000000000000000000, 0.000000000000000000 ) ) ;
#315 = DIRECTION ( 'NONE',  ( 0.000000000000000000, 0.000000000000000000, -1.000000000000000000 ) ) ;
#316 = EDGE_CURVE ( 'NONE', #933, #2068, #1209, .T. ) ;
#317 = CARTESIAN_POINT ( 'NONE',  ( -8.781864124784984448E-14, -0.7499999999999994449, 18.14999999999999503 ) ) ;
#318 = LINE ( 'NONE', #1421, #746 ) ;
#319 = EDGE_CURVE ( 'NONE', #721, #802, #876, .T. ) ;
#320 = VECTOR ( 'NONE', #344, 1000.000000000000000 ) ;
#321 = DIRECTION ( 'NONE',  ( 0.000000000000000000, 1.000000000000000000, 0.000000000000000000 ) ) ;
#322 = FACE_OUTER_BOUND ( 'NONE', #2180, .T. ) ;
#323 = LINE ( 'NONE', #864, #241 ) ;
#324 = EDGE_CURVE ( 'NONE', #1100, #325, #878, .T. ) ;
#325 = VERTEX_POINT ( 'NONE', #476 ) ;
#326 = CARTESIAN_POINT ( 'NONE',  ( -8.999999999999996447, -13.62024832184527767, 29.09846960058485976 ) ) ;
#327 = EDGE_LOOP ( 'NONE', ( #1808, #1327, #1601, #705 ) ) ;
#328 = EDGE_CURVE ( 'NONE', #1610, #636, #825, .T. ) ;
#329 = ORIENTED_EDGE ( 'NONE', *, *, #1903, .T. ) ;
#330 = DIRECTION ( 'NONE',  ( -0.000000000000000000, 1.000000000000000000, -0.000000000000000000 ) ) ;
#331 = CARTESIAN_POINT ( 'NONE',  ( -3.249999999999968026, 3.000000000000000000, 23.75797961058080787 ) ) ;
#332 = EDGE_CURVE ( 'NONE', #364, #627, #1238, .T. ) ;
#333 = PLANE ( 'NONE',  #1310 ) ;
#334 = FACE_OUTER_BOUND ( 'NONE', #1486, .T. ) ;
#335 = CARTESIAN_POINT ( 'NONE',  ( -14.69693845669905308, 2.999999999999999556, 32.00000000000002842 ) ) ;
#336 = ORIENTED_EDGE ( 'NONE', *, *, #735, .T. ) ;
#337 = CARTESIAN_POINT ( 'NONE',  ( -8.761657452599053527E-14, -0.7499999999999997780, 14.85000000000000497 ) ) ;
#338 = ORIENTED_EDGE ( 'NONE', *, *, #324, .F. ) ;
#339 = CIRCLE ( 'NONE', #784, 15.00000000000000000 ) ;
#340 = EDGE_LOOP ( 'NONE', ( #117, #101, #474, #811, #701, #1840 ) ) ;
#341 = CIRCLE ( 'NONE', #1846, 15.00000000000000000 ) ;
#342 = EDGE_CURVE ( 'NONE', #1521, #1148, #1656, .T. ) ;
#343 = AXIS2_PLACEMENT_3D ( 'NONE', #1406, #224, #1098 ) ;
#344 = DIRECTION ( 'NONE',  ( 1.000000000000000000, -0.000000000000000000, -0.000000000000000000 ) ) ;
#345 = PLANE ( 'NONE',  #747 ) ;
#346 = CARTESIAN_POINT ( 'NONE',  ( -15.00000000000000000, -8.000000000000000000, 0.000000000000000000 ) ) ;
#347 = ORIENTED_EDGE ( 'NONE', *, *, #1663, .F. ) ;
#348 = DIRECTION ( 'NONE',  ( -0.000000000000000000, 1.000000000000000000, -0.000000000000000000 ) ) ;
#349 = ADVANCED_FACE ( 'NONE', ( #1418 ), #1440, .T. ) ;
#350 = AXIS2_PLACEMENT_3D ( 'NONE', #939, #737, #748 ) ;
#351 = VERTEX_POINT ( 'NONE', #1088 ) ;
#352 = VECTOR ( 'NONE', #307, 1000.000000000000000 ) ;
#353 = VECTOR ( 'NONE', #436, 1000.000000000000000 ) ;
#354 = ORIENTED_EDGE ( 'NONE', *, *, #1683, .T. ) ;
#355 = CARTESIAN_POINT ( 'NONE',  ( -10.49999999999999645, 3.000000000000000000, 2.000000000000365930 ) ) ;
#356 = CARTESIAN_POINT ( 'NONE',  ( 0.000000000000000000, 0.000000000000000000, 6000.000000000000000 ) ) ;
#357 = COLOUR_RGB ( '',0.7921568627450980005, 0.8196078431372548767, 0.9333333333333333481 ) ;
#358 = DIRECTION ( 'NONE',  ( 0.000000000000000000, 0.000000000000000000, -1.000000000000000000 ) ) ;
#359 = ADVANCED_FACE ( 'NONE', ( #706 ), #1479, .F. ) ;
#360 = VERTEX_POINT ( 'NONE', #729 ) ;
#361 = CARTESIAN_POINT ( 'NONE',  ( 12.68857754044951847, -8.000000000000003553, 31.99999999999997158 ) ) ;
#362 = DIRECTION ( 'NONE',  ( -0.9396926207859063185, 0.000000000000000000, 0.3420201433256743750 ) ) ;
#363 = EDGE_CURVE ( 'NONE', #1397, #154, #894, .T. ) ;
#364 = VERTEX_POINT ( 'NONE', #432 ) ;
#365 = AXIS2_PLACEMENT_3D ( 'NONE', #1378, #489, #124 ) ;
#366 = ORIENTED_EDGE ( 'NONE', *, *, #1555, .F. ) ;
#367 = VERTEX_POINT ( 'NONE', #361 ) ;
#368 = ADVANCED_FACE ( 'NONE', ( #2124 ), #1937, .F. ) ;
#369 = FACE_OUTER_BOUND ( 'NONE', #955, .T. ) ;
#370 = DIRECTION ( 'NONE',  ( 0.000000000000000000, -1.000000000000000000, 0.000000000000000000 ) ) ;
#371 = CARTESIAN_POINT ( 'NONE',  ( -11.49999999999999822, -13.62024832184527767, 17.74439241413950086 ) ) ;
#372 = EDGE_LOOP ( 'NONE', ( #1986, #1570, #905, #871, #109, #609, #1044, #429, #2251 ) ) ;
#373 = DIRECTION ( 'NONE',  ( 0.9396926207859063185, 0.000000000000000000, 0.3420201433256743750 ) ) ;
#374 = CARTESIAN_POINT ( 'NONE',  ( -3.800298422690608025, 9.249742261192743342, 50.66025403784435355 ) ) ;
#375 = ORIENTED_EDGE ( 'NONE', *, *, #1889, .T. ) ;
#376 = CYLINDRICAL_SURFACE ( 'NONE', #1291, 1.500000000000001332 ) ;
#377 = ORIENTED_EDGE ( 'NONE', *, *, #1485, .T. ) ;
#378 = AXIS2_PLACEMENT_3D ( 'NONE', #1665, #2000, #255 ) ;
#379 = CARTESIAN_POINT ( 'NONE',  ( 14.69693845669906906, 3.000000000000000000, 0.000000000000000000 ) ) ;
#380 = ORIENTED_EDGE ( 'NONE', *, *, #1168, .T. ) ;
#381 = LINE ( 'NONE', #1087, #138 ) ;
#382 = CARTESIAN_POINT ( 'NONE',  ( 12.99999999999999822, -0.7500000000000006661, 17.74439241413950086 ) ) ;
#383 = DIRECTION ( 'NONE',  ( -0.000000000000000000, 0.000000000000000000, -1.000000000000000000 ) ) ;
#384 = ORIENTED_EDGE ( 'NONE', *, *, #870, .F. ) ;
#385 = LINE ( 'NONE', #733, #484 ) ;
#386 = ORIENTED_EDGE ( 'NONE', *, *, #1073, .F. ) ;
#387 = CARTESIAN_POINT ( 'NONE',  ( -15.00000000000000000, -0.7499999999999997780, 4.886751345948494141 ) ) ;
#388 =( NAMED_UNIT ( * ) SI_UNIT ( $, .STERADIAN. ) SOLID_ANGLE_UNIT ( ) );
#389 = ORIENTED_EDGE ( 'NONE', *, *, #1099, .F. ) ;
#390 = CARTESIAN_POINT ( 'NONE',  ( 14.69693845669906906, 3.000000000000000000, 0.000000000000000000 ) ) ;
#391 = CARTESIAN_POINT ( 'NONE',  ( 10.75000000000000000, -0.7499999999999997780, 2.433012701892586005 ) ) ;
#392 = DIRECTION ( 'NONE',  ( 0.8571673007021316515, 0.000000000000000000, 0.5150380749100219591 ) ) ;
#393 = ORIENTED_EDGE ( 'NONE', *, *, #1240, .T. ) ;
#394 = CARTESIAN_POINT ( 'NONE',  ( -4.249999999999990230, 5.204748896376238866E-16, 6000.000000000000000 ) ) ;
#395 = ORIENTED_EDGE ( 'NONE', *, *, #940, .T. ) ;
#396 = AXIS2_PLACEMENT_3D ( 'NONE', #1427, #1448, #2109 ) ;
#397 = DIRECTION ( 'NONE',  ( 0.000000000000000000, -0.000000000000000000, 1.000000000000000000 ) ) ;
#398 = DIRECTION ( 'NONE',  ( 0.000000000000000000, 0.000000000000000000, 1.000000000000000000 ) ) ;
#399 = VERTEX_POINT ( 'NONE', #391 ) ;
#400 = CARTESIAN_POINT ( 'NONE',  ( 11.49999999999999822, -13.62024832184527767, 17.74439241413950086 ) ) ;
#401 = DIRECTION ( 'NONE',  ( -1.000000000000000000, 0.000000000000000000, 0.000000000000000000 ) ) ;
#402 = ORIENTED_EDGE ( 'NONE', *, *, #487, .T. ) ;
#403 = VERTEX_POINT ( 'NONE', #196 ) ;
#404 = DIRECTION ( 'NONE',  ( -1.000000000000000000, 0.000000000000000000, 0.000000000000000000 ) ) ;
#405 = ORIENTED_EDGE ( 'NONE', *, *, #23, .F. ) ;
#406 = FACE_OUTER_BOUND ( 'NONE', #899, .T. ) ;
#407 = EDGE_CURVE ( 'NONE', #1118, #732, #716, .T. ) ;
#408 = ORIENTED_EDGE ( 'NONE', *, *, #1085, .F. ) ;
#409 = LINE ( 'NONE', #390, #1825 ) ;
#410 = CARTESIAN_POINT ( 'NONE',  ( -2.059426411974976556, -9.785640646054131864, 50.66025403783560677 ) ) ;
#411 = VECTOR ( 'NONE', #2158, 1000.000000000000000 ) ;
#412 = ORIENTED_EDGE ( 'NONE', *, *, #895, .F. ) ;
#413 = VECTOR ( 'NONE', #1925, 1000.000000000000000 ) ;
#414 = AXIS2_PLACEMENT_3D ( 'NONE', #912, #1962, #1079 ) ;
#415 = FACE_OUTER_BOUND ( 'NONE', #946, .T. ) ;
#416 = VERTEX_POINT ( 'NONE', #1836 ) ;
#417 = FACE_OUTER_BOUND ( 'NONE', #2024, .T. ) ;
#418 = EDGE_CURVE ( 'NONE', #1024, #1109, #184, .T. ) ;
#419 = VERTEX_POINT ( 'NONE', #382 ) ;
#420 = CARTESIAN_POINT ( 'NONE',  ( 6.749999999999730882, 3.000000000000000000, 12.33616076991394195 ) ) ;
#421 = ORIENTED_EDGE ( 'NONE', *, *, #290, .F. ) ;
#422 = PLANE ( 'NONE',  #467 ) ;
#423 = CYLINDRICAL_SURFACE ( 'NONE', #1926, 0.5000000000000004441 ) ;
#424 = FACE_OUTER_BOUND ( 'NONE', #1090, .T. ) ;
#425 = ORIENTED_EDGE ( 'NONE', *, *, #1348, .T. ) ;
#426 = CARTESIAN_POINT ( 'NONE',  ( 14.51461236899146279, 2.999999999999999556, 32.66670233655784017 ) ) ;
#427 = ADVANCED_FACE ( 'NONE', ( #260 ), #1067, .T. ) ;
#428 = VECTOR ( 'NONE', #34, 1000.000000000000000 ) ;
#429 = ORIENTED_EDGE ( 'NONE', *, *, #909, .T. ) ;
#430 = EDGE_CURVE ( 'NONE', #1822, #1411, #1228, .T. ) ;
#431 = CARTESIAN_POINT ( 'NONE',  ( 7.249999999999730882, -0.7500000000000006661, 11.27169843398760207 ) ) ;
#432 = CARTESIAN_POINT ( 'NONE',  ( 10.00000000000000000, 0.000000000000000000, 50.66025403784435355 ) ) ;
#433 = EDGE_CURVE ( 'NONE', #142, #1024, #2163, .T. ) ;
#434 = ORIENTED_EDGE ( 'NONE', *, *, #21, .T. ) ;
#435 = CARTESIAN_POINT ( 'NONE',  ( 12.05032097219945797, -8.000000000000003553, 34.00000000000002842 ) ) ;
#436 = DIRECTION ( 'NONE',  ( 0.000000000000000000, 0.000000000000000000, 1.000000000000000000 ) ) ;
#437 = AXIS2_PLACEMENT_3D ( 'NONE', #1076, #1260, #883 ) ;
#438 = EDGE_CURVE ( 'NONE', #1364, #1521, #25, .T. ) ;
#439 = ORIENTED_EDGE ( 'NONE', *, *, #192, .F. ) ;
#440 = DIRECTION ( 'NONE',  ( 0.000000000000000000, 1.000000000000000000, 0.000000000000000000 ) ) ;
#441 = ORIENTED_EDGE ( 'NONE', *, *, #902, .F. ) ;
#442 = CARTESIAN_POINT ( 'NONE',  ( 12.47726246843412490, -8.000000000000003553, 32.66711345595188476 ) ) ;
#443 = ORIENTED_EDGE ( 'NONE', *, *, #938, .F. ) ;
#444 = CARTESIAN_POINT ( 'NONE',  ( -9.999999999999996447, 3.000000000000000000, 27.94376906220560741 ) ) ;
#445 = DIRECTION ( 'NONE',  ( 0.000000000000000000, 0.000000000000000000, -1.000000000000000000 ) ) ;
#446 = ADVANCED_FACE ( 'NONE', ( #206 ), #247, .F. ) ;
#447 = ORIENTED_EDGE ( 'NONE', *, *, #1126, .F. ) ;
#448 = DIRECTION ( 'NONE',  ( 0.000000000000000000, 1.000000000000000000, 0.000000000000000000 ) ) ;
#449 = CIRCLE ( 'NONE', #1667, 1.500000000000001332 ) ;
#450 = ORIENTED_EDGE ( 'NONE', *, *, #1073, .T. ) ;
#451 = CARTESIAN_POINT ( 'NONE',  ( -7.568569557816018367, 8.376143480541175634, 48.33145758440012685 ) ) ;
#452 = ORIENTED_EDGE ( 'NONE', *, *, #199, .T. ) ;
#453 = ORIENTED_EDGE ( 'NONE', *, *, #2046, .T. ) ;
#454 = EDGE_CURVE ( 'NONE', #691, #419, #4, .T. ) ;
#455 = CARTESIAN_POINT ( 'NONE',  ( -10.49999999999999645, -0.7500000000000006661, 30.50000000000000000 ) ) ;
#456 = FACE_OUTER_BOUND ( 'NONE', #1866, .T. ) ;
#457 = FACE_OUTER_BOUND ( 'NONE', #1974, .T. ) ;
#458 = AXIS2_PLACEMENT_3D ( 'NONE', #1859, #102, #656 ) ;
#459 = EDGE_CURVE ( 'NONE', #211, #1876, #1991, .T. ) ;
#460 = FACE_OUTER_BOUND ( 'NONE', #1262, .T. ) ;
#461 = FACE_OUTER_BOUND ( 'NONE', #62, .T. ) ;
#462 = CIRCLE ( 'NONE', #1266, 1.500000000000001332 ) ;
#463 = AXIS2_PLACEMENT_3D ( 'NONE', #2190, #2007, #2032 ) ;
#464 = ORIENTED_EDGE ( 'NONE', *, *, #1827, .F. ) ;
#465 = DIRECTION ( 'NONE',  ( 0.8660254037844388186, 0.000000000000000000, 0.4999999999999995559 ) ) ;
#466 = ORIENTED_EDGE ( 'NONE', *, *, #1207, .F. ) ;
#467 = AXIS2_PLACEMENT_3D ( 'NONE', #1251, #2146, #585 ) ;
#468 = CARTESIAN_POINT ( 'NONE',  ( -12.05032097219945797, -8.000000000000003553, 34.00000000000002842 ) ) ;
#469 = DIRECTION ( 'NONE',  ( 0.000000000000000000, 0.000000000000000000, -1.000000000000000000 ) ) ;
#470 = AXIS2_PLACEMENT_3D ( 'NONE', #868, #1753, #314 ) ;
#471 = PLANE ( 'NONE',  #1048 ) ;
#472 = CYLINDRICAL_SURFACE ( 'NONE', #1739, 10.00000000000000178 ) ;
#473 = CARTESIAN_POINT ( 'NONE',  ( 14.98123826657863589, -0.7499999999999997780, 4.482606157515778733 ) ) ;
#474 = ORIENTED_EDGE ( 'NONE', *, *, #2213, .T. ) ;
#475 = AXIS2_PLACEMENT_3D ( 'NONE', #1699, #817, #2055 ) ;
#476 = CARTESIAN_POINT ( 'NONE',  ( -12.25000000000000000, -0.7499999999999997780, 15.80026238505185354 ) ) ;
#477 = ORIENTED_EDGE ( 'NONE', *, *, #603, .T. ) ;
#478 = CARTESIAN_POINT ( 'NONE',  ( 11.50000000000000000, 3.000000000000000000, 17.09930049072850977 ) ) ;
#479 = DIRECTION ( 'NONE',  ( 0.8660254037844388186, 0.000000000000000000, 0.4999999999999995559 ) ) ;
#480 = CARTESIAN_POINT ( 'NONE',  ( 7.291803309721919035, -9.118032307796982039, 44.43138344300472653 ) ) ;
#481 = DIRECTION ( 'NONE',  ( 0.000000000000000000, 0.000000000000000000, 1.000000000000000000 ) ) ;
#482 = DIRECTION ( 'NONE',  ( 0.000000000000000000, 1.000000000000000000, 1.020425574104003260E-16 ) ) ;
#483 = ORIENTED_EDGE ( 'NONE', *, *, #110, .T. ) ;
#484 = VECTOR ( 'NONE', #1785, 1000.000000000000000 ) ;
#485 = DIRECTION ( 'NONE',  ( 0.9396926207859062075, -0.000000000000000000, 0.3420201433256743750 ) ) ;
#486 = LINE ( 'NONE', #1558, #975 ) ;
#487 = EDGE_CURVE ( 'NONE', #636, #97, #1261, .T. ) ;
#488 = EDGE_CURVE ( 'NONE', #649, #1610, #1480, .T. ) ;
#489 = DIRECTION ( 'NONE',  ( -0.000000000000000000, -0.000000000000000000, 1.000000000000000000 ) ) ;
#490 = LINE ( 'NONE', #1020, #1946 ) ;
#491 = AXIS2_PLACEMENT_3D ( 'NONE', #1771, #547, #1430 ) ;
#492 = EDGE_CURVE ( 'NONE', #1632, #1973, #1295, .T. ) ;
#493 = CARTESIAN_POINT ( 'NONE',  ( -12.01303021498851109, -0.7500000000000006661, 19.15393134531835884 ) ) ;
#494 = DIRECTION ( 'NONE',  ( 1.000000000000000000, 0.000000000000000000, -0.000000000000000000 ) ) ;
#495 = DIRECTION ( 'NONE',  ( 0.000000000000000000, 0.000000000000000000, -1.000000000000000000 ) ) ;
#496 = ORIENTED_EDGE ( 'NONE', *, *, #1306, .T. ) ;
#497 = FACE_OUTER_BOUND ( 'NONE', #1103, .T. ) ;
#498 = DIRECTION ( 'NONE',  ( 0.000000000000000000, -1.000000000000000000, 0.000000000000000000 ) ) ;
#499 = EDGE_LOOP ( 'NONE', ( #766, #305, #508, #910 ) ) ;
#500 = EDGE_CURVE ( 'NONE', #133, #933, #1515, .T. ) ;
#501 = ADVANCED_FACE ( 'NONE', ( #1848 ), #1669, .T. ) ;
#502 = CYLINDRICAL_SURFACE ( 'NONE', #1164, 0.5000000000000004441 ) ;
#503 = CARTESIAN_POINT ( 'NONE',  ( 0.000000000000000000, 0.000000000000000000, 450.0000000000000000 ) ) ;
#504 = STYLED_ITEM ( 'NONE', ( #966 ), #1885 ) ;
#505 = CARTESIAN_POINT ( 'NONE',  ( -15.00000000000000000, -8.000000000000003553, 34.00000000000002842 ) ) ;
#506 = CARTESIAN_POINT ( 'NONE',  ( -10.49999999999999645, 3.000000000000000000, 6.123233995736714267E-17 ) ) ;
#507 = CARTESIAN_POINT ( 'NONE',  ( -14.33216003832494678, 2.999999999999999556, 33.33337078792094132 ) ) ;
#508 = ORIENTED_EDGE ( 'NONE', *, *, #2100, .F. ) ;
#509 = CARTESIAN_POINT ( 'NONE',  ( -7.249999999999730882, -13.62024832184527767, 11.27169843398760207 ) ) ;
#510 = VECTOR ( 'NONE', #1249, 1000.000000000000000 ) ;
#511 = ORIENTED_EDGE ( 'NONE', *, *, #278, .T. ) ;
#512 = EDGE_CURVE ( 'NONE', #1973, #2119, #1697, .T. ) ;
#513 = PLANE ( 'NONE',  #2042 ) ;
#514 = CYLINDRICAL_SURFACE ( 'NONE', #2126, 1.649999999999995248 ) ;
#515 = CARTESIAN_POINT ( 'NONE',  ( -9.999999999999996447, -0.7499999999999997780, 27.94376906220560741 ) ) ;
#516 = ORIENTED_EDGE ( 'NONE', *, *, #96, .F. ) ;
#517 = LINE ( 'NONE', #650, #770 ) ;
#518 = ORIENTED_EDGE ( 'NONE', *, *, #742, .F. ) ;
#519 = AXIS2_PLACEMENT_3D ( 'NONE', #107, #1121, #465 ) ;
#520 = ADVANCED_FACE ( 'NONE', ( #457 ), #194, .T. ) ;
#521 = CIRCLE ( 'NONE', #83, 15.00000000000000000 ) ;
#522 = CIRCLE ( 'NONE', #1641, 10.00000000000000000 ) ;
#523 = AXIS2_PLACEMENT_3D ( 'NONE', #1264, #2102, #77 ) ;
#524 = DIRECTION ( 'NONE',  ( 0.000000000000000000, 1.000000000000000000, 0.000000000000000000 ) ) ;
#525 = LINE ( 'NONE', #1225, #413 ) ;
#526 = EDGE_CURVE ( 'NONE', #1606, #916, #288, .T. ) ;
#527 = ORIENTED_EDGE ( 'NONE', *, *, #1956, .F. ) ;
#528 = DIRECTION ( 'NONE',  ( -0.000000000000000000, 1.000000000000000000, -0.000000000000000000 ) ) ;
#529 = CARTESIAN_POINT ( 'NONE',  ( -10.99999999999999822, -0.7499999999999997780, 2.000000000000365930 ) ) ;
#530 = AXIS2_PLACEMENT_3D ( 'NONE', #1248, #976, #1154 ) ;
#531 = EDGE_CURVE ( 'NONE', #1464, #916, #2200, .T. ) ;
#532 = EDGE_LOOP ( 'NONE', ( #576, #986, #452, #1765 ) ) ;
#533 = CARTESIAN_POINT ( 'NONE',  ( -15.00000000000000000, 0.000000000000000000, 450.0000000000000000 ) ) ;
#534 = FACE_OUTER_BOUND ( 'NONE', #1325, .T. ) ;
#535 = AXIS2_PLACEMENT_3D ( 'NONE', #400, #1119, #2112 ) ;
#536 = CARTESIAN_POINT ( 'NONE',  ( 0.000000000000000000, 0.000000000000000000, 0.000000000000000000 ) ) ;
#537 = ORIENTED_EDGE ( 'NONE', *, *, #1657, .T. ) ;
#538 = CARTESIAN_POINT ( 'NONE',  ( 7.249999999999730882, 2.999999999999999112, 12.33616076991394195 ) ) ;
#539 = CARTESIAN_POINT ( 'NONE',  ( -8.761657452599053527E-14, -8.000000000000001776, 14.85000000000000497 ) ) ;
#540 = CARTESIAN_POINT ( 'NONE',  ( 8.999999999999996447, -0.7499999999999997780, 29.09846960058485976 ) ) ;
#541 = ORIENTED_EDGE ( 'NONE', *, *, #1343, .T. ) ;
#542 = CIRCLE ( 'NONE', #396, 1.499999999999999556 ) ;
#543 = DIRECTION ( 'NONE',  ( -0.000000000000000000, -0.000000000000000000, -1.000000000000000000 ) ) ;
#544 = CARTESIAN_POINT ( 'NONE',  ( -10.00000000000000178, 1.224646799147353454E-15, 450.0000000000000000 ) ) ;
#545 = ORIENTED_EDGE ( 'NONE', *, *, #78, .F. ) ;
#546 = DIRECTION ( 'NONE',  ( 1.000000000000000000, 0.000000000000000000, 0.000000000000000000 ) ) ;
#547 = DIRECTION ( 'NONE',  ( -0.5000000000000001110, 0.000000000000000000, -0.8660254037844385966 ) ) ;
#548 = LINE ( 'NONE', #15, #869 ) ;
#549 = ORIENTED_EDGE ( 'NONE', *, *, #2141, .F. ) ;
#550 = CARTESIAN_POINT ( 'NONE',  ( -10.49999999999999645, -0.7500000000000006661, 2.000000000000365930 ) ) ;
#551 = EDGE_CURVE ( 'NONE', #627, #360, #821, .T. ) ;
#552 = ORIENTED_EDGE ( 'NONE', *, *, #1240, .F. ) ;
#553 = AXIS2_PLACEMENT_3D ( 'NONE', #720, #1774, #1010 ) ;
#554 = ADVANCED_FACE ( 'NONE', ( #424 ), #1112, .F. ) ;
#555 = AXIS2_PLACEMENT_3D ( 'NONE', #1205, #1882, #1170 ) ;
#556 = DIRECTION ( 'NONE',  ( 1.000000000000000000, 0.000000000000000000, 0.000000000000000000 ) ) ;
#557 = UNCERTAINTY_MEASURE_WITH_UNIT (LENGTH_MEASURE( 1.000000000000000082E-05 ), #749, 'distance_accuracy_value', 'NONE');
#558 = EDGE_CURVE ( 'NONE', #1801, #1397, #1662, .T. ) ;
#559 = VERTEX_POINT ( 'NONE', #791 ) ;
#560 = CARTESIAN_POINT ( 'NONE',  ( 7.249999999999730882, -13.62024832184527767, 11.27169843398760207 ) ) ;
#561 = CARTESIAN_POINT ( 'NONE',  ( 9.999999999999996447, -0.7499999999999997780, 27.94376906220560741 ) ) ;
#562 = CYLINDRICAL_SURFACE ( 'NONE', #1156, 1.649999999999995248 ) ;
#563 = ORIENTED_EDGE ( 'NONE', *, *, #1947, .F. ) ;
#564 = CARTESIAN_POINT ( 'NONE',  ( -10.49999999999999645, -0.7500000000000006661, 6.123233995736714267E-17 ) ) ;
#565 = ORIENTED_EDGE ( 'NONE', *, *, #430, .T. ) ;
#566 = VECTOR ( 'NONE', #836, 1000.000000000000000 ) ;
#567 = VECTOR ( 'NONE', #1851, 1000.000000000000000 ) ;
#568 = DIRECTION ( 'NONE',  ( -0.8660254037844388186, 0.000000000000000000, 0.4999999999999995559 ) ) ;
#569 = EDGE_CURVE ( 'NONE', #1645, #691, #969, .T. ) ;
#570 = PRODUCT_CONTEXT ( 'NONE', #1050, 'mechanical' ) ;
#571 = ORIENTED_EDGE ( 'NONE', *, *, #1140, .T. ) ;
#572 = VECTOR ( 'NONE', #2202, 1000.000000000000227 ) ;
#573 = CARTESIAN_POINT ( 'NONE',  ( 0.000000000000000000, 0.000000000000000000, 8.173619396172782103 ) ) ;
#574 = CARTESIAN_POINT ( 'NONE',  ( -14.30000000000000071, -2.656019289743281497, 4.482606157515759193 ) ) ;
#575 = VERTEX_POINT ( 'NONE', #72 ) ;
#576 = ORIENTED_EDGE ( 'NONE', *, *, #1823, .F. ) ;
#577 = CARTESIAN_POINT ( 'NONE',  ( 14.14956661997213416, 2.999999999999999556, 34.00000000000002842 ) ) ;
#578 = VERTEX_POINT ( 'NONE', #118 ) ;
#579 = AXIS2_PLACEMENT_3D ( 'NONE', #509, #175, #856 ) ;
#580 = EDGE_CURVE ( 'NONE', #792, #2070, #1809, .T. ) ;
#581 = CONICAL_SURFACE ( 'NONE', #2050, 15.00000000000000000, 0.2617993877991494633 ) ;
#582 = CARTESIAN_POINT ( 'NONE',  ( -3.749999999999968026, 2.999999999999999112, 22.69351727465446444 ) ) ;
#583 = EDGE_CURVE ( 'NONE', #97, #51, #281, .T. ) ;
#584 = VERTEX_POINT ( 'NONE', #1985 ) ;
#585 = DIRECTION ( 'NONE',  ( 0.000000000000000000, 0.000000000000000000, 1.000000000000000000 ) ) ;
#586 = CARTESIAN_POINT ( 'NONE',  ( -9.512010359473512366, -8.648024262173887422, 40.04614867742576223 ) ) ;
#587 = VERTEX_POINT ( 'NONE', #1674 ) ;
#588 = LINE ( 'NONE', #1819, #1335 ) ;
#589 = ORIENTED_EDGE ( 'NONE', *, *, #1583, .T. ) ;
#590 = CARTESIAN_POINT ( 'NONE',  ( 14.33216015031342572, 2.999999999999999556, 33.33337037906287748 ) ) ;
#591 = ORIENTED_EDGE ( 'NONE', *, *, #278, .F. ) ;
#592 = VECTOR ( 'NONE', #2011, 1000.000000000000000 ) ;
#593 = DIRECTION ( 'NONE',  ( -0.000000000000000000, -0.000000000000000000, -1.000000000000000000 ) ) ;
#594 = ORIENTED_EDGE ( 'NONE', *, *, #1536, .F. ) ;
#595 = CARTESIAN_POINT ( 'NONE',  ( 10.49999999999999645, -0.7500000000000006661, 2.000000000000365485 ) ) ;
#596 = CARTESIAN_POINT ( 'NONE',  ( -7.249999999999730882, 3.000000000000000000, 12.33616076991394195 ) ) ;
#597 = EDGE_CURVE ( 'NONE', #2020, #2008, #983, .T. ) ;
#598 = AXIS2_PLACEMENT_3D ( 'NONE', #630, #1333, #1155 ) ;
#599 = AXIS2_PLACEMENT_3D ( 'NONE', #900, #1950, #373 ) ;
#600 = PLANE ( 'NONE',  #519 ) ;
#601 = ORIENTED_EDGE ( 'NONE', *, *, #699, .T. ) ;
#602 = DIRECTION ( 'NONE',  ( -0.000000000000000000, 0.000000000000000000, 1.000000000000000000 ) ) ;
#603 = EDGE_CURVE ( 'NONE', #1834, #995, #1997, .T. ) ;
#604 = ORIENTED_EDGE ( 'NONE', *, *, #923, .F. ) ;
#605 = EDGE_CURVE ( 'NONE', #360, #627, #122, .T. ) ;
#606 = FACE_OUTER_BOUND ( 'NONE', #1703, .T. ) ;
#607 = CARTESIAN_POINT ( 'NONE',  ( 13.00000000000000000, -0.7500000000000006661, 16.23327508694407229 ) ) ;
#608 = ADVANCED_FACE ( 'NONE', ( #1314 ), #98, .F. ) ;
#609 = ORIENTED_EDGE ( 'NONE', *, *, #1571, .F. ) ;
#610 = CARTESIAN_POINT ( 'NONE',  ( 8.816152496533407046, -8.807904784443380208, 41.53785425805180154 ) ) ;
#611 = DIRECTION ( 'NONE',  ( 1.000000000000000000, 0.000000000000000000, 0.000000000000000000 ) ) ;
#612 = EDGE_LOOP ( 'NONE', ( #1556, #545, #434, #85, #453, #44, #884, #483, #266, #880, #37, #750, #769, #1927, #377, #1290, #727, #1196, #914, #928, #412, #1652, #167, #708, #2170, #1301, #73, #1733, #2129, #1288, #441, #776, #2079, #767, #617, #1101, #274, #745, #375, #1124 ) ) ;
#613 = DIRECTION ( 'NONE',  ( 0.000000000000000000, -0.3512292226416423579, -0.9362895028582493007 ) ) ;
#614 = VERTEX_POINT ( 'NONE', #1498 ) ;
#615 = CYLINDRICAL_SURFACE ( 'NONE', #378, 4.249999999999988454 ) ;
#616 = CIRCLE ( 'NONE', #1569, 15.00000000000000000 ) ;
#617 = ORIENTED_EDGE ( 'NONE', *, *, #248, .F. ) ;
#618 = FACE_OUTER_BOUND ( 'NONE', #1488, .T. ) ;
#619 = DIRECTION ( 'NONE',  ( 0.000000000000000000, 0.000000000000000000, 1.000000000000000000 ) ) ;
#620 = ORIENTED_EDGE ( 'NONE', *, *, #597, .F. ) ;
#621 = CARTESIAN_POINT ( 'NONE',  ( 3.700232824952072175, -9.652236918659928833, 49.41558031644999005 ) ) ;
#622 = DIRECTION ( 'NONE',  ( 0.000000000000000000, 1.000000000000000000, 0.000000000000000000 ) ) ;
#623 = VERTEX_POINT ( 'NONE', #1841 ) ;
#624 = CARTESIAN_POINT ( 'NONE',  ( -12.68857754044951847, -8.000000000000003553, 31.99999999999997158 ) ) ;
#625 = EDGE_LOOP ( 'NONE', ( #242, #1584, #1909, #2137 ) ) ;
#626 = DIRECTION ( 'NONE',  ( -5.204170427930416550E-15, 0.000000000000000000, -1.000000000000000000 ) ) ;
#627 = VERTEX_POINT ( 'NONE', #2183 ) ;
#628 = CARTESIAN_POINT ( 'NONE',  ( 10.49999999999999645, -13.62024832184527767, 2.000000000000365485 ) ) ;
#629 = LINE ( 'NONE', #1526, #166 ) ;
#630 = CARTESIAN_POINT ( 'NONE',  ( -8.781864124784984448E-14, -8.000000000000001776, 16.50000000000000000 ) ) ;
#631 = CARTESIAN_POINT ( 'NONE',  ( -15.00000000000000000, 2.999999999999999556, 34.00000000000002842 ) ) ;
#632 = CARTESIAN_POINT ( 'NONE',  ( -10.82834456784940969, -8.326234749563303339, 37.04381165141192156 ) ) ;
#633 = VECTOR ( 'NONE', #1940, 1000.000000000000000 ) ;
#634 = ORIENTED_EDGE ( 'NONE', *, *, #1540, .F. ) ;
#635 = CARTESIAN_POINT ( 'NONE',  ( 0.000000000000000000, 0.000000000000000000, 5972.500000000000000 ) ) ;
#636 = VERTEX_POINT ( 'NONE', #624 ) ;
#637 = VECTOR ( 'NONE', #1000, 1000.000000000000000 ) ;
#638 = AXIS2_PLACEMENT_3D ( 'NONE', #431, #1696, #1503 ) ;
#639 = VECTOR ( 'NONE', #1419, 1000.000000000000000 ) ;
#640 = LINE ( 'NONE', #628, #57 ) ;
#641 = DIRECTION ( 'NONE',  ( 0.000000000000000000, 0.000000000000000000, -1.000000000000000000 ) ) ;
#642 = CARTESIAN_POINT ( 'NONE',  ( 0.000000000000000000, 0.000000000000000000, 4.482606157515778733 ) ) ;
#643 = AXIS2_PLACEMENT_3D ( 'NONE', #2014, #2041, #469 ) ;
#644 = SURFACE_SIDE_STYLE ('',( #807 ) ) ;
#645 = DIRECTION ( 'NONE',  ( 0.000000000000000000, 0.000000000000000000, 1.000000000000000000 ) ) ;
#646 = AXIS2_PLACEMENT_3D ( 'NONE', #667, #997, #655 ) ;
#647 = DIRECTION ( 'NONE',  ( -0.000000000000000000, -0.000000000000000000, 1.000000000000000000 ) ) ;
#648 = AXIS2_PLACEMENT_3D ( 'NONE', #778, #799, #611 ) ;
#649 = VERTEX_POINT ( 'NONE', #296 ) ;
#650 = CARTESIAN_POINT ( 'NONE',  ( -4.249999999999988454, 5.204748896376236894E-16, 6000.000000000000000 ) ) ;
#651 = VERTEX_POINT ( 'NONE', #810 ) ;
#652 = VECTOR ( 'NONE', #1336, 1000.000000000000000 ) ;
#653 = EDGE_CURVE ( 'NONE', #142, #1661, #1326, .T. ) ;
#654 = B_SPLINE_CURVE_WITH_KNOTS ( 'NONE', 3,
 ( #971, #426, #590, #577 ),
 .UNSPECIFIED., .F., .F.,
 ( 4, 4 ),
 ( 0.03115531175928008475, 0.03322886039545316222 ),
 .UNSPECIFIED. ) ;
#655 = DIRECTION ( 'NONE',  ( 0.000000000000000000, 0.000000000000000000, -1.000000000000000000 ) ) ;
#656 = DIRECTION ( 'NONE',  ( 1.000000000000000000, 0.000000000000000000, 0.000000000000000000 ) ) ;
#657 = VECTOR ( 'NONE', #2048, 1000.000000000000000 ) ;
#658 = ADVANCED_FACE ( 'NONE', ( #1685 ), #600, .T. ) ;
#659 = CARTESIAN_POINT ( 'NONE',  ( 6.022607515015129920, -9.342890398815789865, 46.52933799344258148 ) ) ;
#660 = DIRECTION ( 'NONE',  ( -0.000000000000000000, -0.000000000000000000, 1.000000000000000000 ) ) ;
#661 = DIRECTION ( 'NONE',  ( -0.000000000000000000, 1.000000000000000000, -0.000000000000000000 ) ) ;
#662 = EDGE_CURVE ( 'NONE', #367, #169, #253, .T. ) ;
#663 = ORIENTED_EDGE ( 'NONE', *, *, #1969, .T. ) ;
#664 = CARTESIAN_POINT ( 'NONE',  ( 9.999999999999996447, -0.7499999999999997780, 27.94376906220560741 ) ) ;
#665 = LINE ( 'NONE', #1198, #277 ) ;
#666 = ADVANCED_FACE ( 'NONE', ( #415 ), #1446, .F. ) ;
#667 = CARTESIAN_POINT ( 'NONE',  ( 3.749999999999968470, -0.7500000000000006661, 22.69351727465446444 ) ) ;
#668 = DIRECTION ( 'NONE',  ( 0.000000000000000000, 0.000000000000000000, -1.000000000000000000 ) ) ;
#669 = CARTESIAN_POINT ( 'NONE',  ( 10.49999999999999645, -13.62024832184527767, 6.123233995736714267E-17 ) ) ;
#670 = CARTESIAN_POINT ( 'NONE',  ( 3.749999999999968470, 2.999999999999999112, 22.69351727465446444 ) ) ;
#671 = DIRECTION ( 'NONE',  ( 0.000000000000000000, 1.000000000000000000, 0.000000000000000000 ) ) ;
#672 = EDGE_CURVE ( 'NONE', #154, #2101, #588, .T. ) ;
#673 = ADVANCED_FACE ( 'NONE', ( #1287 ), #238, .F. ) ;
#674 = ORIENTED_EDGE ( 'NONE', *, *, #526, .T. ) ;
#675 = AXIS2_PLACEMENT_3D ( 'NONE', #235, #1429, #215 ) ;
#676 = DIRECTION ( 'NONE',  ( 0.000000000000000000, 0.000000000000000000, 1.000000000000000000 ) ) ;
#677 = CARTESIAN_POINT ( 'NONE',  ( -3.249999999999968026, -13.62024832184527767, 23.75797961058080787 ) ) ;
#678 = ORIENTED_EDGE ( 'NONE', *, *, #1777, .F. ) ;
#679 = DIRECTION ( 'NONE',  ( 0.000000000000000000, 0.000000000000000000, -1.000000000000000000 ) ) ;
#680 = FACE_OUTER_BOUND ( 'NONE', #532, .T. ) ;
#681 = DIRECTION ( 'NONE',  ( -1.000000000000000000, 0.000000000000000000, 0.000000000000000000 ) ) ;
#682 = CARTESIAN_POINT ( 'NONE',  ( 0.000000000000000000, 0.000000000000000000, 8.173619396172782103 ) ) ;
#683 = FACE_BOUND ( 'NONE', #1673, .T. ) ;
#684 = VECTOR ( 'NONE', #2223, 1000.000000000000000 ) ;
#685 = ORIENTED_EDGE ( 'NONE', *, *, #1294, .F. ) ;
#686 = CARTESIAN_POINT ( 'NONE',  ( -3.578989928337130699, -13.62024832184527767, 22.22367096426151178 ) ) ;
#687 = ORIENTED_EDGE ( 'NONE', *, *, #1657, .F. ) ;
#688 = AXIS2_PLACEMENT_3D ( 'NONE', #82, #1111, #1462 ) ;
#689 = EDGE_LOOP ( 'NONE', ( #2184, #222, #952, #1278 ) ) ;
#690 = ADVANCED_FACE ( 'NONE', ( #1212 ), #2237, .F. ) ;
#691 = VERTEX_POINT ( 'NONE', #129 ) ;
#692 = CARTESIAN_POINT ( 'NONE',  ( 0.000000000000000000, 0.000000000000000000, 5972.500000000000000 ) ) ;
#693 = CARTESIAN_POINT ( 'NONE',  ( 0.000000000000000000, 0.000000000000000000, 0.000000000000000000 ) ) ;
#694 = DIRECTION ( 'NONE',  ( 0.000000000000000000, 0.000000000000000000, -1.000000000000000000 ) ) ;
#695 = ORIENTED_EDGE ( 'NONE', *, *, #1757, .F. ) ;
#696 = CARTESIAN_POINT ( 'NONE',  ( 8.999999999999998224, -13.62024832184527767, 30.50000000000000000 ) ) ;
#697 = CIRCLE ( 'NONE', #295, 1.500000000000001332 ) ;
#698 = ORIENTED_EDGE ( 'NONE', *, *, #1969, .F. ) ;
#699 = EDGE_CURVE ( 'NONE', #256, #867, #1144, .T. ) ;
#700 = ADVANCED_FACE ( 'NONE', ( #1382 ), #831, .F. ) ;
#701 = ORIENTED_EDGE ( 'NONE', *, *, #332, .T. ) ;
#702 = CARTESIAN_POINT ( 'NONE',  ( -8.781864124784984448E-14, -0.7499999999999994449, 16.50000000000000000 ) ) ;
#703 = CARTESIAN_POINT ( 'NONE',  ( -14.30000000000000071, 3.000000000000000000, 4.482606157515759193 ) ) ;
#704 = CYLINDRICAL_SURFACE ( 'NONE', #1867, 1.500000000000001332 ) ;
#705 = ORIENTED_EDGE ( 'NONE', *, *, #1400, .T. ) ;
#706 = FACE_OUTER_BOUND ( 'NONE', #153, .T. ) ;
#707 = CARTESIAN_POINT ( 'NONE',  ( 3.249999999999968026, 3.000000000000000000, 22.34341350554961281 ) ) ;
#708 = ORIENTED_EDGE ( 'NONE', *, *, #2175, .T. ) ;
#709 = EDGE_LOOP ( 'NONE', ( #754, #877, #204, #563 ) ) ;
#710 = AXIS2_PLACEMENT_3D ( 'NONE', #1860, #445, #1143 ) ;
#711 = AXIS2_PLACEMENT_3D ( 'NONE', #670, #1934, #1052 ) ;
#712 = VECTOR ( 'NONE', #1591, 1000.000000000000000 ) ;
#713 = DIRECTION ( 'NONE',  ( -0.000000000000000000, -0.000000000000000000, 1.000000000000000000 ) ) ;
#714 = CARTESIAN_POINT ( 'NONE',  ( -12.49999999999999822, 3.000000000000000000, 15.94459995234925920 ) ) ;
#715 = EDGE_LOOP ( 'NONE', ( #1855, #1910, #1315 ) ) ;
#716 = LINE ( 'NONE', #2004, #1884 ) ;
#717 = DIRECTION ( 'NONE',  ( 0.000000000000000000, -1.000000000000000000, 0.000000000000000000 ) ) ;
#718 = VECTOR ( 'NONE', #1630, 1000.000000000000000 ) ;
#719 = ORIENTED_EDGE ( 'NONE', *, *, #580, .F. ) ;
#720 = CARTESIAN_POINT ( 'NONE',  ( 10.99999999999999822, -13.62024832184527767, 2.000000000000365485 ) ) ;
#721 = VERTEX_POINT ( 'NONE', #2044 ) ;
#722 = LINE ( 'NONE', #1945, #2196 ) ;
#723 = DIRECTION ( 'NONE',  ( 6.772484123137272606E-16, 0.000000000000000000, 1.000000000000000000 ) ) ;
#724 = VECTOR ( 'NONE', #713, 1000.000000000000000 ) ;
#725 = CARTESIAN_POINT ( 'NONE',  ( -10.49999999999999467, -0.7500000000000006661, 28.23244419680041872 ) ) ;
#726 = EDGE_CURVE ( 'NONE', #1755, #1922, #2216, .T. ) ;
#727 = ORIENTED_EDGE ( 'NONE', *, *, #96, .T. ) ;
#728 = DIRECTION ( 'NONE',  ( 1.000000000000000000, 0.000000000000000000, 0.000000000000000000 ) ) ;
#729 = CARTESIAN_POINT ( 'NONE',  ( -10.00000000000000711, 1.224646799147354045E-15, 6000.000000000000000 ) ) ;
#730 = DIRECTION ( 'NONE',  ( 0.000000000000000000, 1.000000000000000000, 0.000000000000000000 ) ) ;
#731 = ADVANCED_FACE ( 'NONE', ( #842 ), #472, .T. ) ;
#732 = VERTEX_POINT ( 'NONE', #2054 ) ;
#733 = CARTESIAN_POINT ( 'NONE',  ( 6.749999999999730882, -13.62024832184527767, 11.27169843398760207 ) ) ;
#734 = VERTEX_POINT ( 'NONE', #2247 ) ;
#735 = EDGE_CURVE ( 'NONE', #2008, #1353, #160, .T. ) ;
#736 = ADVANCED_FACE ( 'NONE', ( #1905, #334 ), #345, .T. ) ;
#737 = DIRECTION ( 'NONE',  ( -0.000000000000000000, -0.000000000000000000, 1.000000000000000000 ) ) ;
#738 = DIRECTION ( 'NONE',  ( 0.000000000000000000, -1.000000000000000000, 0.000000000000000000 ) ) ;
#739 = ORIENTED_EDGE ( 'NONE', *, *, #1510, .F. ) ;
#740 = DIRECTION ( 'NONE',  ( 0.000000000000000000, 0.000000000000000000, -1.000000000000000000 ) ) ;
#741 = DIRECTION ( 'NONE',  ( 1.000000000000000000, 0.000000000000000000, 0.000000000000000000 ) ) ;
#742 = EDGE_CURVE ( 'NONE', #1445, #27, #162, .T. ) ;
#743 = ORIENTED_EDGE ( 'NONE', *, *, #1889, .F. ) ;
#744 = CARTESIAN_POINT ( 'NONE',  ( 9.999999999999996447, 3.000000000000000000, 27.94376906220560741 ) ) ;
#745 = ORIENTED_EDGE ( 'NONE', *, *, #2116, .F. ) ;
#746 = VECTOR ( 'NONE', #838, 1000.000000000000114 ) ;
#747 = AXIS2_PLACEMENT_3D ( 'NONE', #2081, #1538, #494 ) ;
#748 = DIRECTION ( 'NONE',  ( 1.000000000000000000, 0.000000000000000000, 0.000000000000000000 ) ) ;
#749 =( LENGTH_UNIT ( ) NAMED_UNIT ( * ) SI_UNIT ( .MILLI., .METRE. ) );
#750 = ORIENTED_EDGE ( 'NONE', *, *, #839, .T. ) ;
#751 = CARTESIAN_POINT ( 'NONE',  ( 14.29999999999999361, -0.7500000000000006661, 8.173619396172774998 ) ) ;
#752 = CARTESIAN_POINT ( 'NONE',  ( -14.30000000000000071, -0.7499999999999997780, 4.482606157515759193 ) ) ;
#753 = ORIENTED_EDGE ( 'NONE', *, *, #2194, .F. ) ;
#754 = ORIENTED_EDGE ( 'NONE', *, *, #1944, .T. ) ;
#755 = LINE ( 'NONE', #2139, #1182 ) ;
#756 = VECTOR ( 'NONE', #1655, 1000.000000000000000 ) ;
#757 = ORIENTED_EDGE ( 'NONE', *, *, #1582, .T. ) ;
#758 = AXIS2_PLACEMENT_3D ( 'NONE', #478, #1019, #1901 ) ;
#759 = EDGE_CURVE ( 'NONE', #169, #1886, #1916, .T. ) ;
#760 = CIRCLE ( 'NONE', #2038, 0.5000000000000004441 ) ;
#761 = PLANE ( 'NONE',  #935 ) ;
#762 = ORIENTED_EDGE ( 'NONE', *, *, #1944, .F. ) ;
#763 = VECTOR ( 'NONE', #524, 1000.000000000000000 ) ;
#764 = DIRECTION ( 'NONE',  ( -0.000000000000000000, -0.000000000000000000, 1.000000000000000000 ) ) ;
#765 = CARTESIAN_POINT ( 'NONE',  ( -12.99999999999999822, -0.7500000000000006661, 17.74439241413950086 ) ) ;
#766 = ORIENTED_EDGE ( 'NONE', *, *, #1653, .F. ) ;
#767 = ORIENTED_EDGE ( 'NONE', *, *, #459, .T. ) ;
#768 = FACE_OUTER_BOUND ( 'NONE', #689, .T. ) ;
#769 = ORIENTED_EDGE ( 'NONE', *, *, #974, .T. ) ;
#770 = VECTOR ( 'NONE', #1354, 1000.000000000000000 ) ;
#771 = EDGE_CURVE ( 'NONE', #584, #2020, #301, .T. ) ;
#772 = EDGE_CURVE ( 'NONE', #419, #1988, #1698, .T. ) ;
#773 = AXIS2_PLACEMENT_3D ( 'NONE', #1914, #647, #1351 ) ;
#774 = DIRECTION ( 'NONE',  ( -0.000000000000000000, 1.000000000000000000, -0.000000000000000000 ) ) ;
#775 = CIRCLE ( 'NONE', #2214, 0.5000000000000000000 ) ;
#776 = ORIENTED_EDGE ( 'NONE', *, *, #1095, .T. ) ;
#777 = CARTESIAN_POINT ( 'NONE',  ( -7.361023124062370260E-15, 0.000000000000000000, 5969.946342369133163 ) ) ;
#778 = CARTESIAN_POINT ( 'NONE',  ( 0.000000000000000000, 0.000000000000000000, 5972.500000000000000 ) ) ;
#779 = DIRECTION ( 'NONE',  ( -1.000000000000000000, 0.000000000000000000, -4.604373675112123997E-16 ) ) ;
#780 = EDGE_CURVE ( 'NONE', #1062, #27, #341, .T. ) ;
#781 = EDGE_LOOP ( 'NONE', ( #698, #1135, #1137, #787 ) ) ;
#782 = DIRECTION ( 'NONE',  ( -1.000000000000000000, 0.000000000000000000, -0.000000000000000000 ) ) ;
#783 = ORIENTED_EDGE ( 'NONE', *, *, #1398, .F. ) ;
#784 = AXIS2_PLACEMENT_3D ( 'NONE', #1444, #934, #404 ) ;
#785 = DIRECTION ( 'NONE',  ( 0.000000000000000000, 0.000000000000000000, 1.000000000000000000 ) ) ;
#786 = CARTESIAN_POINT ( 'NONE',  ( 12.01303021498851109, -0.7500000000000006661, 19.15393134531835884 ) ) ;
#787 = ORIENTED_EDGE ( 'NONE', *, *, #1992, .F. ) ;
#788 = CARTESIAN_POINT ( 'NONE',  ( 6.749999999999730882, 3.000000000000000000, 11.27169843398760207 ) ) ;
#789 = CARTESIAN_POINT ( 'NONE',  ( -10.75000000000000000, -0.7499999999999997780, 2.433012701892586005 ) ) ;
#790 = ORIENTED_EDGE ( 'NONE', *, *, #1654, .T. ) ;
#791 = CARTESIAN_POINT ( 'NONE',  ( -6.999999999999731770, 3.000000000000000000, 12.76917347180616247 ) ) ;
#792 = VERTEX_POINT ( 'NONE', #1392 ) ;
#793 = CARTESIAN_POINT ( 'NONE',  ( 10.49999999999999645, 3.000000000000000000, 6.123233995736714267E-17 ) ) ;
#794 = ORIENTED_EDGE ( 'NONE', *, *, #147, .F. ) ;
#795 = PLANE ( 'NONE',  #1408 ) ;
#796 = CARTESIAN_POINT ( 'NONE',  ( 12.99999999999999822, -13.62024832184527767, 18.79470372145405932 ) ) ;
#797 = ORIENTED_EDGE ( 'NONE', *, *, #895, .T. ) ;
#798 = CARTESIAN_POINT ( 'NONE',  ( 14.69693845669906906, 3.000000000000000000, 0.000000000000000000 ) ) ;
#799 = DIRECTION ( 'NONE',  ( -0.000000000000000000, -0.000000000000000000, 1.000000000000000000 ) ) ;
#800 = ORIENTED_EDGE ( 'NONE', *, *, #1356, .T. ) ;
#801 = CARTESIAN_POINT ( 'NONE',  ( -14.14956661997213594, 2.999999999999999556, 34.00000000000002842 ) ) ;
#802 = VERTEX_POINT ( 'NONE', #1194 ) ;
#803 = CARTESIAN_POINT ( 'NONE',  ( 14.29999999999999361, 3.000000000000000000, 8.173619396172774998 ) ) ;
#804 = VERTEX_POINT ( 'NONE', #1894 ) ;
#805 = DIRECTION ( 'NONE',  ( -1.000000000000000000, 0.000000000000000000, 0.000000000000000000 ) ) ;
#806 = CARTESIAN_POINT ( 'NONE',  ( -12.47726661895741529, -8.000000000000003553, 32.66710035291124115 ) ) ;
#807 = SURFACE_STYLE_FILL_AREA ( #104 ) ;
#808 = CARTESIAN_POINT ( 'NONE',  ( -6.454188428569513469, -9.269976525101879972, 45.84904229025015354 ) ) ;
#809 = ORIENTED_EDGE ( 'NONE', *, *, #1911, .T. ) ;
#810 = CARTESIAN_POINT ( 'NONE',  ( -7.078989928336893556, -0.7500000000000006661, 10.80185212359464941 ) ) ;
#811 = ORIENTED_EDGE ( 'NONE', *, *, #985, .T. ) ;
#812 = CYLINDRICAL_SURFACE ( 'NONE', #2143, 1.500000000000001332 ) ;
#813 = DIRECTION ( 'NONE',  ( 0.9396926207859062075, 0.000000000000000000, 0.3420201433256745971 ) ) ;
#814 = DIRECTION ( 'NONE',  ( -0.000000000000000000, -0.000000000000000000, 1.000000000000000000 ) ) ;
#815 = CARTESIAN_POINT ( 'NONE',  ( -7.078989928336893556, 3.000000000000000000, 10.80185212359464941 ) ) ;
#816 = DIRECTION ( 'NONE',  ( 0.000000000000000000, 0.000000000000000000, 1.000000000000000000 ) ) ;
#817 = DIRECTION ( 'NONE',  ( 0.000000000000000000, -1.000000000000000000, 0.000000000000000000 ) ) ;
#818 = EDGE_LOOP ( 'NONE', ( #1474, #393, #1373, #1417 ) ) ;
#819 = DIRECTION ( 'NONE',  ( 0.000000000000000000, -0.9362895028582493007, 0.3512292226416423579 ) ) ;
#820 = ORIENTED_EDGE ( 'NONE', *, *, #324, .T. ) ;
#821 = CIRCLE ( 'NONE', #2162, 10.00000000000000533 ) ;
#822 = ADVANCED_FACE ( 'NONE', ( #322 ), #514, .F. ) ;
#823 = AXIS2_PLACEMENT_3D ( 'NONE', #582, #906, #1282 ) ;
#824 = AXIS2_PLACEMENT_3D ( 'NONE', #1600, #370, #22 ) ;
#825 = CIRCLE ( 'NONE', #1596, 15.00000000000000000 ) ;
#826 = DIRECTION ( 'NONE',  ( 0.000000000000000000, 0.000000000000000000, 1.000000000000000000 ) ) ;
#827 = DIRECTION ( 'NONE',  ( 0.000000000000000000, 1.000000000000000000, 0.000000000000000000 ) ) ;
#828 = EDGE_CURVE ( 'NONE', #1921, #2101, #1517, .T. ) ;
#829 = AXIS2_PLACEMENT_3D ( 'NONE', #896, #1789, #1598 ) ;
#830 =( NAMED_UNIT ( * ) SI_UNIT ( $, .STERADIAN. ) SOLID_ANGLE_UNIT ( ) );
#831 = PLANE ( 'NONE',  #270 ) ;
#832 = CARTESIAN_POINT ( 'NONE',  ( -10.49999999999999645, 3.000000000000000000, 30.50000000000000000 ) ) ;
#833 =( BOUNDED_CURVE ( )  B_SPLINE_CURVE ( 3, ( #197, #1276, #1080, #374 ),
 .UNSPECIFIED., .F., .F. ) 
 B_SPLINE_CURVE_WITH_KNOTS ( ( 4, 4 ),
 ( 5.893356748107684062, 6.673013866251486625 ),
 .UNSPECIFIED. ) 
 CURVE ( )  GEOMETRIC_REPRESENTATION_ITEM ( )  RATIONAL_B_SPLINE_CURVE ( ( 1.000000000000000000, 0.9499828174128499558, 0.9499828174128499558, 1.000000000000000000 ) ) 
 REPRESENTATION_ITEM ( '' )  );
#834 = EDGE_LOOP ( 'NONE', ( #33, #1942, #477, #183, #2111 ) ) ;
#835 = CARTESIAN_POINT ( 'NONE',  ( 0.000000000000000000, 0.000000000000000000, 31.99999999999997158 ) ) ;
#836 = DIRECTION ( 'NONE',  ( -0.000000000000000000, -1.000000000000000000, -0.000000000000000000 ) ) ;
#837 = DIRECTION ( 'NONE',  ( 0.000000000000000000, 0.000000000000000000, -1.000000000000000000 ) ) ;
#838 = DIRECTION ( 'NONE',  ( 0.8660254037844385966, 0.000000000000000000, 0.5000000000000001110 ) ) ;
#839 = EDGE_CURVE ( 'NONE', #575, #1096, #2198, .T. ) ;
#840 = EDGE_CURVE ( 'NONE', #1560, #1680, #1037, .T. ) ;
#841 = FACE_OUTER_BOUND ( 'NONE', #372, .T. ) ;
#842 = FACE_OUTER_BOUND ( 'NONE', #195, .T. ) ;
#843 = DIRECTION ( 'NONE',  ( -1.000000000000000000, 0.000000000000000000, 0.000000000000000000 ) ) ;
#844 = EDGE_CURVE ( 'NONE', #93, #2060, #875, .T. ) ;
#845 = VERTEX_POINT ( 'NONE', #171 ) ;
#846 = CARTESIAN_POINT ( 'NONE',  ( 14.29999999999999183, 3.000000000000000000, 4.482606157515751200 ) ) ;
#847 = LINE ( 'NONE', #677, #168 ) ;
#848 = EDGE_CURVE ( 'NONE', #1740, #1109, #180, .T. ) ;
#849 = CARTESIAN_POINT ( 'NONE',  ( 12.68857754044952202, -8.000000000000000000, 0.000000000000000000 ) ) ;
#850 = CARTESIAN_POINT ( 'NONE',  ( -6.749999999999730882, 3.000000000000000000, 12.33616076991394195 ) ) ;
#851 = FACE_OUTER_BOUND ( 'NONE', #1692, .T. ) ;
#852 = CARTESIAN_POINT ( 'NONE',  ( 14.69693845669906906, 3.000000000000000000, 32.00000000000000000 ) ) ;
#853 = CARTESIAN_POINT ( 'NONE',  ( 11.49999999999999822, 2.999999999999999112, 17.74439241413950086 ) ) ;
#854 = VERTEX_POINT ( 'NONE', #703 ) ;
#855 = AXIS2_PLACEMENT_3D ( 'NONE', #2160, #218, #602 ) ;
#856 = DIRECTION ( 'NONE',  ( 0.000000000000000000, 0.000000000000000000, 1.000000000000000000 ) ) ;
#857 = ORIENTED_EDGE ( 'NONE', *, *, #1911, .F. ) ;
#858 = EDGE_LOOP ( 'NONE', ( #1377, #450, #1482, #1779 ) ) ;
#859 = AXIS2_PLACEMENT_3D ( 'NONE', #852, #1528, #1691 ) ;
#860 = CARTESIAN_POINT ( 'NONE',  ( 14.29999999999999361, 3.000000000000000000, 8.173619396172774998 ) ) ;
#861 = CYLINDRICAL_SURFACE ( 'NONE', #553, 0.5000000000000000000 ) ;
#862 = CARTESIAN_POINT ( 'NONE',  ( -8.999999999999998224, 3.000000000000000000, 32.00000000000000000 ) ) ;
#863 = CARTESIAN_POINT ( 'NONE',  ( 12.99999999999999822, 2.999999999999999112, 17.74439241413950086 ) ) ;
#864 = CARTESIAN_POINT ( 'NONE',  ( 6.749999999999730882, 3.000000000000000000, 12.62483590450875504 ) ) ;
#865 = EDGE_CURVE ( 'NONE', #1523, #1118, #228, .T. ) ;
#866 = AXIS2_PLACEMENT_3D ( 'NONE', #1878, #1534, #679 ) ;
#867 = VERTEX_POINT ( 'NONE', #191 ) ;
#868 = CARTESIAN_POINT ( 'NONE',  ( 0.000000000000000000, 0.000000000000000000, 5972.500000000000000 ) ) ;
#869 = VECTOR ( 'NONE', #1938, 1000.000000000000000 ) ;
#870 = EDGE_CURVE ( 'NONE', #614, #1470, #1811, .T. ) ;
#871 = ORIENTED_EDGE ( 'NONE', *, *, #1356, .F. ) ;
#872 = AXIS2_PLACEMENT_3D ( 'NONE', #702, #170, #874 ) ;
#873 = EDGE_LOOP ( 'NONE', ( #1309, #1267, #2096, #24 ) ) ;
#874 = DIRECTION ( 'NONE',  ( 0.000000000000000000, 0.000000000000000000, 1.000000000000000000 ) ) ;
#875 = LINE ( 'NONE', #897, #1920 ) ;
#876 = CIRCLE ( 'NONE', #949, 1.499999999999999556 ) ;
#877 = ORIENTED_EDGE ( 'NONE', *, *, #771, .T. ) ;
#878 = LINE ( 'NONE', #1704, #309 ) ;
#879 = ORIENTED_EDGE ( 'NONE', *, *, #328, .F. ) ;
#880 = ORIENTED_EDGE ( 'NONE', *, *, #2100, .T. ) ;
#881 = CARTESIAN_POINT ( 'NONE',  ( 9.749999999999996447, -0.7499999999999997780, 27.79943149490820531 ) ) ;
#882 = LINE ( 'NONE', #714, #1409 ) ;
#883 = DIRECTION ( 'NONE',  ( 0.000000000000000000, 0.000000000000000000, 1.000000000000000000 ) ) ;
#884 = ORIENTED_EDGE ( 'NONE', *, *, #672, .T. ) ;
#885 = DIRECTION ( 'NONE',  ( 1.734723475976805517E-15, 0.000000000000000000, -1.000000000000000000 ) ) ;
#886 = CARTESIAN_POINT ( 'NONE',  ( 0.000000000000000000, 0.000000000000000000, 50.66025403784435355 ) ) ;
#887 = AXIS2_PLACEMENT_3D ( 'NONE', #1626, #52, #1279 ) ;
#888 = ORIENTED_EDGE ( 'NONE', *, *, #1871, .F. ) ;
#889 = EDGE_CURVE ( 'NONE', #1002, #614, #1426, .T. ) ;
#890 = ORIENTED_EDGE ( 'NONE', *, *, #909, .F. ) ;
#891 = ORIENTED_EDGE ( 'NONE', *, *, #772, .T. ) ;
#892 = VECTOR ( 'NONE', #1473, 1000.000000000000000 ) ;
#893 = EDGE_CURVE ( 'NONE', #1852, #169, #10, .T. ) ;
#894 = CIRCLE ( 'NONE', #1108, 0.5000000000000004441 ) ;
#895 = EDGE_CURVE ( 'NONE', #229, #2127, #525, .T. ) ;
#896 = CARTESIAN_POINT ( 'NONE',  ( 12.49999999999999822, -0.7499999999999997780, 15.94459995234925920 ) ) ;
#897 = CARTESIAN_POINT ( 'NONE',  ( -3.249999999999968026, -0.7500000000000006661, 22.34341350554961281 ) ) ;
#898 = APPLICATION_PROTOCOL_DEFINITION ( 'draft international standard', 'automotive_design', 1998, #159 ) ;
#899 = EDGE_LOOP ( 'NONE', ( #1604, #1994, #921, #1796 ) ) ;
#900 = CARTESIAN_POINT ( 'NONE',  ( -6.749999999999730882, -13.62024832184527767, 10.92159466488274866 ) ) ;
#901 = LINE ( 'NONE', #36, #1629 ) ;
#902 = EDGE_CURVE ( 'NONE', #559, #802, #882, .T. ) ;
#903 = ORIENTED_EDGE ( 'NONE', *, *, #1555, .T. ) ;
#904 = DIRECTION ( 'NONE',  ( -0.000000000000000000, 1.000000000000000000, -0.000000000000000000 ) ) ;
#905 = ORIENTED_EDGE ( 'NONE', *, *, #1467, .F. ) ;
#906 = DIRECTION ( 'NONE',  ( -0.000000000000000000, 1.000000000000000000, -0.000000000000000000 ) ) ;
#907 = ADVANCED_FACE ( 'NONE', ( #534 ), #1235, .T. ) ;
#908 = AXIS2_PLACEMENT_3D ( 'NONE', #263, #1671, #161 ) ;
#909 = EDGE_CURVE ( 'NONE', #1176, #351, #1592, .T. ) ;
#910 = ORIENTED_EDGE ( 'NONE', *, *, #772, .F. ) ;
#911 = CARTESIAN_POINT ( 'NONE',  ( 10.49999999999999467, -0.7500000000000006661, 28.23244419680041872 ) ) ;
#912 = CARTESIAN_POINT ( 'NONE',  ( -11.49999999999999822, 2.999999999999999112, 17.74439241413950086 ) ) ;
#913 = CARTESIAN_POINT ( 'NONE',  ( -14.14956661997213594, 2.999999999999999556, 34.00000000000002842 ) ) ;
#914 = ORIENTED_EDGE ( 'NONE', *, *, #771, .F. ) ;
#915 = FACE_OUTER_BOUND ( 'NONE', #297, .T. ) ;
#916 = VERTEX_POINT ( 'NONE', #1451 ) ;
#917 = DIRECTION ( 'NONE',  ( -0.000000000000000000, -0.000000000000000000, 1.000000000000000000 ) ) ;
#918 = ORIENTED_EDGE ( 'NONE', *, *, #1725, .F. ) ;
#919 = CARTESIAN_POINT ( 'NONE',  ( 11.50000000000000000, -0.7499999999999997780, 17.09930049072850977 ) ) ;
#920 = CYLINDRICAL_SURFACE ( 'NONE', #279, 0.5000000000000000000 ) ;
#921 = ORIENTED_EDGE ( 'NONE', *, *, #672, .F. ) ;
#922 = DIRECTION ( 'NONE',  ( -0.000000000000000000, 1.000000000000000000, -0.000000000000000000 ) ) ;
#923 = EDGE_CURVE ( 'NONE', #968, #1834, #833, .T. ) ;
#924 = VERTEX_POINT ( 'NONE', #1623 ) ;
#925 = CARTESIAN_POINT ( 'NONE',  ( -12.01303021498851109, 2.999999999999999112, 19.15393134531835884 ) ) ;
#926 = AXIS2_PLACEMENT_3D ( 'NONE', #1869, #1953, #158 ) ;
#927 = VECTOR ( 'NONE', #207, 1000.000000000000000 ) ;
#928 = ORIENTED_EDGE ( 'NONE', *, *, #120, .T. ) ;
#929 = LINE ( 'NONE', #2135, #156 ) ;
#930 = LINE ( 'NONE', #1603, #927 ) ;
#931 = ADVANCED_FACE ( 'NONE', ( #1764 ), #1803, .F. ) ;
#932 = ORIENTED_EDGE ( 'NONE', *, *, #492, .T. ) ;
#933 = VERTEX_POINT ( 'NONE', #539 ) ;
#934 = DIRECTION ( 'NONE',  ( 0.000000000000000000, 0.000000000000000000, -1.000000000000000000 ) ) ;
#935 = AXIS2_PLACEMENT_3D ( 'NONE', #387, #1075, #568 ) ;
#936 = ORIENTED_EDGE ( 'NONE', *, *, #92, .F. ) ;
#937 = ADVANCED_FACE ( 'NONE', ( #2103, #1929 ), #1972, .F. ) ;
#938 = EDGE_CURVE ( 'NONE', #229, #1002, #50, .T. ) ;
#939 = CARTESIAN_POINT ( 'NONE',  ( 0.000000000000000000, 0.000000000000000000, 31.99999999999997158 ) ) ;
#940 = EDGE_CURVE ( 'NONE', #1664, #792, #901, .T. ) ;
#941 = ORIENTED_EDGE ( 'NONE', *, *, #1400, .F. ) ;
#942 = CIRCLE ( 'NONE', #1424, 4.249999999999985789 ) ;
#943 = DIRECTION ( 'NONE',  ( 0.000000000000000000, -1.000000000000000000, 0.000000000000000000 ) ) ;
#944 = CARTESIAN_POINT ( 'NONE',  ( 10.74999999999999645, -0.7499999999999997780, 2.433012701892585117 ) ) ;
#945 = CARTESIAN_POINT ( 'NONE',  ( -15.00000000000000000, 2.999999999999999556, 34.00000000000002842 ) ) ;
#946 = EDGE_LOOP ( 'NONE', ( #1395, #565, #663 ) ) ;
#947 = CARTESIAN_POINT ( 'NONE',  ( -6.749999999999730882, -0.7500000000000006661, 11.27169843398760207 ) ) ;
#948 = ORIENTED_EDGE ( 'NONE', *, *, #996, .T. ) ;
#949 = AXIS2_PLACEMENT_3D ( 'NONE', #1034, #1187, #1741 ) ;
#950 = CARTESIAN_POINT ( 'NONE',  ( 3.578989928337130699, -13.62024832184527767, 22.22367096426151178 ) ) ;
#951 = CARTESIAN_POINT ( 'NONE',  ( 14.29999999999999361, -2.656019289743281497, 8.173619396172774998 ) ) ;
#952 = ORIENTED_EDGE ( 'NONE', *, *, #257, .T. ) ;
#953 = CYLINDRICAL_SURFACE ( 'NONE', #1549, 1.499999999999999556 ) ;
#954 = DIRECTION ( 'NONE',  ( 0.000000000000000000, 0.000000000000000000, -1.000000000000000000 ) ) ;
#955 = EDGE_LOOP ( 'NONE', ( #1341, #1208, #687, #890 ) ) ;
#956 = DIRECTION ( 'NONE',  ( -0.000000000000000000, -0.000000000000000000, 1.000000000000000000 ) ) ;
#957 = ORIENTED_EDGE ( 'NONE', *, *, #121, .F. ) ;
#958 = DIRECTION ( 'NONE',  ( 0.000000000000000000, 0.000000000000000000, -1.000000000000000000 ) ) ;
#959 = ORIENTED_EDGE ( 'NONE', *, *, #319, .F. ) ;
#960 =( BOUNDED_CURVE ( )  B_SPLINE_CURVE ( 3, ( #181, #32, #42, #1935 ),
 .UNSPECIFIED., .F., .F. ) 
 B_SPLINE_CURVE_WITH_KNOTS ( ( 4, 4 ),
 ( 6.075758407168474484, 6.490612207189127680 ),
 .UNSPECIFIED. ) 
 CURVE ( )  GEOMETRIC_REPRESENTATION_ITEM ( )  RATIONAL_B_SPLINE_CURVE ( ( 1.000000000000000000, 0.9857093764035638195, 0.9857093764035638195, 1.000000000000000000 ) ) 
 REPRESENTATION_ITEM ( '' )  );
#961 = CIRCLE ( 'NONE', #1141, 0.5000000000000004441 ) ;
#962 = CARTESIAN_POINT ( 'NONE',  ( 12.01303021498851109, 3.000000000000000000, 19.15393134531835884 ) ) ;
#963 = CARTESIAN_POINT ( 'NONE',  ( 0.000000000000000000, 0.000000000000000000, 4.482606157515778733 ) ) ;
#964 = EDGE_CURVE ( 'NONE', #1770, #1721, #930, .T. ) ;
#965 = ORIENTED_EDGE ( 'NONE', *, *, #1571, .T. ) ;
#966 = PRESENTATION_STYLE_ASSIGNMENT (( #1881 ) ) ;
#967 = CARTESIAN_POINT ( 'NONE',  ( -4.550448493682710094, -9.557224134040437136, 48.52909896752859709 ) ) ;
#968 = VERTEX_POINT ( 'NONE', #1441 ) ;
#969 = LINE ( 'NONE', #2009, #1005 ) ;
#970 = ORIENTED_EDGE ( 'NONE', *, *, #985, .F. ) ;
#971 = CARTESIAN_POINT ( 'NONE',  ( 14.69693845669905308, 2.999999999999999556, 32.00000000000002842 ) ) ;
#972 = EDGE_CURVE ( 'NONE', #1243, #2070, #1057, .T. ) ;
#973 = ORIENTED_EDGE ( 'NONE', *, *, #1823, .T. ) ;
#974 = EDGE_CURVE ( 'NONE', #1096, #416, #1068, .T. ) ;
#975 = VECTOR ( 'NONE', #1532, 1000.000000000000227 ) ;
#976 = DIRECTION ( 'NONE',  ( -0.000000000000000000, 1.000000000000000000, -0.000000000000000000 ) ) ;
#977 = DIRECTION ( 'NONE',  ( -1.000000000000000000, 0.000000000000000000, 0.000000000000000000 ) ) ;
#978 = VECTOR ( 'NONE', #1647, 1000.000000000000000 ) ;
#979 = ORIENTED_EDGE ( 'NONE', *, *, #2057, .T. ) ;
#980 = DIRECTION ( 'NONE',  ( 0.000000000000000000, 1.000000000000000000, 0.000000000000000000 ) ) ;
#981 = FACE_OUTER_BOUND ( 'NONE', #818, .T. ) ;
#982 = ORIENTED_EDGE ( 'NONE', *, *, #316, .T. ) ;
#983 = LINE ( 'NONE', #1522, #1189 ) ;
#984 = ORIENTED_EDGE ( 'NONE', *, *, #840, .T. ) ;
#985 = EDGE_CURVE ( 'NONE', #2154, #364, #522, .T. ) ;
#986 = ORIENTED_EDGE ( 'NONE', *, *, #488, .F. ) ;
#987 = LINE ( 'NONE', #1358, #1959 ) ;
#988 = DIRECTION ( 'NONE',  ( -0.000000000000000000, -0.000000000000000000, -1.000000000000000000 ) ) ;
#989 = DIRECTION ( 'NONE',  ( 0.000000000000000000, 0.000000000000000000, 1.000000000000000000 ) ) ;
#990 =( NAMED_UNIT ( * ) PLANE_ANGLE_UNIT ( ) SI_UNIT ( $, .RADIAN. ) );
#991 = ADVANCED_FACE ( 'NONE', ( #1229 ), #920, .T. ) ;
#992 = DIRECTION ( 'NONE',  ( 1.000000000000000000, 0.000000000000000000, 0.000000000000000000 ) ) ;
#993 = ORIENTED_EDGE ( 'NONE', *, *, #2130, .F. ) ;
#994 = DIRECTION ( 'NONE',  ( 1.000000000000000000, 0.000000000000000000, 0.000000000000000000 ) ) ;
#995 = VERTEX_POINT ( 'NONE', #913 ) ;
#996 = EDGE_CURVE ( 'NONE', #403, #1139, #548, .T. ) ;
#997 = DIRECTION ( 'NONE',  ( 0.000000000000000000, -1.000000000000000000, 0.000000000000000000 ) ) ;
#998 = LINE ( 'NONE', #1826, #1744 ) ;
#999 = CARTESIAN_POINT ( 'NONE',  ( 2.765236864115103277, -9.738259662824187757, 50.21818344601878437 ) ) ;
#1000 = DIRECTION ( 'NONE',  ( 1.000000000000000000, -0.000000000000000000, -0.000000000000000000 ) ) ;
#1001 = DIRECTION ( 'NONE',  ( 0.000000000000000000, 0.000000000000000000, 1.000000000000000000 ) ) ;
#1002 = VERTEX_POINT ( 'NONE', #1431 ) ;
#1003 = CYLINDRICAL_SURFACE ( 'NONE', #579, 0.5000000000000004441 ) ;
#1004 = ORIENTED_EDGE ( 'NONE', *, *, #1956, .T. ) ;
#1005 = VECTOR ( 'NONE', #1853, 1000.000000000000000 ) ;
#1006 = VECTOR ( 'NONE', #216, 1000.000000000000000 ) ;
#1007 = AXIS2_PLACEMENT_3D ( 'NONE', #642, #1679, #1514 ) ;
#1008 = ADVANCED_FACE ( 'NONE', ( #1239 ), #562, .F. ) ;
#1009 = CARTESIAN_POINT ( 'NONE',  ( 14.29999999999999361, -0.7499999999999997780, 8.173619396172774998 ) ) ;
#1010 = DIRECTION ( 'NONE',  ( 0.000000000000000000, 0.000000000000000000, 1.000000000000000000 ) ) ;
#1011 = CIRCLE ( 'NONE', #823, 0.5000000000000004441 ) ;
#1012 = EDGE_CURVE ( 'NONE', #1822, #1842, #1613, .T. ) ;
#1013 = CARTESIAN_POINT ( 'NONE',  ( -8.781864124784984448E-14, -0.7499999999999997780, 16.50000000000000000 ) ) ;
#1014 = CARTESIAN_POINT ( 'NONE',  ( -14.69693845669906551, 3.000000000000000000, 4.482606157515759193 ) ) ;
#1015 = EDGE_CURVE ( 'NONE', #1930, #1632, #1089, .T. ) ;
#1016 = VERTEX_POINT ( 'NONE', #95 ) ;
#1017 = LINE ( 'NONE', #304, #1573 ) ;
#1018 = LINE ( 'NONE', #144, #1344 ) ;
#1019 = DIRECTION ( 'NONE',  ( 0.000000000000000000, -1.000000000000000000, 0.000000000000000000 ) ) ;
#1020 = CARTESIAN_POINT ( 'NONE',  ( -10.49999999999999645, -13.62024832184527767, 6.123233995736714267E-17 ) ) ;
#1021 = DIRECTION ( 'NONE',  ( -0.000000000000000000, -0.000000000000000000, -1.000000000000000000 ) ) ;
#1022 = DIRECTION ( 'NONE',  ( 0.000000000000000000, 0.000000000000000000, 1.000000000000000000 ) ) ;
#1023 = DIRECTION ( 'NONE',  ( -1.000000000000000000, 0.000000000000000000, 0.000000000000000000 ) ) ;
#1024 = VERTEX_POINT ( 'NONE', #1484 ) ;
#1025 = DIRECTION ( 'NONE',  ( -0.000000000000000000, -0.000000000000000000, 1.000000000000000000 ) ) ;
#1026 = ORIENTED_EDGE ( 'NONE', *, *, #828, .F. ) ;
#1027 = DIRECTION ( 'NONE',  ( 0.000000000000000000, 1.000000000000000000, 0.000000000000000000 ) ) ;
#1028 = FACE_OUTER_BOUND ( 'NONE', #209, .T. ) ;
#1029 = DIRECTION ( 'NONE',  ( 1.000000000000000000, 0.000000000000000000, -0.000000000000000000 ) ) ;
#1030 = DIRECTION ( 'NONE',  ( 1.000000000000000000, 0.000000000000000000, 0.000000000000000000 ) ) ;
#1031 = LINE ( 'NONE', #1716, #1242 ) ;
#1032 = ORIENTED_EDGE ( 'NONE', *, *, #23, .T. ) ;
#1033 = CIRCLE ( 'NONE', #43, 1.500000000000001332 ) ;
#1034 = CARTESIAN_POINT ( 'NONE',  ( -11.50000000000000000, 2.999999999999999112, 17.09930049072850977 ) ) ;
#1035 = ORIENTED_EDGE ( 'NONE', *, *, #1536, .T. ) ;
#1036 = VECTOR ( 'NONE', #1872, 1000.000000000000000 ) ;
#1037 = CIRCLE ( 'NONE', #1107, 4.249999999999990230 ) ;
#1038 = ORIENTED_EDGE ( 'NONE', *, *, #1343, .F. ) ;
#1039 = CARTESIAN_POINT ( 'NONE',  ( 14.14956661997213416, 2.999999999999999556, 34.00000000000002842 ) ) ;
#1040 = AXIS2_PLACEMENT_3D ( 'NONE', #1478, #988, #805 ) ;
#1041 = CARTESIAN_POINT ( 'NONE',  ( -9.749999999999996447, -0.7500000000000006661, 27.79943149490820531 ) ) ;
#1042 = CARTESIAN_POINT ( 'NONE',  ( 14.29999999999999183, -2.656019289743281497, 4.482606157515753864 ) ) ;
#1043 = CIRCLE ( 'NONE', #365, 10.00000000000000000 ) ;
#1044 = ORIENTED_EDGE ( 'NONE', *, *, #1708, .F. ) ;
#1045 = FACE_OUTER_BOUND ( 'NONE', #715, .T. ) ;
#1046 = VECTOR ( 'NONE', #105, 1000.000000000000114 ) ;
#1047 = ORIENTED_EDGE ( 'NONE', *, *, #1706, .F. ) ;
#1048 = AXIS2_PLACEMENT_3D ( 'NONE', #1681, #94, #1157 ) ;
#1049 = ORIENTED_EDGE ( 'NONE', *, *, #889, .T. ) ;
#1050 = APPLICATION_CONTEXT ( 'automotive_design' ) ;
#1051 = CARTESIAN_POINT ( 'NONE',  ( 14.29999999999999183, -0.7499999999999997780, 4.482606157515753864 ) ) ;
#1052 = DIRECTION ( 'NONE',  ( 0.000000000000000000, 0.000000000000000000, -1.000000000000000000 ) ) ;
#1053 = VECTOR ( 'NONE', #152, 1000.000000000000000 ) ;
#1054 = EDGE_CURVE ( 'NONE', #97, #845, #283, .T. ) ;
#1055 = ORIENTED_EDGE ( 'NONE', *, *, #1390, .F. ) ;
#1056 = CARTESIAN_POINT ( 'NONE',  ( 12.99999999999999822, -0.7500000000000006661, 18.79470372145405932 ) ) ;
#1057 = LINE ( 'NONE', #1634, #1220 ) ;
#1058 = AXIS2_PLACEMENT_3D ( 'NONE', #1273, #2132, #1226 ) ;
#1059 = ORIENTED_EDGE ( 'NONE', *, *, #735, .F. ) ;
#1060 = ORIENTED_EDGE ( 'NONE', *, *, #848, .T. ) ;
#1061 = ADVANCED_FACE ( 'NONE', ( #461 ), #1158, .T. ) ;
#1062 = VERTEX_POINT ( 'NONE', #1337 ) ;
#1063 = DIRECTION ( 'NONE',  ( 0.000000000000000000, 0.000000000000000000, 1.000000000000000000 ) ) ;
#1064 = DIRECTION ( 'NONE',  ( -0.000000000000000000, -0.000000000000000000, 1.000000000000000000 ) ) ;
#1065 = DIRECTION ( 'NONE',  ( -0.000000000000000000, -0.000000000000000000, 1.000000000000000000 ) ) ;
#1066 = ORIENTED_EDGE ( 'NONE', *, *, #131, .T. ) ;
#1067 = PLANE ( 'NONE',  #127 ) ;
#1068 = LINE ( 'NONE', #707, #639 ) ;
#1069 = VECTOR ( 'NONE', #1489, 1000.000000000000000 ) ;
#1070 = ORIENTED_EDGE ( 'NONE', *, *, #1201, .F. ) ;
#1071 = DIRECTION ( 'NONE',  ( 0.000000000000000000, -1.000000000000000000, 0.000000000000000000 ) ) ;
#1072 = ORIENTED_EDGE ( 'NONE', *, *, #87, .T. ) ;
#1073 = EDGE_CURVE ( 'NONE', #2070, #416, #70, .T. ) ;
#1074 = EDGE_CURVE ( 'NONE', #1176, #1775, #1120, .T. ) ;
#1075 = DIRECTION ( 'NONE',  ( -0.4999999999999996114, 0.000000000000000000, -0.8660254037844389297 ) ) ;
#1076 = CARTESIAN_POINT ( 'NONE',  ( 6.749999999999730882, -13.62024832184527767, 12.62483590450875504 ) ) ;
#1077 = ORIENTED_EDGE ( 'NONE', *, *, #1467, .T. ) ;
#1078 = CARTESIAN_POINT ( 'NONE',  ( 6.749999999999730882, -0.7500000000000006661, 12.33616076991394195 ) ) ;
#1079 = DIRECTION ( 'NONE',  ( 0.000000000000000000, 0.000000000000000000, -1.000000000000000000 ) ) ;
#1080 = CARTESIAN_POINT ( 'NONE',  ( -1.333462161291223635, 10.26325309084729298, 53.36202111662442604 ) ) ;
#1081 = EDGE_LOOP ( 'NONE', ( #1687, #1404, #347, #965 ) ) ;
#1082 = LINE ( 'NONE', #2073, #1519 ) ;
#1083 = ORIENTED_EDGE ( 'NONE', *, *, #2179, .T. ) ;
#1084 = LINE ( 'NONE', #1767, #1524 ) ;
#1085 = EDGE_CURVE ( 'NONE', #1842, #1411, #1566, .T. ) ;
#1086 = ORIENTED_EDGE ( 'NONE', *, *, #332, .F. ) ;
#1087 = CARTESIAN_POINT ( 'NONE',  ( 13.00000000000000000, 3.000000000000000000, 16.23327508694407229 ) ) ;
#1088 = CARTESIAN_POINT ( 'NONE',  ( 10.49999999999999645, 3.000000000000000000, 6.123233995736714267E-17 ) ) ;
#1089 = LINE ( 'NONE', #752, #60 ) ;
#1090 = EDGE_LOOP ( 'NONE', ( #743, #2152, #604, #678 ) ) ;
#1091 = CARTESIAN_POINT ( 'NONE',  ( -6.749999999999730882, -0.7500000000000006661, 10.92159466488274866 ) ) ;
#1092 = ORIENTED_EDGE ( 'NONE', *, *, #583, .F. ) ;
#1093 = AXIS2_PLACEMENT_3D ( 'NONE', #346, #482, #2227 ) ;
#1094 = CARTESIAN_POINT ( 'NONE',  ( 0.000000000000000000, 0.000000000000000000, 6000.000000000000000 ) ) ;
#1095 = EDGE_CURVE ( 'NONE', #559, #1464, #760, .T. ) ;
#1096 = VERTEX_POINT ( 'NONE', #1981 ) ;
#1097 = CYLINDRICAL_SURFACE ( 'NONE', #1788, 10.00000000000000178 ) ;
#1098 = DIRECTION ( 'NONE',  ( 0.000000000000000000, -0.000000000000000000, -1.000000000000000000 ) ) ;
#1099 = EDGE_CURVE ( 'NONE', #364, #968, #1857, .T. ) ;
#1100 = VERTEX_POINT ( 'NONE', #61 ) ;
#1101 = ORIENTED_EDGE ( 'NONE', *, *, #996, .F. ) ;
#1102 = CARTESIAN_POINT ( 'NONE',  ( -14.30000000000000071, -2.656019289743281497, 8.173619396172771445 ) ) ;
#1103 = EDGE_LOOP ( 'NONE', ( #384, #2208, #443, #2077 ) ) ;
#1104 = PLANE ( 'NONE',  #829 ) ;
#1105 = AXIS2_PLACEMENT_3D ( 'NONE', #1831, #779, #1998 ) ;
#1106 = AXIS2_PLACEMENT_3D ( 'NONE', #1957, #397, #1618 ) ;
#1107 = AXIS2_PLACEMENT_3D ( 'NONE', #356, #1064, #2099 ) ;
#1108 = AXIS2_PLACEMENT_3D ( 'NONE', #538, #1928, #14 ) ;
#1109 = VERTEX_POINT ( 'NONE', #765 ) ;
#1110 = LINE ( 'NONE', #1471, #172 ) ;
#1111 = DIRECTION ( 'NONE',  ( -0.3420201433256745971, 0.000000000000000000, 0.9396926207859062075 ) ) ;
#1112 = PLANE ( 'NONE',  #1989 ) ;
#1113 = EDGE_LOOP ( 'NONE', ( #254, #2085, #1745, #1092, #2219, #1658 ) ) ;
#1114 = CARTESIAN_POINT ( 'NONE',  ( 12.05032097219945797, -8.000000000000003553, 34.00000000000002842 ) ) ;
#1115 = VECTOR ( 'NONE', #20, 1000.000000000000000 ) ;
#1116 = ORIENTED_EDGE ( 'NONE', *, *, #1983, .T. ) ;
#1117 = DIRECTION ( 'NONE',  ( 0.000000000000000000, 0.000000000000000000, -1.000000000000000000 ) ) ;
#1118 = VERTEX_POINT ( 'NONE', #789 ) ;
#1119 = DIRECTION ( 'NONE',  ( 0.000000000000000000, -1.000000000000000000, 0.000000000000000000 ) ) ;
#1120 = LINE ( 'NONE', #1672, #353 ) ;
#1121 = DIRECTION ( 'NONE',  ( -0.4999999999999996114, 0.000000000000000000, 0.8660254037844389297 ) ) ;
#1122 = EDGE_LOOP ( 'NONE', ( #1999, #3, #1466, #1506, #2191 ) ) ;
#1123 = FACE_OUTER_BOUND ( 'NONE', #781, .T. ) ;
#1124 = ORIENTED_EDGE ( 'NONE', *, *, #1593, .F. ) ;
#1125 = ADVANCED_FACE ( 'NONE', ( #1996 ), #423, .T. ) ;
#1126 = EDGE_CURVE ( 'NONE', #2161, #1965, #1830, .T. ) ;
#1127 = AXIS2_PLACEMENT_3D ( 'NONE', #1729, #1906, #1529 ) ;
#1128 = CARTESIAN_POINT ( 'NONE',  ( 10.49999999999999645, -0.7500000000000006661, 30.50000000000000000 ) ) ;
#1129 = CARTESIAN_POINT ( 'NONE',  ( -12.99999999999999822, -0.7500000000000006661, 17.74439241413950086 ) ) ;
#1130 = ADVANCED_FACE ( 'NONE', ( #981 ), #1682, .F. ) ;
#1131 = ORIENTED_EDGE ( 'NONE', *, *, #1903, .F. ) ;
#1132 = CYLINDRICAL_SURFACE ( 'NONE', #908, 0.5000000000000004441 ) ;
#1133 = CARTESIAN_POINT ( 'NONE',  ( -7.682660829538868974, -9.041596047736280894, 43.71822342778699522 ) ) ;
#1134 = EDGE_CURVE ( 'NONE', #214, #1610, #276, .T. ) ;
#1135 = ORIENTED_EDGE ( 'NONE', *, *, #258, .T. ) ;
#1136 = CARTESIAN_POINT ( 'NONE',  ( 3.749999999999968026, -0.7500000000000006661, 23.75797961058080787 ) ) ;
#1137 = ORIENTED_EDGE ( 'NONE', *, *, #1173, .T. ) ;
#1138 = CARTESIAN_POINT ( 'NONE',  ( -14.98123826657863589, -0.7499999999999997780, 4.482606157515778733 ) ) ;
#1139 = VERTEX_POINT ( 'NONE', #1817 ) ;
#1140 = EDGE_CURVE ( 'NONE', #924, #399, #236, .T. ) ;
#1141 = AXIS2_PLACEMENT_3D ( 'NONE', #223, #1297, #740 ) ;
#1142 = DIRECTION ( 'NONE',  ( -1.000000000000000000, 0.000000000000000000, 0.000000000000000000 ) ) ;
#1143 = DIRECTION ( 'NONE',  ( -1.000000000000000000, 0.000000000000000000, 0.000000000000000000 ) ) ;
#1144 = CIRCLE ( 'NONE', #1258, 15.00000000000000000 ) ;
#1145 = EDGE_LOOP ( 'NONE', ( #2071, #2174, #1296, #1274 ) ) ;
#1146 = LINE ( 'NONE', #1516, #572 ) ;
#1147 = DIRECTION ( 'NONE',  ( 0.000000000000000000, 0.000000000000000000, 1.000000000000000000 ) ) ;
#1148 = VERTEX_POINT ( 'NONE', #1459 ) ;
#1149 = CARTESIAN_POINT ( 'NONE',  ( -12.99999999999999822, 3.000000000000000000, 18.79470372145405932 ) ) ;
#1150 = ORIENTED_EDGE ( 'NONE', *, *, #1376, .T. ) ;
#1151 = VERTEX_POINT ( 'NONE', #41 ) ;
#1152 = AXIS2_PLACEMENT_3D ( 'NONE', #1525, #330, #837 ) ;
#1153 = CARTESIAN_POINT ( 'NONE',  ( 7.078989928336893556, 3.000000000000000000, 10.80185212359464941 ) ) ;
#1154 = DIRECTION ( 'NONE',  ( 0.000000000000000000, 0.000000000000000000, -1.000000000000000000 ) ) ;
#1155 = DIRECTION ( 'NONE',  ( 0.000000000000000000, 0.000000000000000000, 1.000000000000000000 ) ) ;
#1156 = AXIS2_PLACEMENT_3D ( 'NONE', #1253, #1265, #46 ) ;
#1157 = DIRECTION ( 'NONE',  ( 0.000000000000000000, -0.000000000000000000, -1.000000000000000000 ) ) ;
#1158 = CYLINDRICAL_SURFACE ( 'NONE', #463, 0.5000000000000004441 ) ;
#1159 = EDGE_CURVE ( 'NONE', #367, #1445, #1270, .T. ) ;
#1160 = MECHANICAL_DESIGN_GEOMETRIC_PRESENTATION_REPRESENTATION (  '', ( #504 ), #1643 ) ;
#1161 = ORIENTED_EDGE ( 'NONE', *, *, #1754, .F. ) ;
#1162 = DIRECTION ( 'NONE',  ( 1.000000000000000000, 0.000000000000000000, 0.000000000000000000 ) ) ;
#1163 = ORIENTED_EDGE ( 'NONE', *, *, #1178, .F. ) ;
#1164 = AXIS2_PLACEMENT_3D ( 'NONE', #145, #298, #826 ) ;
#1165 = CARTESIAN_POINT ( 'NONE',  ( -10.49999999999999645, -13.62024832184527767, 2.000000000000365930 ) ) ;
#1166 = DIRECTION ( 'NONE',  ( -0.000000000000000000, 1.000000000000000000, -0.000000000000000000 ) ) ;
#1167 = VECTOR ( 'NONE', #1619, 1000.000000000000000 ) ;
#1168 = EDGE_CURVE ( 'NONE', #151, #2068, #1414, .T. ) ;
#1169 = DIRECTION ( 'NONE',  ( 0.000000000000000000, 0.000000000000000000, 1.000000000000000000 ) ) ;
#1170 = DIRECTION ( 'NONE',  ( 0.000000000000000000, 0.000000000000000000, -1.000000000000000000 ) ) ;
#1171 = CARTESIAN_POINT ( 'NONE',  ( 7.078989928336893556, -13.62024832184527767, 10.80185212359464941 ) ) ;
#1172 = CLOSED_SHELL ( 'NONE', ( #1008, #1642, #666, #731, #1383, #1481, #520, #937, #1177, #2097, #690, #2016, #1982, #658, #1271, #427, #2107, #1246, #1877, #1181, #2104, #368, #1807, #359, #1617, #673, #1130, #1380, #608, #1751, #1559, #349, #501, #907, #2169, #1943, #991, #293, #1061, #1915, #261, #177, #1978, #1125, #1724, #1545, #2222, #1412, #237, #1416, #188, #1546, #1786, #1742, #1800, #2056, #554, #1941, #2115, #446, #700, #931, #1609, #736, #244, #2142, #822 ) ) ;
#1173 = EDGE_CURVE ( 'NONE', #1680, #1560, #1449, .T. ) ;
#1174 = ORIENTED_EDGE ( 'NONE', *, *, #512, .T. ) ;
#1175 = DIRECTION ( 'NONE',  ( -0.000000000000000000, -0.000000000000000000, 1.000000000000000000 ) ) ;
#1176 = VERTEX_POINT ( 'NONE', #1799 ) ;
#1177 = ADVANCED_FACE ( 'NONE', ( #1447 ), #1272, .T. ) ;
#1178 = EDGE_CURVE ( 'NONE', #1606, #211, #56, .T. ) ;
#1179 = CARTESIAN_POINT ( 'NONE',  ( -3.499999999999969358, -0.7499999999999997780, 24.19099231247302484 ) ) ;
#1180 = CARTESIAN_POINT ( 'NONE',  ( 0.000000000000000000, 0.000000000000000000, 0.000000000000000000 ) ) ;
#1181 = ADVANCED_FACE ( 'NONE', ( #233 ), #761, .F. ) ;
#1182 = VECTOR ( 'NONE', #1975, 1000.000000000000000 ) ;
#1183 = CARTESIAN_POINT ( 'NONE',  ( 10.49999999999999645, 3.000000000000000000, 2.000000000000365485 ) ) ;
#1184 = DIRECTION ( 'NONE',  ( -0.000000000000000000, 0.000000000000000000, 1.000000000000000000 ) ) ;
#1185 = CARTESIAN_POINT ( 'NONE',  ( 12.25000000000000000, 3.000000000000000000, 15.80026238505185354 ) ) ;
#1186 = ORIENTED_EDGE ( 'NONE', *, *, #1757, .T. ) ;
#1187 = DIRECTION ( 'NONE',  ( 0.000000000000000000, -1.000000000000000000, 0.000000000000000000 ) ) ;
#1188 = CARTESIAN_POINT ( 'NONE',  ( 14.69693845669907439, 3.000000000000000000, 8.173619396172774998 ) ) ;
#1189 = VECTOR ( 'NONE', #267, 1000.000000000000000 ) ;
#1190 = VECTOR ( 'NONE', #1308, 1000.000000000000000 ) ;
#1191 = DIRECTION ( 'NONE',  ( 0.000000000000000000, 1.000000000000000000, 0.000000000000000000 ) ) ;
#1192 = DIRECTION ( 'NONE',  ( 0.8660254037844384856, 0.000000000000000000, 0.5000000000000001110 ) ) ;
#1193 = LINE ( 'NONE', #1893, #2002 ) ;
#1194 = CARTESIAN_POINT ( 'NONE',  ( -12.25000000000000000, 3.000000000000000000, 15.80026238505185354 ) ) ;
#1195 = PLANE ( 'NONE',  #1394 ) ;
#1196 = ORIENTED_EDGE ( 'NONE', *, *, #92, .T. ) ;
#1197 = LINE ( 'NONE', #1919, #657 ) ;
#1198 = CARTESIAN_POINT ( 'NONE',  ( -15.00000000000000000, -0.7499999999999997780, 4.886751345948494141 ) ) ;
#1199 = ORIENTED_EDGE ( 'NONE', *, *, #454, .F. ) ;
#1200 = CIRCLE ( 'NONE', #872, 1.649999999999995248 ) ;
#1201 = EDGE_CURVE ( 'NONE', #133, #151, #1778, .T. ) ;
#1202 = CARTESIAN_POINT ( 'NONE',  ( -3.249999999999968026, 3.000000000000000000, 22.69351727465446444 ) ) ;
#1203 = DIRECTION ( 'NONE',  ( 0.000000000000000000, -1.000000000000000000, 0.000000000000000000 ) ) ;
#1204 = DIRECTION ( 'NONE',  ( -0.000000000000000000, -0.000000000000000000, 1.000000000000000000 ) ) ;
#1205 = CARTESIAN_POINT ( 'NONE',  ( 8.999999999999998224, -0.7500000000000006661, 30.50000000000000000 ) ) ;
#1206 = LINE ( 'NONE', #1042, #1281 ) ;
#1207 = EDGE_CURVE ( 'NONE', #325, #1740, #55, .T. ) ;
#1208 = ORIENTED_EDGE ( 'NONE', *, *, #79, .T. ) ;
#1209 = LINE ( 'NONE', #337, #1865 ) ;
#1210 = EDGE_LOOP ( 'NONE', ( #1250, #1422, #338, #1186 ) ) ;
#1211 = LINE ( 'NONE', #862, #763 ) ;
#1212 = FACE_OUTER_BOUND ( 'NONE', #1787, .T. ) ;
#1213 = CYLINDRICAL_SURFACE ( 'NONE', #773, 4.249999999999988454 ) ;
#1214 = VERTEX_POINT ( 'NONE', #1468 ) ;
#1215 = AXIS2_PLACEMENT_3D ( 'NONE', #308, #137, #1535 ) ;
#1216 = DIRECTION ( 'NONE',  ( 0.000000000000000000, 0.000000000000000000, -1.000000000000000000 ) ) ;
#1217 = VECTOR ( 'NONE', #2226, 1000.000000000000000 ) ;
#1218 = AXIS2_PLACEMENT_3D ( 'NONE', #2021, #2171, #1162 ) ;
#1219 = CIRCLE ( 'NONE', #1814, 0.5000000000000004441 ) ;
#1220 = VECTOR ( 'NONE', #185, 1000.000000000000000 ) ;
#1221 = ORIENTED_EDGE ( 'NONE', *, *, #1554, .T. ) ;
#1222 = EDGE_CURVE ( 'NONE', #80, #1661, #1011, .T. ) ;
#1223 = DIRECTION ( 'NONE',  ( 0.000000000000000000, -0.1065693182146581486, 0.9943052752627147273 ) ) ;
#1224 = VECTOR ( 'NONE', #259, 1000.000000000000000 ) ;
#1225 = CARTESIAN_POINT ( 'NONE',  ( -10.49999999999999467, 3.000000000000000000, 28.23244419680041872 ) ) ;
#1226 = DIRECTION ( 'NONE',  ( -6.071532165918819308E-15, 0.000000000000000000, -1.000000000000000000 ) ) ;
#1227 = VERTEX_POINT ( 'NONE', #2153 ) ;
#1228 = LINE ( 'NONE', #35, #17 ) ;
#1229 = FACE_OUTER_BOUND ( 'NONE', #873, .T. ) ;
#1230 = EDGE_CURVE ( 'NONE', #1755, #1322, #1968, .T. ) ;
#1231 = EDGE_LOOP ( 'NONE', ( #783, #739, #2159, #762 ) ) ;
#1232 = VECTOR ( 'NONE', #1738, 1000.000000000000000 ) ;
#1233 = ORIENTED_EDGE ( 'NONE', *, *, #840, .F. ) ;
#1234 = DIRECTION ( 'NONE',  ( -1.000000000000000000, 0.000000000000000000, 0.000000000000000000 ) ) ;
#1235 = PLANE ( 'NONE',  #1338 ) ;
#1236 = LINE ( 'NONE', #1749, #510 ) ;
#1237 = ORIENTED_EDGE ( 'NONE', *, *, #147, .T. ) ;
#1238 = LINE ( 'NONE', #1252, #712 ) ;
#1239 = FACE_OUTER_BOUND ( 'NONE', #1499, .T. ) ;
#1240 = EDGE_CURVE ( 'NONE', #2012, #142, #1813, .T. ) ;
#1241 = EDGE_CURVE ( 'NONE', #1353, #2166, #1993, .T. ) ;
#1242 = VECTOR ( 'NONE', #671, 1000.000000000000000 ) ;
#1243 = VERTEX_POINT ( 'NONE', #1292 ) ;
#1244 = DIRECTION ( 'NONE',  ( -1.000000000000000000, 0.000000000000000000, 0.000000000000000000 ) ) ;
#1245 = VERTEX_POINT ( 'NONE', #1425 ) ;
#1246 = ADVANCED_FACE ( 'NONE', ( #2144 ), #2120, .F. ) ;
#1247 = EDGE_CURVE ( 'NONE', #1852, #636, #1084, .T. ) ;
#1248 = CARTESIAN_POINT ( 'NONE',  ( 7.249999999999730882, 2.999999999999999112, 11.27169843398760207 ) ) ;
#1249 = DIRECTION ( 'NONE',  ( -1.000000000000000000, -0.000000000000000000, -0.000000000000000000 ) ) ;
#1250 = ORIENTED_EDGE ( 'NONE', *, *, #902, .T. ) ;
#1251 = CARTESIAN_POINT ( 'NONE',  ( -10.49999999999999645, -13.62024832184527767, 6.123233995736714267E-17 ) ) ;
#1252 = CARTESIAN_POINT ( 'NONE',  ( 10.00000000000000178, 0.000000000000000000, 450.0000000000000000 ) ) ;
#1253 = CARTESIAN_POINT ( 'NONE',  ( -8.781864124784984448E-14, -0.7499999999999997780, 16.50000000000000000 ) ) ;
#1254 = VECTOR ( 'NONE', #1987, 1000.000000000000000 ) ;
#1255 = EDGE_LOOP ( 'NONE', ( #1594, #408, #1454, #984 ) ) ;
#1256 = CYLINDRICAL_SURFACE ( 'NONE', #265, 15.00000000000000000 ) ;
#1257 = ORIENTED_EDGE ( 'NONE', *, *, #1540, .T. ) ;
#1258 = AXIS2_PLACEMENT_3D ( 'NONE', #682, #1022, #1551 ) ;
#1259 = CARTESIAN_POINT ( 'NONE',  ( -11.50000000000000000, -0.7500000000000006661, 17.09930049072850977 ) ) ;
#1260 = DIRECTION ( 'NONE',  ( -1.000000000000000000, 0.000000000000000000, 0.000000000000000000 ) ) ;
#1261 = B_SPLINE_CURVE_WITH_KNOTS ( 'NONE', 3,
 ( #91, #806, #2189, #103 ),
 .UNSPECIFIED., .F., .F.,
 ( 4, 4 ),
 ( 0.03136625400186041079, 0.03346533797455506637 ),
 .UNSPECIFIED. ) ;
#1262 = EDGE_LOOP ( 'NONE', ( #685, #2117, #1055, #979, #1766, #2089 ) ) ;
#1263 = FACE_OUTER_BOUND ( 'NONE', #1280, .T. ) ;
#1264 = CARTESIAN_POINT ( 'NONE',  ( 13.00000000000000000, -13.62024832184527767, 16.23327508694407229 ) ) ;
#1265 = DIRECTION ( 'NONE',  ( -0.000000000000000000, 1.000000000000000000, -0.000000000000000000 ) ) ;
#1266 = AXIS2_PLACEMENT_3D ( 'NONE', #136, #1512, #2051 ) ;
#1267 = ORIENTED_EDGE ( 'NONE', *, *, #89, .F. ) ;
#1268 = DIRECTION ( 'NONE',  ( 0.000000000000000000, 0.000000000000000000, 1.000000000000000000 ) ) ;
#1269 = EDGE_LOOP ( 'NONE', ( #1976, #1339, #405, #2017 ) ) ;
#1270 = CIRCLE ( 'NONE', #350, 15.00000000000000000 ) ;
#1271 = ADVANCED_FACE ( 'NONE', ( #406 ), #1104, .T. ) ;
#1272 = CYLINDRICAL_SURFACE ( 'NONE', #1631, 15.00000000000000000 ) ;
#1273 = CARTESIAN_POINT ( 'NONE',  ( -3.749999999999968470, 3.000000000000000000, 23.75797961058080787 ) ) ;
#1274 = ORIENTED_EDGE ( 'NONE', *, *, #78, .T. ) ;
#1275 = CARTESIAN_POINT ( 'NONE',  ( 3.800298422690629785, 9.249742261192750448, 50.66025403784435355 ) ) ;
#1276 = CARTESIAN_POINT ( 'NONE',  ( 1.333462161291243842, 10.26325309084729120, 53.36202111662441894 ) ) ;
#1277 = ORIENTED_EDGE ( 'NONE', *, *, #2064, .T. ) ;
#1278 = ORIENTED_EDGE ( 'NONE', *, *, #531, .T. ) ;
#1279 = DIRECTION ( 'NONE',  ( 0.000000000000000000, 0.000000000000000000, 1.000000000000000000 ) ) ;
#1280 = EDGE_LOOP ( 'NONE', ( #1313, #1399, #516, #1984 ) ) ;
#1281 = VECTOR ( 'NONE', #661, 1000.000000000000000 ) ;
#1282 = DIRECTION ( 'NONE',  ( 0.000000000000000000, 0.000000000000000000, -1.000000000000000000 ) ) ;
#1283 = ORIENTED_EDGE ( 'NONE', *, *, #1420, .T. ) ;
#1284 = FACE_OUTER_BOUND ( 'NONE', #499, .T. ) ;
#1285 = CARTESIAN_POINT ( 'NONE',  ( -3.402679800458434212, -9.682385624213704745, 49.69687156872281264 ) ) ;
#1286 = ORIENTED_EDGE ( 'NONE', *, *, #342, .F. ) ;
#1287 = FACE_OUTER_BOUND ( 'NONE', #625, .T. ) ;
#1288 = ORIENTED_EDGE ( 'NONE', *, *, #319, .T. ) ;
#1289 = CARTESIAN_POINT ( 'NONE',  ( 13.00000000000000000, 3.000000000000000000, 17.09930049072850977 ) ) ;
#1290 = ORIENTED_EDGE ( 'NONE', *, *, #1725, .T. ) ;
#1291 = AXIS2_PLACEMENT_3D ( 'NONE', #540, #1071, #668 ) ;
#1292 = CARTESIAN_POINT ( 'NONE',  ( 3.249999999999968026, -0.7500000000000006661, 22.69351727465446444 ) ) ;
#1293 = VECTOR ( 'NONE', #1690, 1000.000000000000000 ) ;
#1294 = EDGE_CURVE ( 'NONE', #2119, #1322, #722, .T. ) ;
#1295 = CIRCLE ( 'NONE', #1007, 15.00000000000000000 ) ;
#1296 = ORIENTED_EDGE ( 'NONE', *, *, #964, .T. ) ;
#1297 = DIRECTION ( 'NONE',  ( 0.000000000000000000, -1.000000000000000000, 0.000000000000000000 ) ) ;
#1298 = CARTESIAN_POINT ( 'NONE',  ( 3.249999999999968026, -13.62024832184527767, 23.75797961058080787 ) ) ;
#1299 = EDGE_CURVE ( 'NONE', #68, #1854, #2090, .T. ) ;
#1300 = CARTESIAN_POINT ( 'NONE',  ( -15.00000000000000000, -8.000000000000003553, 34.00000000000002842 ) ) ;
#1301 = ORIENTED_EDGE ( 'NONE', *, *, #1222, .T. ) ;
#1302 = CARTESIAN_POINT ( 'NONE',  ( 14.69693845669906906, 3.000000000000000000, 32.00000000000000000 ) ) ;
#1303 = EDGE_CURVE ( 'NONE', #1876, #651, #2003, .T. ) ;
#1304 = VECTOR ( 'NONE', #1608, 1000.000000000000000 ) ;
#1305 = ORIENTED_EDGE ( 'NONE', *, *, #39, .T. ) ;
#1306 = EDGE_CURVE ( 'NONE', #1730, #1245, #123, .T. ) ;
#1307 = CARTESIAN_POINT ( 'NONE',  ( -4.249999999999985789, 5.204748896376233936E-16, 5972.500000000000000 ) ) ;
#1308 = DIRECTION ( 'NONE',  ( -6.772484123137272606E-16, 0.000000000000000000, 1.000000000000000000 ) ) ;
#1309 = ORIENTED_EDGE ( 'NONE', *, *, #865, .F. ) ;
#1310 = AXIS2_PLACEMENT_3D ( 'NONE', #669, #1234, #2098 ) ;
#1311 = CARTESIAN_POINT ( 'NONE',  ( 9.510241521014430433, -8.648444827534611079, 40.05007260566110716 ) ) ;
#1312 = CARTESIAN_POINT ( 'NONE',  ( -8.819172381089034118, -8.807285658602342693, 41.53207773531426028 ) ) ;
#1313 = ORIENTED_EDGE ( 'NONE', *, *, #1827, .T. ) ;
#1314 = FACE_OUTER_BOUND ( 'NONE', #2239, .T. ) ;
#1315 = ORIENTED_EDGE ( 'NONE', *, *, #1085, .T. ) ;
#1316 = PLANE ( 'NONE',  #855 ) ;
#1317 = EDGE_CURVE ( 'NONE', #867, #1016, #998, .T. ) ;
#1318 = ORIENTED_EDGE ( 'NONE', *, *, #780, .T. ) ;
#1319 = EDGE_CURVE ( 'NONE', #2060, #313, #1219, .T. ) ;
#1320 = CYLINDRICAL_SURFACE ( 'NONE', #643, 1.499999999999999556 ) ;
#1321 = DIRECTION ( 'NONE',  ( 1.000000000000000000, 0.000000000000000000, 0.000000000000000000 ) ) ;
#1322 = VERTEX_POINT ( 'NONE', #1847 ) ;
#1323 = CARTESIAN_POINT ( 'NONE',  ( 2.427867883007956085, -9.763827677179218512, 50.45673626757285746 ) ) ;
#1324 = DIRECTION ( 'NONE',  ( -0.000000000000000000, 1.000000000000000000, -0.000000000000000000 ) ) ;
#1325 = EDGE_LOOP ( 'NONE', ( #189, #1614, #1590, #2034 ) ) ;
#1326 = LINE ( 'NONE', #1149, #411 ) ;
#1327 = ORIENTED_EDGE ( 'NONE', *, *, #438, .T. ) ;
#1328 = FACE_OUTER_BOUND ( 'NONE', #1543, .T. ) ;
#1329 = ORIENTED_EDGE ( 'NONE', *, *, #1890, .T. ) ;
#1330 = VECTOR ( 'NONE', #479, 1000.000000000000227 ) ;
#1331 = FACE_OUTER_BOUND ( 'NONE', #99, .T. ) ;
#1332 = LINE ( 'NONE', #90, #226 ) ;
#1333 = DIRECTION ( 'NONE',  ( 0.000000000000000000, 1.000000000000000000, 1.020425574104003260E-16 ) ) ;
#1334 = EDGE_CURVE ( 'NONE', #2012, #734, #2188, .T. ) ;
#1335 = VECTOR ( 'NONE', #1487, 1000.000000000000114 ) ;
#1336 = DIRECTION ( 'NONE',  ( 1.000000000000000000, -0.000000000000000000, -0.000000000000000000 ) ) ;
#1337 = CARTESIAN_POINT ( 'NONE',  ( 14.98123826657863589, -0.7499999999999997780, 8.173619396172782103 ) ) ;
#1338 = AXIS2_PLACEMENT_3D ( 'NONE', #1772, #2136, #362 ) ;
#1339 = ORIENTED_EDGE ( 'NONE', *, *, #155, .F. ) ;
#1340 = CARTESIAN_POINT ( 'NONE',  ( 6.749999999999730882, -13.62024832184527767, 12.33616076991394195 ) ) ;
#1341 = ORIENTED_EDGE ( 'NONE', *, *, #1074, .T. ) ;
#1342 = AXIS2_PLACEMENT_3D ( 'NONE', #2199, #2177, #641 ) ;
#1343 = EDGE_CURVE ( 'NONE', #93, #80, #2164, .T. ) ;
#1344 = VECTOR ( 'NONE', #1899, 1000.000000000000000 ) ;
#1345 = CARTESIAN_POINT ( 'NONE',  ( -3.249999999999968026, -0.7500000000000006661, 22.69351727465446444 ) ) ;
#1346 = DIRECTION ( 'NONE',  ( -0.8660254037844384856, -0.000000000000000000, 0.5000000000000001110 ) ) ;
#1347 = CARTESIAN_POINT ( 'NONE',  ( -6.749999999999730882, -0.7500000000000006661, 12.62483590450875504 ) ) ;
#1348 = EDGE_CURVE ( 'NONE', #80, #1456, #629, .T. ) ;
#1349 = LINE ( 'NONE', #2215, #1861 ) ;
#1350 = DIRECTION ( 'NONE',  ( 1.000000000000000000, 0.000000000000000000, -0.000000000000000000 ) ) ;
#1351 = DIRECTION ( 'NONE',  ( 1.000000000000000000, 0.000000000000000000, 0.000000000000000000 ) ) ;
#1352 = CIRCLE ( 'NONE', #1607, 10.00000000000000000 ) ;
#1353 = VERTEX_POINT ( 'NONE', #1128 ) ;
#1354 = DIRECTION ( 'NONE',  ( -0.000000000000000000, -0.000000000000000000, 1.000000000000000000 ) ) ;
#1355 = ORIENTED_EDGE ( 'NONE', *, *, #605, .T. ) ;
#1356 = EDGE_CURVE ( 'NONE', #1322, #623, #1810, .T. ) ;
#1357 = CONICAL_SURFACE ( 'NONE', #470, 4.249999999999985789, 1.029744258676692059 ) ;
#1358 = CARTESIAN_POINT ( 'NONE',  ( -14.30000000000000071, -2.656019289743281497, 4.482606157515759193 ) ) ;
#1359 = LINE ( 'NONE', #444, #2205 ) ;
#1360 = VECTOR ( 'NONE', #1065, 1000.000000000000000 ) ;
#1361 = CARTESIAN_POINT ( 'NONE',  ( 4.543136866751191327, -9.554828914975175280, 48.50675126941153792 ) ) ;
#1362 = DIRECTION ( 'NONE',  ( 6.772484123137272606E-16, 0.000000000000000000, 1.000000000000000000 ) ) ;
#1363 = CARTESIAN_POINT ( 'NONE',  ( -8.761657452599053527E-14, -0.7499999999999994449, 14.85000000000000320 ) ) ;
#1364 = VERTEX_POINT ( 'NONE', #962 ) ;
#1365 = DIRECTION ( 'NONE',  ( 6.772484123137273593E-16, 0.000000000000000000, 1.000000000000000000 ) ) ;
#1366 = DIRECTION ( 'NONE',  ( -0.8660254037844388186, -0.000000000000000000, 0.4999999999999995559 ) ) ;
#1367 = DIRECTION ( 'NONE',  ( -0.000000000000000000, 1.000000000000000000, -0.000000000000000000 ) ) ;
#1368 = PLANE ( 'NONE',  #1215 ) ;
#1369 = AXIS2_PLACEMENT_3D ( 'NONE', #2023, #2185, #626 ) ;
#1370 = CARTESIAN_POINT ( 'NONE',  ( 7.249999999999730882, -0.7500000000000006661, 12.33616076991394195 ) ) ;
#1371 = DIRECTION ( 'NONE',  ( 1.000000000000000000, 0.000000000000000000, 0.000000000000000000 ) ) ;
#1372 = DIRECTION ( 'NONE',  ( 0.000000000000000000, 0.000000000000000000, -1.000000000000000000 ) ) ;
#1373 = ORIENTED_EDGE ( 'NONE', *, *, #653, .T. ) ;
#1374 = LINE ( 'NONE', #664, #1648 ) ;
#1375 = ORIENTED_EDGE ( 'NONE', *, *, #569, .T. ) ;
#1376 = EDGE_CURVE ( 'NONE', #186, #1002, #1359, .T. ) ;
#1377 = ORIENTED_EDGE ( 'NONE', *, *, #972, .T. ) ;
#1378 = CARTESIAN_POINT ( 'NONE',  ( 0.000000000000000000, 0.000000000000000000, 50.66025403784435355 ) ) ;
#1379 = CARTESIAN_POINT ( 'NONE',  ( 12.01303021498851109, -0.7500000000000006661, 19.15393134531835884 ) ) ;
#1380 = ADVANCED_FACE ( 'NONE', ( #456 ), #795, .F. ) ;
#1381 = DIRECTION ( 'NONE',  ( -0.000000000000000000, -0.000000000000000000, -1.000000000000000000 ) ) ;
#1382 = FACE_OUTER_BOUND ( 'NONE', #1952, .T. ) ;
#1383 = ADVANCED_FACE ( 'NONE', ( #606 ), #287, .T. ) ;
#1384 = FACE_OUTER_BOUND ( 'NONE', #1113, .T. ) ;
#1385 = B_SPLINE_CURVE_WITH_KNOTS ( 'NONE', 3,
 ( #311, #507, #1883, #335 ),
 .UNSPECIFIED., .F., .F.,
 ( 4, 4 ),
 ( 0.03124251376632272703, 0.03331608369789178931 ),
 .UNSPECIFIED. ) ;
#1386 = ORIENTED_EDGE ( 'NONE', *, *, #1303, .T. ) ;
#1387 = CARTESIAN_POINT ( 'NONE',  ( -3.499999999999972022, -0.7499999999999997780, 24.19099231247302484 ) ) ;
#1388 = ORIENTED_EDGE ( 'NONE', *, *, #1958, .T. ) ;
#1389 = ORIENTED_EDGE ( 'NONE', *, *, #844, .F. ) ;
#1390 = EDGE_CURVE ( 'NONE', #732, #854, #1332, .T. ) ;
#1391 = FACE_OUTER_BOUND ( 'NONE', #1450, .T. ) ;
#1392 = CARTESIAN_POINT ( 'NONE',  ( 3.499999999999970246, -0.7499999999999997780, 24.19099231247302484 ) ) ;
#1393 = FACE_OUTER_BOUND ( 'NONE', #1255, .T. ) ;
#1394 = AXIS2_PLACEMENT_3D ( 'NONE', #515, #1552, #2238 ) ;
#1395 = ORIENTED_EDGE ( 'NONE', *, *, #1012, .F. ) ;
#1396 = DIRECTION ( 'NONE',  ( 0.000000000000000000, 1.000000000000000000, 0.000000000000000000 ) ) ;
#1397 = VERTEX_POINT ( 'NONE', #420 ) ;
#1398 = EDGE_CURVE ( 'NONE', #49, #578, #1707, .T. ) ;
#1399 = ORIENTED_EDGE ( 'NONE', *, *, #1241, .T. ) ;
#1400 = EDGE_CURVE ( 'NONE', #1148, #575, #1513, .T. ) ;
#1401 = DIRECTION ( 'NONE',  ( 0.000000000000000000, 0.000000000000000000, 1.000000000000000000 ) ) ;
#1402 = CARTESIAN_POINT ( 'NONE',  ( -8.999999999999996447, -0.7500000000000006661, 29.09846960058485976 ) ) ;
#1403 =( NAMED_UNIT ( * ) PLANE_ANGLE_UNIT ( ) SI_UNIT ( $, .RADIAN. ) );
#1404 = ORIENTED_EDGE ( 'NONE', *, *, #89, .T. ) ;
#1405 = CARTESIAN_POINT ( 'NONE',  ( -7.249999999999730882, 2.999999999999999112, 11.27169843398760207 ) ) ;
#1406 = CARTESIAN_POINT ( 'NONE',  ( 0.000000000000000000, -0.7499999999999997780, 0.000000000000000000 ) ) ;
#1407 = VECTOR ( 'NONE', #2192, 1000.000000000000000 ) ;
#1408 = AXIS2_PLACEMENT_3D ( 'NONE', #1668, #1142, #785 ) ;
#1409 = VECTOR ( 'NONE', #1415, 1000.000000000000114 ) ;
#1410 = VECTOR ( 'NONE', #1781, 1000.000000000000114 ) ;
#1411 = VERTEX_POINT ( 'NONE', #1307 ) ;
#1412 = ADVANCED_FACE ( 'NONE', ( #2028 ), #1835, .F. ) ;
#1413 = DIRECTION ( 'NONE',  ( 0.000000000000000000, 0.9943052752627147273, 0.1065693182146581486 ) ) ;
#1414 = CIRCLE ( 'NONE', #1599, 1.649999999999995248 ) ;
#1415 = DIRECTION ( 'NONE',  ( -0.8660254037844385966, -0.000000000000000000, 0.5000000000000001110 ) ) ;
#1416 = ADVANCED_FACE ( 'NONE', ( #618 ), #1320, .F. ) ;
#1417 = ORIENTED_EDGE ( 'NONE', *, *, #290, .T. ) ;
#1418 = FACE_OUTER_BOUND ( 'NONE', #2036, .T. ) ;
#1419 = DIRECTION ( 'NONE',  ( 0.000000000000000000, 0.000000000000000000, 1.000000000000000000 ) ) ;
#1420 = EDGE_CURVE ( 'NONE', #916, #1100, #1918, .T. ) ;
#1421 = CARTESIAN_POINT ( 'NONE',  ( 12.49999999999999822, -0.7499999999999997780, 15.94459995234925920 ) ) ;
#1422 = ORIENTED_EDGE ( 'NONE', *, *, #8, .T. ) ;
#1423 = EDGE_CURVE ( 'NONE', #313, #614, #1082, .T. ) ;
#1424 = AXIS2_PLACEMENT_3D ( 'NONE', #692, #1204, #9 ) ;
#1425 = CARTESIAN_POINT ( 'NONE',  ( 7.078989928336893556, -0.7500000000000006661, 10.80185212359464941 ) ) ;
#1426 = LINE ( 'NONE', #1041, #1520 ) ;
#1427 = CARTESIAN_POINT ( 'NONE',  ( 11.50000000000000000, -0.7499999999999997780, 17.09930049072850977 ) ) ;
#1428 = ORIENTED_EDGE ( 'NONE', *, *, #363, .F. ) ;
#1429 = DIRECTION ( 'NONE',  ( -1.000000000000000000, 0.000000000000000000, 4.604373675112123997E-16 ) ) ;
#1430 = DIRECTION ( 'NONE',  ( -0.8660254037844385966, 0.000000000000000000, 0.5000000000000001110 ) ) ;
#1431 = CARTESIAN_POINT ( 'NONE',  ( -9.749999999999996447, 3.000000000000000000, 27.79943149490820531 ) ) ;
#1432 = ORIENTED_EDGE ( 'NONE', *, *, #870, .T. ) ;
#1433 = DIRECTION ( 'NONE',  ( -0.000000000000000000, -0.000000000000000000, -1.000000000000000000 ) ) ;
#1434 = EDGE_LOOP ( 'NONE', ( #594, #421, #1686, #1038 ) ) ;
#1435 = DIRECTION ( 'NONE',  ( -1.000000000000000000, 0.000000000000000000, 0.000000000000000000 ) ) ;
#1436 = DIRECTION ( 'NONE',  ( 1.000000000000000000, 0.000000000000000000, 0.000000000000000000 ) ) ;
#1437 = UNCERTAINTY_MEASURE_WITH_UNIT (LENGTH_MEASURE( 1.000000000000000082E-05 ), #291, 'distance_accuracy_value', 'NONE');
#1438 = EDGE_LOOP ( 'NONE', ( #1579, #1932, #119, #395 ) ) ;
#1439 = DIRECTION ( 'NONE',  ( -1.000000000000000000, 0.000000000000000000, 0.000000000000000000 ) ) ;
#1440 = PLANE ( 'NONE',  #523 ) ;
#1441 = CARTESIAN_POINT ( 'NONE',  ( 3.800298422690629785, 9.249742261192750448, 50.66025403784435355 ) ) ;
#1442 = CIRCLE ( 'NONE', #1369, 0.5000000000000004441 ) ;
#1443 = ORIENTED_EDGE ( 'NONE', *, *, #1654, .F. ) ;
#1444 = CARTESIAN_POINT ( 'NONE',  ( 0.000000000000000000, 0.000000000000000000, 4.482606157515778733 ) ) ;
#1445 = VERTEX_POINT ( 'NONE', #1735 ) ;
#1446 = CONICAL_SURFACE ( 'NONE', #2235, 4.249999999999985789, 1.029744258676692059 ) ;
#1447 = FACE_OUTER_BOUND ( 'NONE', #187, .T. ) ;
#1448 = DIRECTION ( 'NONE',  ( -0.000000000000000000, 1.000000000000000000, -0.000000000000000000 ) ) ;
#1449 = CIRCLE ( 'NONE', #19, 4.249999999999990230 ) ;
#1450 = EDGE_LOOP ( 'NONE', ( #294, #1621, #40, #857 ) ) ;
#1451 = CARTESIAN_POINT ( 'NONE',  ( -6.749999999999730882, -0.7500000000000006661, 12.33616076991394195 ) ) ;
#1452 = VECTOR ( 'NONE', #1027, 1000.000000000000000 ) ;
#1453 = ORIENTED_EDGE ( 'NONE', *, *, #699, .F. ) ;
#1454 = ORIENTED_EDGE ( 'NONE', *, *, #1992, .T. ) ;
#1455 = DIRECTION ( 'NONE',  ( -0.000000000000000000, -1.000000000000000000, -0.000000000000000000 ) ) ;
#1456 = VERTEX_POINT ( 'NONE', #331 ) ;
#1457 = VECTOR ( 'NONE', #622, 1000.000000000000000 ) ;
#1458 = PRESENTATION_LAYER_ASSIGNMENT (  '', '', ( #504 ) ) ;
#1459 = CARTESIAN_POINT ( 'NONE',  ( 3.578989928337128923, -0.7500000000000006661, 22.22367096426151178 ) ) ;
#1460 = ORIENTED_EDGE ( 'NONE', *, *, #569, .F. ) ;
#1461 = FACE_OUTER_BOUND ( 'NONE', #1081, .T. ) ;
#1462 = DIRECTION ( 'NONE',  ( 0.9396926207859062075, 0.000000000000000000, 0.3420201433256745971 ) ) ;
#1463 = ORIENTED_EDGE ( 'NONE', *, *, #1134, .T. ) ;
#1464 = VERTEX_POINT ( 'NONE', #850 ) ;
#1465 = DIRECTION ( 'NONE',  ( -0.000000000000000000, -0.000000000000000000, -1.000000000000000000 ) ) ;
#1466 = ORIENTED_EDGE ( 'NONE', *, *, #155, .T. ) ;
#1467 = EDGE_CURVE ( 'NONE', #623, #1852, #521, .T. ) ;
#1468 = CARTESIAN_POINT ( 'NONE',  ( 6.999999999999731770, -0.7499999999999997780, 12.76917347180616247 ) ) ;
#1469 = EDGE_CURVE ( 'NONE', #1096, #1243, #1561, .T. ) ;
#1470 = VERTEX_POINT ( 'NONE', #1548 ) ;
#1471 = CARTESIAN_POINT ( 'NONE',  ( -15.00000000000000000, 0.000000000000000000, 450.0000000000000000 ) ) ;
#1472 = CARTESIAN_POINT ( 'NONE',  ( -2.423800082246959864, -9.764068504605855736, 50.45898321805302800 ) ) ;
#1473 = DIRECTION ( 'NONE',  ( 1.000000000000000000, -0.000000000000000000, -0.000000000000000000 ) ) ;
#1474 = ORIENTED_EDGE ( 'NONE', *, *, #1334, .F. ) ;
#1475 = CARTESIAN_POINT ( 'NONE',  ( -15.00000000000000000, 0.000000000000000000, 31.99999999999997158 ) ) ;
#1476 = EDGE_LOOP ( 'NONE', ( #1161, #280, #29, #1163 ) ) ;
#1477 = AXIS2_PLACEMENT_3D ( 'NONE', #560, #1971, #1792 ) ;
#1478 = CARTESIAN_POINT ( 'NONE',  ( 0.000000000000000000, 0.000000000000000000, 450.0000000000000000 ) ) ;
#1479 = PLANE ( 'NONE',  #599 ) ;
#1480 = CIRCLE ( 'NONE', #1812, 15.00000000000000000 ) ;
#1481 = ADVANCED_FACE ( 'NONE', ( #680 ), #1256, .T. ) ;
#1482 = ORIENTED_EDGE ( 'NONE', *, *, #974, .F. ) ;
#1483 = CARTESIAN_POINT ( 'NONE',  ( 5.309915617793865117, -9.450521242066114880, 47.53354743212185696 ) ) ;
#1484 = CARTESIAN_POINT ( 'NONE',  ( -12.99999999999999822, 3.000000000000000000, 17.74439241413950086 ) ) ;
#1485 = EDGE_CURVE ( 'NONE', #1664, #1227, #1605, .T. ) ;
#1486 = EDGE_LOOP ( 'NONE', ( #2001, #1355 ) ) ;
#1487 = DIRECTION ( 'NONE',  ( 0.8660254037844385966, 0.000000000000000000, 0.5000000000000001110 ) ) ;
#1488 = EDGE_LOOP ( 'NONE', ( #466, #1863, #959, #888 ) ) ;
#1489 = DIRECTION ( 'NONE',  ( 0.000000000000000000, 0.000000000000000000, 1.000000000000000000 ) ) ;
#1490 = ORIENTED_EDGE ( 'NONE', *, *, #433, .F. ) ;
#1491 = DIRECTION ( 'NONE',  ( 1.000000000000000000, 0.000000000000000000, -0.000000000000000000 ) ) ;
#1492 = CARTESIAN_POINT ( 'NONE',  ( -6.749999999999730882, -13.62024832184527767, 12.33616076991394195 ) ) ;
#1493 = ORIENTED_EDGE ( 'NONE', *, *, #1955, .T. ) ;
#1494 = VECTOR ( 'NONE', #1021, 1000.000000000000000 ) ;
#1495 = CARTESIAN_POINT ( 'NONE',  ( 10.82793592736050492, -8.326346468591902195, 37.04485400413917517 ) ) ;
#1496 = CARTESIAN_POINT ( 'NONE',  ( -12.05032097219945797, -8.000000000000003553, 34.00000000000002842 ) ) ;
#1497 = ORIENTED_EDGE ( 'NONE', *, *, #1074, .F. ) ;
#1498 = CARTESIAN_POINT ( 'NONE',  ( -9.749999999999996447, -0.7499999999999997780, 27.79943149490820531 ) ) ;
#1499 = EDGE_LOOP ( 'NONE', ( #1047, #982, #1004, #1070 ) ) ;
#1500 = CYLINDRICAL_SURFACE ( 'NONE', #1477, 0.5000000000000004441 ) ;
#1501 = ORIENTED_EDGE ( 'NONE', *, *, #2201, .T. ) ;
#1502 = EDGE_CURVE ( 'NONE', #154, #1214, #28, .T. ) ;
#1503 = DIRECTION ( 'NONE',  ( 0.000000000000000000, 0.000000000000000000, -1.000000000000000000 ) ) ;
#1504 = CARTESIAN_POINT ( 'NONE',  ( 0.000000000000000000, 0.000000000000000000, 31.99999999999997158 ) ) ;
#1505 = CARTESIAN_POINT ( 'NONE',  ( -2.765400242838324640, -9.738250750072809936, 50.21810028891633237 ) ) ;
#1506 = ORIENTED_EDGE ( 'NONE', *, *, #48, .T. ) ;
#1507 = CARTESIAN_POINT ( 'NONE',  ( 12.68857754044949004, -8.000000000000044409, 450.0000000000000000 ) ) ;
#1508 = ORIENTED_EDGE ( 'NONE', *, *, #1168, .F. ) ;
#1509 = EDGE_CURVE ( 'NONE', #1214, #1921, #318, .T. ) ;
#1510 = EDGE_CURVE ( 'NONE', #2127, #49, #1723, .T. ) ;
#1511 = VECTOR ( 'NONE', #1268, 1000.000000000000000 ) ;
#1512 = DIRECTION ( 'NONE',  ( 0.000000000000000000, -1.000000000000000000, 0.000000000000000000 ) ) ;
#1513 = LINE ( 'NONE', #950, #756 ) ;
#1514 = DIRECTION ( 'NONE',  ( -1.000000000000000000, 0.000000000000000000, 0.000000000000000000 ) ) ;
#1515 = CIRCLE ( 'NONE', #598, 1.649999999999995248 ) ;
#1516 = CARTESIAN_POINT ( 'NONE',  ( 15.00000000000000000, -0.7499999999999997780, 4.886751345948494141 ) ) ;
#1517 = LINE ( 'NONE', #140, #1217 ) ;
#1518 = PLANE ( 'NONE',  #1093 ) ;
#1519 = VECTOR ( 'NONE', #1902, 1000.000000000000227 ) ;
#1520 = VECTOR ( 'NONE', #1748, 1000.000000000000000 ) ;
#1521 = VERTEX_POINT ( 'NONE', #1379 ) ;
#1522 = CARTESIAN_POINT ( 'NONE',  ( 8.999999999999998224, 0.000000000000000000, 32.00000000000000000 ) ) ;
#1523 = VERTEX_POINT ( 'NONE', #550 ) ;
#1524 = VECTOR ( 'NONE', #190, 1000.000000000000000 ) ;
#1525 = CARTESIAN_POINT ( 'NONE',  ( 10.99999999999999822, 2.999999999999999112, 2.000000000000365485 ) ) ;
#1526 = CARTESIAN_POINT ( 'NONE',  ( -3.249999999999968026, 3.000000000000000000, 22.34341350554961281 ) ) ;
#1527 = CARTESIAN_POINT ( 'NONE',  ( 5.062941483346080851, -9.485820016168746704, 47.86288947811164007 ) ) ;
#1528 = DIRECTION ( 'NONE',  ( 0.000000000000000000, -1.000000000000000000, 0.000000000000000000 ) ) ;
#1529 = DIRECTION ( 'NONE',  ( 0.000000000000000000, 0.000000000000000000, -1.000000000000000000 ) ) ;
#1530 = ORIENTED_EDGE ( 'NONE', *, *, #1423, .F. ) ;
#1531 = CYLINDRICAL_SURFACE ( 'NONE', #289, 1.500000000000001332 ) ;
#1532 = DIRECTION ( 'NONE',  ( -0.9396926207859062075, 0.000000000000000000, 0.3420201433256743750 ) ) ;
#1533 = AXIS2_PLACEMENT_3D ( 'NONE', #1731, #1720, #676 ) ;
#1534 = DIRECTION ( 'NONE',  ( 0.000000000000000000, -1.000000000000000000, 0.000000000000000000 ) ) ;
#1535 = DIRECTION ( 'NONE',  ( 0.000000000000000000, 0.000000000000000000, 1.000000000000000000 ) ) ;
#1536 = EDGE_CURVE ( 'NONE', #734, #93, #1624, .T. ) ;
#1537 = CARTESIAN_POINT ( 'NONE',  ( 8.999999999999998224, -0.7499999999999997780, 32.00000000000000000 ) ) ;
#1538 = DIRECTION ( 'NONE',  ( 0.000000000000000000, 0.000000000000000000, 1.000000000000000000 ) ) ;
#1539 = PLANE ( 'NONE',  #475 ) ;
#1540 = EDGE_CURVE ( 'NONE', #1854, #1730, #385, .T. ) ;
#1541 = ORIENTED_EDGE ( 'NONE', *, *, #1777, .T. ) ;
#1542 = CARTESIAN_POINT ( 'NONE',  ( -10.49999999999999467, 3.000000000000000000, 29.09846960058485976 ) ) ;
#1543 = EDGE_LOOP ( 'NONE', ( #164, #634, #63, #2149 ) ) ;
#1544 = ORIENTED_EDGE ( 'NONE', *, *, #500, .T. ) ;
#1545 = ADVANCED_FACE ( 'NONE', ( #1028 ), #861, .T. ) ;
#1546 = ADVANCED_FACE ( 'NONE', ( #915 ), #376, .F. ) ;
#1547 = CARTESIAN_POINT ( 'NONE',  ( -3.499999999999972022, 3.000000000000000000, 24.19099231247302484 ) ) ;
#1548 = CARTESIAN_POINT ( 'NONE',  ( -10.49999999999999467, -0.7500000000000006661, 29.09846960058485976 ) ) ;
#1549 = AXIS2_PLACEMENT_3D ( 'NONE', #919, #45, #1829 ) ;
#1550 = CYLINDRICAL_SURFACE ( 'NONE', #285, 15.00000000000000000 ) ;
#1551 = DIRECTION ( 'NONE',  ( 1.000000000000000000, 0.000000000000000000, 0.000000000000000000 ) ) ;
#1552 = DIRECTION ( 'NONE',  ( -0.5000000000000002220, 0.000000000000000000, -0.8660254037844385966 ) ) ;
#1553 = VECTOR ( 'NONE', #310, 1000.000000000000000 ) ;
#1554 = EDGE_CURVE ( 'NONE', #174, #1936, #2157, .T. ) ;
#1555 = EDGE_CURVE ( 'NONE', #924, #217, #2063, .T. ) ;
#1556 = ORIENTED_EDGE ( 'NONE', *, *, #742, .T. ) ;
#1557 = CARTESIAN_POINT ( 'NONE',  ( -6.749999999999730882, 3.000000000000000000, 11.27169843398760207 ) ) ;
#1558 = CARTESIAN_POINT ( 'NONE',  ( 6.749999999999730882, 3.000000000000000000, 10.92159466488274866 ) ) ;
#1559 = ADVANCED_FACE ( 'NONE', ( #1892 ), #1368, .T. ) ;
#1560 = VERTEX_POINT ( 'NONE', #2224 ) ;
#1561 = LINE ( 'NONE', #2105, #2121 ) ;
#1562 = CIRCLE ( 'NONE', #1152, 0.5000000000000000000 ) ;
#1563 = CARTESIAN_POINT ( 'NONE',  ( 3.918869757271530263E-15, -0.7499999999999997780, 32.00000000000000000 ) ) ;
#1564 = CARTESIAN_POINT ( 'NONE',  ( 0.000000000000000000, 0.000000000000000000, 8.173619396172782103 ) ) ;
#1565 = DIRECTION ( 'NONE',  ( -0.000000000000000000, 1.000000000000000000, -0.000000000000000000 ) ) ;
#1566 = CIRCLE ( 'NONE', #648, 4.249999999999985789 ) ;
#1567 = ORIENTED_EDGE ( 'NONE', *, *, #1423, .T. ) ;
#1568 = CARTESIAN_POINT ( 'NONE',  ( -15.00000000000000000, 0.000000000000000000, 8.173619396172782103 ) ) ;
#1569 = AXIS2_PLACEMENT_3D ( 'NONE', #573, #1816, #728 ) ;
#1570 = ORIENTED_EDGE ( 'NONE', *, *, #893, .F. ) ;
#1571 = EDGE_CURVE ( 'NONE', #587, #1755, #490, .T. ) ;
#1572 = ORIENTED_EDGE ( 'NONE', *, *, #1159, .F. ) ;
#1573 = VECTOR ( 'NONE', #485, 1000.000000000000227 ) ;
#1574 = DIRECTION ( 'NONE',  ( 1.000000000000000000, 0.000000000000000000, 0.000000000000000000 ) ) ;
#1575 = DIRECTION ( 'NONE',  ( 0.000000000000000000, 0.000000000000000000, 1.000000000000000000 ) ) ;
#1576 = EDGE_CURVE ( 'NONE', #1016, #1139, #1821, .T. ) ;
#1577 = SHAPE_DEFINITION_REPRESENTATION ( #2209, #1711 ) ;
#1578 = PRODUCT_DEFINITION_FORMATION_WITH_SPECIFIED_SOURCE ( 'ANY', '', #1709, .NOT_KNOWN. ) ;
#1579 = ORIENTED_EDGE ( 'NONE', *, *, #192, .T. ) ;
#1580 = DIRECTION ( 'NONE',  ( -0.8571673007021316515, 1.049727191138642361E-16, 0.5150380749100219591 ) ) ;
#1581 = ORIENTED_EDGE ( 'NONE', *, *, #1890, .F. ) ;
#1582 = EDGE_CURVE ( 'NONE', #51, #367, #1900, .T. ) ;
#1583 = EDGE_CURVE ( 'NONE', #804, #1886, #1676, .T. ) ;
#1584 = ORIENTED_EDGE ( 'NONE', *, *, #418, .T. ) ;
#1585 = B_SPLINE_CURVE_WITH_KNOTS ( 'NONE', 3,
 ( #300, #1323, #999, #128, #621, #81, #1361, #1527, #1483, #659, #2053, #480, #2167, #610, #1311, #1495, #2006, #435 ),
 .UNSPECIFIED., .F., .F.,
 ( 4, 2, 2, 2, 2, 2, 2, 2, 4 ),
 ( 4.046269403296138269E-07, 0.001235564669487186152, 0.002470724712034042935, 0.003705884754580899935, 0.004941044797127755635, 0.007411364882221470503, 0.009881684967315187973, 0.01482232513750261771, 0.01976296530769004745 ),
 .UNSPECIFIED. ) ;
#1586 = CARTESIAN_POINT ( 'NONE',  ( 0.000000000000000000, 0.000000000000000000, 50.66025403784435355 ) ) ;
#1587 = DIRECTION ( 'NONE',  ( 1.156482317317870344E-15, 0.000000000000000000, -1.000000000000000000 ) ) ;
#1588 = LINE ( 'NONE', #544, #1360 ) ;
#1589 = CIRCLE ( 'NONE', #887, 1.649999999999995248 ) ;
#1590 = ORIENTED_EDGE ( 'NONE', *, *, #2039, .T. ) ;
#1591 = DIRECTION ( 'NONE',  ( -0.000000000000000000, -0.000000000000000000, 1.000000000000000000 ) ) ;
#1592 = LINE ( 'NONE', #1951, #1006 ) ;
#1593 = EDGE_CURVE ( 'NONE', #1445, #1954, #654, .T. ) ;
#1594 = ORIENTED_EDGE ( 'NONE', *, *, #258, .F. ) ;
#1595 = ORIENTED_EDGE ( 'NONE', *, *, #1159, .T. ) ;
#1596 = AXIS2_PLACEMENT_3D ( 'NONE', #835, #1175, #741 ) ;
#1597 = ORIENTED_EDGE ( 'NONE', *, *, #1317, .T. ) ;
#1598 = DIRECTION ( 'NONE',  ( 0.8660254037844385966, 0.000000000000000000, 0.5000000000000001110 ) ) ;
#1599 = AXIS2_PLACEMENT_3D ( 'NONE', #213, #67, #1063 ) ;
#1600 = CARTESIAN_POINT ( 'NONE',  ( -10.99999999999999822, -0.7499999999999997780, 2.000000000000365930 ) ) ;
#1601 = ORIENTED_EDGE ( 'NONE', *, *, #342, .T. ) ;
#1602 = DIRECTION ( 'NONE',  ( -0.5000000000000002220, 0.000000000000000000, 0.8660254037844385966 ) ) ;
#1603 = CARTESIAN_POINT ( 'NONE',  ( 14.29999999999999361, -2.656019289743281497, 8.173619396172774998 ) ) ;
#1604 = ORIENTED_EDGE ( 'NONE', *, *, #1509, .T. ) ;
#1605 = LINE ( 'NONE', #744, #2195 ) ;
#1606 = VERTEX_POINT ( 'NONE', #947 ) ;
#1607 = AXIS2_PLACEMENT_3D ( 'NONE', #1586, #1924, #1574 ) ;
#1608 = DIRECTION ( 'NONE',  ( 0.000000000000000000, 1.000000000000000000, 0.000000000000000000 ) ) ;
#1609 = ADVANCED_FACE ( 'NONE', ( #417 ), #1651, .F. ) ;
#1610 = VERTEX_POINT ( 'NONE', #1475 ) ;
#1611 = PLANE ( 'NONE',  #675 ) ;
#1612 = DIRECTION ( 'NONE',  ( -0.000000000000000000, -1.000000000000000000, -0.000000000000000000 ) ) ;
#1613 = LINE ( 'NONE', #1964, #1750 ) ;
#1614 = ORIENTED_EDGE ( 'NONE', *, *, #2013, .T. ) ;
#1615 = DIRECTION ( 'NONE',  ( -0.000000000000000000, -1.000000000000000000, -0.000000000000000000 ) ) ;
#1616 = ORIENTED_EDGE ( 'NONE', *, *, #39, .F. ) ;
#1617 = ADVANCED_FACE ( 'NONE', ( #768 ), #1316, .F. ) ;
#1618 = DIRECTION ( 'NONE',  ( 1.000000000000000000, 0.000000000000000000, -0.000000000000000000 ) ) ;
#1619 = DIRECTION ( 'NONE',  ( -4.604373675112123997E-16, 0.000000000000000000, 1.000000000000000000 ) ) ;
#1620 = PRODUCT_DEFINITION_CONTEXT ( 'detailed design', #159, 'design' ) ;
#1621 = ORIENTED_EDGE ( 'NONE', *, *, #1054, .F. ) ;
#1622 = CARTESIAN_POINT ( 'NONE',  ( -10.49999999999999645, 3.000000000000000000, 6.123233995736714267E-17 ) ) ;
#1623 = CARTESIAN_POINT ( 'NONE',  ( 10.75000000000000000, 3.000000000000000000, 2.433012701892586005 ) ) ;
#1624 = CIRCLE ( 'NONE', #1769, 0.5000000000000004441 ) ;
#1625 = ORIENTED_EDGE ( 'NONE', *, *, #1510, .T. ) ;
#1626 = CARTESIAN_POINT ( 'NONE',  ( -8.781864124784984448E-14, -8.000000000000001776, 16.50000000000000000 ) ) ;
#1627 = ORIENTED_EDGE ( 'NONE', *, *, #923, .T. ) ;
#1628 = AXIS2_PLACEMENT_3D ( 'NONE', #1728, #149, #1362 ) ;
#1629 = VECTOR ( 'NONE', #1782, 1000.000000000000000 ) ;
#1630 = DIRECTION ( 'NONE',  ( 0.000000000000000000, 1.000000000000000000, 0.000000000000000000 ) ) ;
#1631 = AXIS2_PLACEMENT_3D ( 'NONE', #1977, #593, #1435 ) ;
#1632 = VERTEX_POINT ( 'NONE', #1138 ) ;
#1633 = CARTESIAN_POINT ( 'NONE',  ( 11.08496961817790449, 6.252650916083620558, 42.67075605579266551 ) ) ;
#1634 = CARTESIAN_POINT ( 'NONE',  ( 3.249999999999968026, -0.7500000000000006661, 22.34341350554961281 ) ) ;
#1635 = EDGE_CURVE ( 'NONE', #1151, #174, #1806, .T. ) ;
#1636 = CIRCLE ( 'NONE', #866, 1.500000000000001332 ) ;
#1637 = ORIENTED_EDGE ( 'NONE', *, *, #1015, .T. ) ;
#1638 = ORIENTED_EDGE ( 'NONE', *, *, #1983, .F. ) ;
#1639 = LINE ( 'NONE', #1091, #6 ) ;
#1640 = EDGE_LOOP ( 'NONE', ( #1277, #366, #571, #1329 ) ) ;
#1641 = AXIS2_PLACEMENT_3D ( 'NONE', #886, #26, #2092 ) ;
#1642 = ADVANCED_FACE ( 'NONE', ( #1123 ), #615, .F. ) ;
#1643 =( GEOMETRIC_REPRESENTATION_CONTEXT ( 3 ) GLOBAL_UNCERTAINTY_ASSIGNED_CONTEXT ( ( #1437 ) ) GLOBAL_UNIT_ASSIGNED_CONTEXT ( ( #291, #990, #830 ) ) REPRESENTATION_CONTEXT ( 'NONE', 'WORKASPACE' ) );
#1644 = DIRECTION ( 'NONE',  ( 1.156482317317871725E-15, 0.000000000000000000, -1.000000000000000000 ) ) ;
#1645 = VERTEX_POINT ( 'NONE', #1289 ) ;
#1646 = CARTESIAN_POINT ( 'NONE',  ( 7.568569557816034354, 8.376143480541163200, 48.33145758440009132 ) ) ;
#1647 = DIRECTION ( 'NONE',  ( -0.000000000000000000, -1.000000000000000000, -0.000000000000000000 ) ) ;
#1648 = VECTOR ( 'NONE', #143, 1000.000000000000227 ) ;
#1649 = CARTESIAN_POINT ( 'NONE',  ( -3.800298422690608025, 9.249742261192743342, 50.66025403784435355 ) ) ;
#1650 = ORIENTED_EDGE ( 'NONE', *, *, #2210, .T. ) ;
#1651 = PLANE ( 'NONE',  #2232 ) ;
#1652 = ORIENTED_EDGE ( 'NONE', *, *, #938, .T. ) ;
#1653 = EDGE_CURVE ( 'NONE', #1521, #419, #1033, .T. ) ;
#1654 = EDGE_CURVE ( 'NONE', #804, #2161, #339, .T. ) ;
#1655 = DIRECTION ( 'NONE',  ( 0.000000000000000000, 1.000000000000000000, 0.000000000000000000 ) ) ;
#1656 = LINE ( 'NONE', #1056, #1410 ) ;
#1657 = EDGE_CURVE ( 'NONE', #351, #1849, #86, .T. ) ;
#1658 = ORIENTED_EDGE ( 'NONE', *, *, #1247, .F. ) ;
#1659 = DIRECTION ( 'NONE',  ( 0.000000000000000000, 1.000000000000000000, 0.000000000000000000 ) ) ;
#1660 = CARTESIAN_POINT ( 'NONE',  ( 14.29999999999999183, -0.7499999999999997780, 4.482606157515753864 ) ) ;
#1661 = VERTEX_POINT ( 'NONE', #2173 ) ;
#1662 = LINE ( 'NONE', #1340, #2088 ) ;
#1663 = EDGE_CURVE ( 'NONE', #587, #1523, #2128, .T. ) ;
#1664 = VERTEX_POINT ( 'NONE', #1966 ) ;
#1665 = CARTESIAN_POINT ( 'NONE',  ( 0.000000000000000000, 0.000000000000000000, 6000.000000000000000 ) ) ;
#1666 = EDGE_LOOP ( 'NONE', ( #18, #1460, #1784, #1026 ) ) ;
#1667 = AXIS2_PLACEMENT_3D ( 'NONE', #2155, #943, #1802 ) ;
#1668 = CARTESIAN_POINT ( 'NONE',  ( -3.249999999999968026, -13.62024832184527767, 22.34341350554961281 ) ) ;
#1669 = PLANE ( 'NONE',  #12 ) ;
#1670 = ORIENTED_EDGE ( 'NONE', *, *, #1247, .T. ) ;
#1671 = DIRECTION ( 'NONE',  ( 0.000000000000000000, 1.000000000000000000, 0.000000000000000000 ) ) ;
#1672 = CARTESIAN_POINT ( 'NONE',  ( 10.49999999999999645, -0.7500000000000006661, 6.123233995736714267E-17 ) ) ;
#1673 = EDGE_LOOP ( 'NONE', ( #1544, #2172 ) ) ;
#1674 = CARTESIAN_POINT ( 'NONE',  ( -10.49999999999999645, -0.7500000000000006661, 6.123233995736714267E-17 ) ) ;
#1675 = ORIENTED_EDGE ( 'NONE', *, *, #1054, .T. ) ;
#1676 = LINE ( 'NONE', #1302, #221 ) ;
#1677 = ORIENTED_EDGE ( 'NONE', *, *, #551, .F. ) ;
#1678 = CARTESIAN_POINT ( 'NONE',  ( -12.99999999999999822, -0.7500000000000006661, 18.79470372145405932 ) ) ;
#1679 = DIRECTION ( 'NONE',  ( -0.000000000000000000, -0.000000000000000000, -1.000000000000000000 ) ) ;
#1680 = VERTEX_POINT ( 'NONE', #394 ) ;
#1681 = CARTESIAN_POINT ( 'NONE',  ( 14.69693845669906906, 3.000000000000000000, 32.00000000000000000 ) ) ;
#1682 = PLANE ( 'NONE',  #688 ) ;
#1683 = EDGE_CURVE ( 'NONE', #1016, #651, #1639, .T. ) ;
#1684 = ORIENTED_EDGE ( 'NONE', *, *, #1955, .F. ) ;
#1685 = FACE_OUTER_BOUND ( 'NONE', #1640, .T. ) ;
#1686 = ORIENTED_EDGE ( 'NONE', *, *, #1222, .F. ) ;
#1687 = ORIENTED_EDGE ( 'NONE', *, *, #726, .T. ) ;
#1688 = CARTESIAN_POINT ( 'NONE',  ( 12.05032097219945797, -8.000000000000003553, 34.00000000000002842 ) ) ;
#1689 = DIRECTION ( 'NONE',  ( -0.8660254037844388186, -0.000000000000000000, 0.4999999999999995559 ) ) ;
#1690 = DIRECTION ( 'NONE',  ( -0.000000000000000000, -1.000000000000000000, -0.000000000000000000 ) ) ;
#1691 = DIRECTION ( 'NONE',  ( 0.000000000000000000, -0.000000000000000000, -1.000000000000000000 ) ) ;
#1692 = EDGE_LOOP ( 'NONE', ( #1638, #1174, #84, #800 ) ) ;
#1693 = CARTESIAN_POINT ( 'NONE',  ( -11.08496961817789028, 6.252650916083627664, 42.67075605579267972 ) ) ;
#1694 = EDGE_LOOP ( 'NONE', ( #719, #231, #2249, #386 ) ) ;
#1695 = CARTESIAN_POINT ( 'NONE',  ( 10.49999999999999467, -0.7500000000000006661, 29.09846960058485976 ) ) ;
#1696 = DIRECTION ( 'NONE',  ( 0.000000000000000000, -1.000000000000000000, 0.000000000000000000 ) ) ;
#1697 = CIRCLE ( 'NONE', #225, 15.00000000000000000 ) ;
#1698 = LINE ( 'NONE', #863, #1553 ) ;
#1699 = CARTESIAN_POINT ( 'NONE',  ( 14.69693845669906906, 3.000000000000000000, 32.00000000000000000 ) ) ;
#1700 = VECTOR ( 'NONE', #2108, 1000.000000000000000 ) ;
#1701 = AXIS2_PLACEMENT_3D ( 'NONE', #1794, #717, #2114 ) ;
#1702 = VECTOR ( 'NONE', #1793, 1000.000000000000000 ) ;
#1703 = EDGE_LOOP ( 'NONE', ( #879, #973, #601, #511, #932, #1116, #1077, #1670 ) ) ;
#1704 = CARTESIAN_POINT ( 'NONE',  ( -12.49999999999999822, -0.7499999999999997780, 15.94459995234925920 ) ) ;
#1705 = CARTESIAN_POINT ( 'NONE',  ( 10.99999999999999822, -0.7500000000000006661, 2.000000000000365485 ) ) ;
#1706 = EDGE_CURVE ( 'NONE', #933, #133, #1589, .T. ) ;
#1707 = CIRCLE ( 'NONE', #312, 1.500000000000001332 ) ;
#1708 = EDGE_CURVE ( 'NONE', #1176, #587, #755, .T. ) ;
#1709 = PRODUCT ( 'Stange30mm_Step2', 'Stange30mm_Step2', '', ( #570 ) ) ;
#1710 = DIRECTION ( 'NONE',  ( -0.000000000000000000, -1.000000000000000000, -0.000000000000000000 ) ) ;
#1711 = ADVANCED_BREP_SHAPE_REPRESENTATION ( 'Stange30mm_Step2', ( #1885, #1726 ), #212 ) ;
#1712 = CARTESIAN_POINT ( 'NONE',  ( -3.749999999999968026, -0.7500000000000006661, 22.69351727465446444 ) ) ;
#1713 = EDGE_CURVE ( 'NONE', #1730, #1801, #64, .T. ) ;
#1714 = FACE_OUTER_BOUND ( 'NONE', #2206, .T. ) ;
#1715 = DIRECTION ( 'NONE',  ( -0.000000000000000000, 1.000000000000000000, -0.000000000000000000 ) ) ;
#1716 = CARTESIAN_POINT ( 'NONE',  ( 9.749999999999996447, 3.000000000000000000, 27.79943149490820531 ) ) ;
#1717 = EDGE_CURVE ( 'NONE', #416, #1664, #1442, .T. ) ;
#1718 = AXIS2_PLACEMENT_3D ( 'NONE', #2225, #1401, #1029 ) ;
#1719 = ORIENTED_EDGE ( 'NONE', *, *, #2210, .F. ) ;
#1720 = DIRECTION ( 'NONE',  ( 0.000000000000000000, 1.000000000000000000, 0.000000000000000000 ) ) ;
#1721 = VERTEX_POINT ( 'NONE', #803 ) ;
#1722 = FACE_OUTER_BOUND ( 'NONE', #1694, .T. ) ;
#1723 = LINE ( 'NONE', #2245, #633 ) ;
#1724 = ADVANCED_FACE ( 'NONE', ( #1328 ), #1500, .T. ) ;
#1725 = EDGE_CURVE ( 'NONE', #1227, #1151, #449, .T. ) ;
#1726 = AXIS2_PLACEMENT_3D ( 'NONE', #536, #398, #1436 ) ;
#1727 = CARTESIAN_POINT ( 'NONE',  ( 12.25000000000000000, -0.7499999999999997780, 15.80026238505185354 ) ) ;
#1728 = CARTESIAN_POINT ( 'NONE',  ( -13.00000000000000000, -13.62024832184527767, 16.23327508694407229 ) ) ;
#1729 = CARTESIAN_POINT ( 'NONE',  ( -10.99999999999999822, 3.000000000000000000, 2.000000000000365930 ) ) ;
#1730 = VERTEX_POINT ( 'NONE', #1980 ) ;
#1731 = CARTESIAN_POINT ( 'NONE',  ( -3.749999999999968470, -0.7499999999999997780, 23.75797961058080787 ) ) ;
#1732 = ORIENTED_EDGE ( 'NONE', *, *, #1334, .T. ) ;
#1733 = ORIENTED_EDGE ( 'NONE', *, *, #433, .T. ) ;
#1734 = LINE ( 'NONE', #860, #2133 ) ;
#1735 = CARTESIAN_POINT ( 'NONE',  ( 14.69693845669905308, 2.999999999999999556, 32.00000000000002842 ) ) ;
#1736 = LINE ( 'NONE', #533, #1494 ) ;
#1737 = CARTESIAN_POINT ( 'NONE',  ( -15.00000000000000000, 2.999999999999999556, 32.00000000000002842 ) ) ;
#1738 = DIRECTION ( 'NONE',  ( 0.000000000000000000, 1.000000000000000000, 0.000000000000000000 ) ) ;
#1739 = AXIS2_PLACEMENT_3D ( 'NONE', #2066, #660, #1913 ) ;
#1740 = VERTEX_POINT ( 'NONE', #250 ) ;
#1741 = DIRECTION ( 'NONE',  ( 0.000000000000000000, 0.000000000000000000, -1.000000000000000000 ) ) ;
#1742 = ADVANCED_FACE ( 'NONE', ( #2123 ), #953, .F. ) ;
#1743 = ORIENTED_EDGE ( 'NONE', *, *, #316, .F. ) ;
#1744 = VECTOR ( 'NONE', #1491, 1000.000000000000000 ) ;
#1745 = ORIENTED_EDGE ( 'NONE', *, *, #1582, .F. ) ;
#1746 = VECTOR ( 'NONE', #2040, 1000.000000000000000 ) ;
#1747 = DIRECTION ( 'NONE',  ( 0.000000000000000000, 0.000000000000000000, -1.000000000000000000 ) ) ;
#1748 = DIRECTION ( 'NONE',  ( -0.000000000000000000, -1.000000000000000000, -0.000000000000000000 ) ) ;
#1749 = CARTESIAN_POINT ( 'NONE',  ( 14.29999999999999183, 3.000000000000000000, 4.482606157515753864 ) ) ;
#1750 = VECTOR ( 'NONE', #392, 1000.000000000000000 ) ;
#1751 = ADVANCED_FACE ( 'NONE', ( #1263 ), #1611, .T. ) ;
#1752 = ORIENTED_EDGE ( 'NONE', *, *, #1207, .T. ) ;
#1753 = DIRECTION ( 'NONE',  ( -0.000000000000000000, -0.000000000000000000, 1.000000000000000000 ) ) ;
#1754 = EDGE_CURVE ( 'NONE', #651, #1606, #961, .T. ) ;
#1755 = VERTEX_POINT ( 'NONE', #1622 ) ;
#1756 = VECTOR ( 'NONE', #1365, 1000.000000000000000 ) ;
#1757 = EDGE_CURVE ( 'NONE', #1100, #559, #929, .T. ) ;
#1758 = LINE ( 'NONE', #179, #724 ) ;
#1759 = DIRECTION ( 'NONE',  ( -0.000000000000000000, 1.000000000000000000, -0.000000000000000000 ) ) ;
#1760 = LINE ( 'NONE', #725, #1167 ) ;
#1761 = CIRCLE ( 'NONE', #252, 1.500000000000001332 ) ;
#1762 = ORIENTED_EDGE ( 'NONE', *, *, #418, .F. ) ;
#1763 = DIRECTION ( 'NONE',  ( 0.000000000000000000, 1.000000000000000000, 0.000000000000000000 ) ) ;
#1764 = FACE_OUTER_BOUND ( 'NONE', #1122, .T. ) ;
#1765 = ORIENTED_EDGE ( 'NONE', *, *, #1783, .T. ) ;
#1766 = ORIENTED_EDGE ( 'NONE', *, *, #726, .F. ) ;
#1767 = CARTESIAN_POINT ( 'NONE',  ( -12.68857754044949004, -8.000000000000044409, 450.0000000000000000 ) ) ;
#1768 = CARTESIAN_POINT ( 'NONE',  ( -15.00000000000000000, -8.000000000000000000, 0.000000000000000000 ) ) ;
#1769 = AXIS2_PLACEMENT_3D ( 'NONE', #1712, #1203, #2052 ) ;
#1770 = VERTEX_POINT ( 'NONE', #751 ) ;
#1771 = CARTESIAN_POINT ( 'NONE',  ( -12.49999999999999822, -0.7499999999999997780, 15.94459995234925920 ) ) ;
#1772 = CARTESIAN_POINT ( 'NONE',  ( 6.749999999999730882, -13.62024832184527767, 10.92159466488274866 ) ) ;
#1773 = ORIENTED_EDGE ( 'NONE', *, *, #454, .T. ) ;
#1774 = DIRECTION ( 'NONE',  ( 0.000000000000000000, 1.000000000000000000, 0.000000000000000000 ) ) ;
#1775 = VERTEX_POINT ( 'NONE', #595 ) ;
#1776 = AXIS2_PLACEMENT_3D ( 'NONE', #1405, #528, #885 ) ;
#1777 = EDGE_CURVE ( 'NONE', #1954, #968, #182, .T. ) ;
#1778 = LINE ( 'NONE', #220, #1115 ) ;
#1779 = ORIENTED_EDGE ( 'NONE', *, *, #1469, .T. ) ;
#1780 = DIRECTION ( 'NONE',  ( -6.772484123137273593E-16, 0.000000000000000000, 1.000000000000000000 ) ) ;
#1781 = DIRECTION ( 'NONE',  ( -0.9396926207859062075, 0.000000000000000000, 0.3420201433256745971 ) ) ;
#1782 = DIRECTION ( 'NONE',  ( -0.000000000000000000, -1.000000000000000000, -0.000000000000000000 ) ) ;
#1783 = EDGE_CURVE ( 'NONE', #403, #256, #616, .T. ) ;
#1784 = ORIENTED_EDGE ( 'NONE', *, *, #110, .F. ) ;
#1785 = DIRECTION ( 'NONE',  ( -0.000000000000000000, -1.000000000000000000, -0.000000000000000000 ) ) ;
#1786 = ADVANCED_FACE ( 'NONE', ( #1284 ), #59, .F. ) ;
#1787 = EDGE_LOOP ( 'NONE', ( #903, #1719, #589, #227, #537, #2193 ) ) ;
#1788 = AXIS2_PLACEMENT_3D ( 'NONE', #1961, #764, #546 ) ;
#1789 = DIRECTION ( 'NONE',  ( -0.5000000000000001110, 0.000000000000000000, 0.8660254037844385966 ) ) ;
#1790 = APPLICATION_PROTOCOL_DEFINITION ( 'draft international standard', 'automotive_design', 1998, #1050 ) ;
#1791 = ORIENTED_EDGE ( 'NONE', *, *, #1317, .F. ) ;
#1792 = DIRECTION ( 'NONE',  ( 0.000000000000000000, 0.000000000000000000, 1.000000000000000000 ) ) ;
#1793 = DIRECTION ( 'NONE',  ( -0.000000000000000000, -1.000000000000000000, -0.000000000000000000 ) ) ;
#1794 = CARTESIAN_POINT ( 'NONE',  ( -8.999999999999996447, 2.999999999999999112, 29.09846960058485976 ) ) ;
#1795 = CIRCLE ( 'NONE', #1058, 0.5000000000000004441 ) ;
#1796 = ORIENTED_EDGE ( 'NONE', *, *, #1502, .T. ) ;
#1797 = DIRECTION ( 'NONE',  ( 0.9396926207859063185, 0.000000000000000000, 0.3420201433256743750 ) ) ;
#1798 = ORIENTED_EDGE ( 'NONE', *, *, #1398, .T. ) ;
#1799 = CARTESIAN_POINT ( 'NONE',  ( 10.49999999999999645, -0.7500000000000006661, 6.123233995736714267E-17 ) ) ;
#1800 = ADVANCED_FACE ( 'NONE', ( #1995 ), #1097, .T. ) ;
#1801 = VERTEX_POINT ( 'NONE', #1078 ) ;
#1802 = DIRECTION ( 'NONE',  ( 0.000000000000000000, 0.000000000000000000, -1.000000000000000000 ) ) ;
#1803 = PLANE ( 'NONE',  #2093 ) ;
#1804 = ORIENTED_EDGE ( 'NONE', *, *, #1824, .F. ) ;
#1805 = ORIENTED_EDGE ( 'NONE', *, *, #1576, .F. ) ;
#1806 = LINE ( 'NONE', #269, #1845 ) ;
#1807 = ADVANCED_FACE ( 'NONE', ( #1461 ), #422, .F. ) ;
#1808 = ORIENTED_EDGE ( 'NONE', *, *, #30, .F. ) ;
#1809 = CIRCLE ( 'NONE', #306, 0.5000000000000004441 ) ;
#1810 = CIRCLE ( 'NONE', #458, 15.00000000000000000 ) ;
#1811 = CIRCLE ( 'NONE', #125, 1.500000000000001332 ) ;
#1812 = AXIS2_PLACEMENT_3D ( 'NONE', #1504, #814, #2015 ) ;
#1813 = LINE ( 'NONE', #925, #1304 ) ;
#1814 = AXIS2_PLACEMENT_3D ( 'NONE', #126, #246, #1117 ) ;
#1815 = ORIENTED_EDGE ( 'NONE', *, *, #844, .T. ) ;
#1816 = DIRECTION ( 'NONE',  ( 0.000000000000000000, 0.000000000000000000, 1.000000000000000000 ) ) ;
#1817 = CARTESIAN_POINT ( 'NONE',  ( -14.29999999999999893, 3.000000000000000000, 8.173619396172771445 ) ) ;
#1818 = EDGE_CURVE ( 'NONE', #1886, #351, #409, .T. ) ;
#1819 = CARTESIAN_POINT ( 'NONE',  ( 12.49999999999999822, 3.000000000000000000, 15.94459995234925920 ) ) ;
#1820 = ORIENTED_EDGE ( 'NONE', *, *, #972, .F. ) ;
#1821 = LINE ( 'NONE', #1102, #592 ) ;
#1822 = VERTEX_POINT ( 'NONE', #777 ) ;
#1823 = EDGE_CURVE ( 'NONE', #1610, #256, #1110, .T. ) ;
#1824 = EDGE_CURVE ( 'NONE', #1645, #1988, #381, .T. ) ;
#1825 = VECTOR ( 'NONE', #1439, 1000.000000000000000 ) ;
#1826 = CARTESIAN_POINT ( 'NONE',  ( -14.30000000000000071, -0.7499999999999997780, 8.173619396172771445 ) ) ;
#1827 = EDGE_CURVE ( 'NONE', #174, #1353, #205, .T. ) ;
#1828 = ORIENTED_EDGE ( 'NONE', *, *, #1140, .F. ) ;
#1829 = DIRECTION ( 'NONE',  ( 0.000000000000000000, 0.000000000000000000, -1.000000000000000000 ) ) ;
#1830 = LINE ( 'NONE', #1660, #567 ) ;
#1831 = CARTESIAN_POINT ( 'NONE',  ( -10.49999999999999467, -13.62024832184527767, 28.23244419680041872 ) ) ;
#1832 = ORIENTED_EDGE ( 'NONE', *, *, #1554, .F. ) ;
#1833 = DIRECTION ( 'NONE',  ( 0.000000000000000000, 0.000000000000000000, -1.000000000000000000 ) ) ;
#1834 = VERTEX_POINT ( 'NONE', #114 ) ;
#1835 = CYLINDRICAL_SURFACE ( 'NONE', #1342, 1.500000000000001332 ) ;
#1836 = CARTESIAN_POINT ( 'NONE',  ( 3.249999999999968026, 3.000000000000000000, 23.75797961058080787 ) ) ;
#1837 = ORIENTED_EDGE ( 'NONE', *, *, #1583, .F. ) ;
#1838 = FACE_OUTER_BOUND ( 'NONE', #1434, .T. ) ;
#1839 = CARTESIAN_POINT ( 'NONE',  ( 0.000000000000000000, 0.000000000000000000, 50.66025403784435355 ) ) ;
#1840 = ORIENTED_EDGE ( 'NONE', *, *, #605, .F. ) ;
#1841 = CARTESIAN_POINT ( 'NONE',  ( -15.00000000000000000, 0.000000000000000000, 0.000000000000000000 ) ) ;
#1842 = VERTEX_POINT ( 'NONE', #2043 ) ;
#1843 = DIRECTION ( 'NONE',  ( -0.000000000000000000, 1.000000000000000000, -0.000000000000000000 ) ) ;
#1844 = EDGE_LOOP ( 'NONE', ( #2244, #1616, #108, #58 ) ) ;
#1845 = VECTOR ( 'NONE', #1455, 1000.000000000000000 ) ;
#1846 = AXIS2_PLACEMENT_3D ( 'NONE', #1564, #1184, #1371 ) ;
#1847 = CARTESIAN_POINT ( 'NONE',  ( -14.69693845669906906, 3.000000000000000000, 0.000000000000000000 ) ) ;
#1848 = FACE_OUTER_BOUND ( 'NONE', #327, .T. ) ;
#1849 = VERTEX_POINT ( 'NONE', #1183 ) ;
#1850 = LINE ( 'NONE', #631, #652 ) ;
#1851 = DIRECTION ( 'NONE',  ( -1.000000000000000000, 0.000000000000000000, 0.000000000000000000 ) ) ;
#1852 = VERTEX_POINT ( 'NONE', #1870 ) ;
#1853 = DIRECTION ( 'NONE',  ( -0.000000000000000000, -1.000000000000000000, -0.000000000000000000 ) ) ;
#1854 = VERTEX_POINT ( 'NONE', #788 ) ;
#1855 = ORIENTED_EDGE ( 'NONE', *, *, #430, .F. ) ;
#1856 = VECTOR ( 'NONE', #2197, 1000.000000000000000 ) ;
#1857 = CIRCLE ( 'NONE', #1963, 10.00000000000000000 ) ;
#1858 = LINE ( 'NONE', #111, #1452 ) ;
#1859 = CARTESIAN_POINT ( 'NONE',  ( 0.000000000000000000, 0.000000000000000000, 0.000000000000000000 ) ) ;
#1860 = CARTESIAN_POINT ( 'NONE',  ( 0.000000000000000000, 0.000000000000000000, 31.99999999999997158 ) ) ;
#1861 = VECTOR ( 'NONE', #1169, 1000.000000000000000 ) ;
#1862 = CARTESIAN_POINT ( 'NONE',  ( -11.45060601933172073, -8.163648462431638109, 35.52686094093854052 ) ) ;
#1863 = ORIENTED_EDGE ( 'NONE', *, *, #8, .F. ) ;
#1864 = DIRECTION ( 'NONE',  ( 0.000000000000000000, 0.000000000000000000, -1.000000000000000000 ) ) ;
#1865 = VECTOR ( 'NONE', #348, 1000.000000000000000 ) ;
#1866 = EDGE_LOOP ( 'NONE', ( #1389, #541, #425, #1305 ) ) ;
#1867 = AXIS2_PLACEMENT_3D ( 'NONE', #371, #738, #358 ) ;
#1868 = CARTESIAN_POINT ( 'NONE',  ( -8.781864124784984448E-14, -8.000000000000001776, 18.14999999999999503 ) ) ;
#1869 = CARTESIAN_POINT ( 'NONE',  ( -7.249999999999730882, -0.7499999999999997780, 12.33616076991394195 ) ) ;
#1870 = CARTESIAN_POINT ( 'NONE',  ( -12.68857754044952202, -8.000000000000000000, 0.000000000000000000 ) ) ;
#1871 = EDGE_CURVE ( 'NONE', #1740, #721, #2031, .T. ) ;
#1872 = DIRECTION ( 'NONE',  ( -0.000000000000000000, -0.000000000000000000, -1.000000000000000000 ) ) ;
#1873 = CARTESIAN_POINT ( 'NONE',  ( -11.49999999999999822, -0.7500000000000006661, 17.74439241413950086 ) ) ;
#1874 = ORIENTED_EDGE ( 'NONE', *, *, #1653, .T. ) ;
#1875 = LINE ( 'NONE', #2220, #176 ) ;
#1876 = VERTEX_POINT ( 'NONE', #815 ) ;
#1877 = ADVANCED_FACE ( 'NONE', ( #460 ), #471, .F. ) ;
#1878 = CARTESIAN_POINT ( 'NONE',  ( -8.999999999999998224, 3.000000000000000000, 30.50000000000000000 ) ) ;
#1879 = DIRECTION ( 'NONE',  ( -0.000000000000000000, -1.000000000000000000, -0.000000000000000000 ) ) ;
#1880 = VECTOR ( 'NONE', #989, 1000.000000000000000 ) ;
#1881 = SURFACE_STYLE_USAGE ( .BOTH. , #644 ) ;
#1882 = DIRECTION ( 'NONE',  ( -0.000000000000000000, 1.000000000000000000, -0.000000000000000000 ) ) ;
#1883 = CARTESIAN_POINT ( 'NONE',  ( -14.51461226131992177, 2.999999999999999556, 32.66670273027478544 ) ) ;
#1884 = VECTOR ( 'NONE', #1763, 1000.000000000000000 ) ;
#1885 = MANIFOLD_SOLID_BREP ( 'M4 Tapped Hole1', #1172 ) ;
#1886 = VERTEX_POINT ( 'NONE', #798 ) ;
#1887 = LINE ( 'NONE', #1898, #1756 ) ;
#1888 = LINE ( 'NONE', #1179, #684 ) ;
#1889 = EDGE_CURVE ( 'NONE', #995, #1954, #1850, .T. ) ;
#1890 = EDGE_CURVE ( 'NONE', #399, #1965, #1146, .T. ) ;
#1891 = CARTESIAN_POINT ( 'NONE',  ( 10.49999999999999467, 3.000000000000000000, 28.23244419680041872 ) ) ;
#1892 = FACE_OUTER_BOUND ( 'NONE', #858, .T. ) ;
#1893 = CARTESIAN_POINT ( 'NONE',  ( 6.749999999999730882, -0.7500000000000006661, 10.92159466488274866 ) ) ;
#1894 = CARTESIAN_POINT ( 'NONE',  ( 14.69693845669907084, 3.000000000000000000, 4.482606157515753864 ) ) ;
#1895 = LINE ( 'NONE', #1171, #1232 ) ;
#1896 = VECTOR ( 'NONE', #980, 1000.000000000000000 ) ;
#1897 = EDGE_LOOP ( 'NONE', ( #549, #1762, #1490, #552 ) ) ;
#1898 = CARTESIAN_POINT ( 'NONE',  ( -13.00000000000000000, 3.000000000000000000, 16.23327508694407229 ) ) ;
#1899 = DIRECTION ( 'NONE',  ( -0.9396926207859062075, 0.000000000000000000, 0.3420201433256745971 ) ) ;
#1900 = B_SPLINE_CURVE_WITH_KNOTS ( 'NONE', 3,
 ( #1114, #230, #442, #240 ),
 .UNSPECIFIED., .F., .F.,
 ( 4, 4 ),
 ( 0.08890040297743387332, 0.09101079801705128092 ),
 .UNSPECIFIED. ) ;
#1901 = DIRECTION ( 'NONE',  ( 0.000000000000000000, 0.000000000000000000, -1.000000000000000000 ) ) ;
#1902 = DIRECTION ( 'NONE',  ( -0.8660254037844384856, -0.000000000000000000, 0.5000000000000001110 ) ) ;
#1903 = EDGE_CURVE ( 'NONE', #2161, #1062, #1349, .T. ) ;
#1904 = PLANE ( 'NONE',  #1718 ) ;
#1905 = FACE_BOUND ( 'NONE', #303, .T. ) ;
#1906 = DIRECTION ( 'NONE',  ( -0.000000000000000000, 1.000000000000000000, -0.000000000000000000 ) ) ;
#1907 = ORIENTED_EDGE ( 'NONE', *, *, #1783, .F. ) ;
#1908 = DIRECTION ( 'NONE',  ( 0.000000000000000000, -1.000000000000000000, 0.000000000000000000 ) ) ;
#1909 = ORIENTED_EDGE ( 'NONE', *, *, #848, .F. ) ;
#1910 = ORIENTED_EDGE ( 'NONE', *, *, #1012, .T. ) ;
#1911 = EDGE_CURVE ( 'NONE', #2154, #51, #1585, .T. ) ;
#1912 = LINE ( 'NONE', #1563, #320 ) ;
#1913 = DIRECTION ( 'NONE',  ( 1.000000000000000000, 0.000000000000000000, 0.000000000000000000 ) ) ;
#1914 = CARTESIAN_POINT ( 'NONE',  ( 0.000000000000000000, 0.000000000000000000, 6000.000000000000000 ) ) ;
#1915 = ADVANCED_FACE ( 'NONE', ( #1838 ), #1132, .T. ) ;
#1916 = CIRCLE ( 'NONE', #47, 15.00000000000000000 ) ;
#1917 = ORIENTED_EDGE ( 'NONE', *, *, #580, .T. ) ;
#1918 = CIRCLE ( 'NONE', #926, 0.5000000000000004441 ) ;
#1919 = CARTESIAN_POINT ( 'NONE',  ( -14.98123826657863589, -0.7499999999999997780, 450.0000000000000000 ) ) ;
#1920 = VECTOR ( 'NONE', #1575, 1000.000000000000000 ) ;
#1921 = VERTEX_POINT ( 'NONE', #1727 ) ;
#1922 = VERTEX_POINT ( 'NONE', #355 ) ;
#1923 = CIRCLE ( 'NONE', #758, 1.499999999999999556 ) ;
#1924 = DIRECTION ( 'NONE',  ( -0.000000000000000000, -0.000000000000000000, 1.000000000000000000 ) ) ;
#1925 = DIRECTION ( 'NONE',  ( -4.604373675112124983E-16, 0.000000000000000000, 1.000000000000000000 ) ) ;
#1926 = AXIS2_PLACEMENT_3D ( 'NONE', #2019, #448, #1147 ) ;
#1927 = ORIENTED_EDGE ( 'NONE', *, *, #1717, .T. ) ;
#1928 = DIRECTION ( 'NONE',  ( -0.000000000000000000, 1.000000000000000000, -0.000000000000000000 ) ) ;
#1929 = FACE_BOUND ( 'NONE', #2083, .T. ) ;
#1930 = VERTEX_POINT ( 'NONE', #2080 ) ;
#1931 = ORIENTED_EDGE ( 'NONE', *, *, #839, .F. ) ;
#1932 = ORIENTED_EDGE ( 'NONE', *, *, #2130, .T. ) ;
#1933 = CARTESIAN_POINT ( 'NONE',  ( -15.00000000000000000, 0.000000000000000000, 4.482606157515778733 ) ) ;
#1934 = DIRECTION ( 'NONE',  ( -0.000000000000000000, 1.000000000000000000, -0.000000000000000000 ) ) ;
#1935 = CARTESIAN_POINT ( 'NONE',  ( 2.059426411959124348, -9.785640646055075109, 50.66025403784435355 ) ) ;
#1936 = VERTEX_POINT ( 'NONE', #881 ) ;
#1937 = PLANE ( 'NONE',  #491 ) ;
#1938 = DIRECTION ( 'NONE',  ( 1.000000000000000000, -0.000000000000000000, -0.000000000000000000 ) ) ;
#1939 = ORIENTED_EDGE ( 'NONE', *, *, #1502, .F. ) ;
#1940 = DIRECTION ( 'NONE',  ( -0.000000000000000000, -1.000000000000000000, -0.000000000000000000 ) ) ;
#1941 = ADVANCED_FACE ( 'NONE', ( #1391 ), #513, .F. ) ;
#1942 = ORIENTED_EDGE ( 'NONE', *, *, #1958, .F. ) ;
#1943 = ADVANCED_FACE ( 'NONE', ( #369 ), #333, .T. ) ;
#1944 = EDGE_CURVE ( 'NONE', #578, #584, #1211, .T. ) ;
#1945 = CARTESIAN_POINT ( 'NONE',  ( -14.69693845669906906, 3.000000000000000000, 32.00000000000000000 ) ) ;
#1946 = VECTOR ( 'NONE', #922, 1000.000000000000000 ) ;
#1947 = EDGE_CURVE ( 'NONE', #578, #2008, #1912, .T. ) ;
#1948 = ORIENTED_EDGE ( 'NONE', *, *, #1754, .T. ) ;
#1949 = DIRECTION ( 'NONE',  ( -0.000000000000000000, -0.000000000000000000, -1.000000000000000000 ) ) ;
#1950 = DIRECTION ( 'NONE',  ( -0.3420201433256743750, 0.000000000000000000, 0.9396926207859063185 ) ) ;
#1951 = CARTESIAN_POINT ( 'NONE',  ( 10.49999999999999645, -13.62024832184527767, 6.123233995736714267E-17 ) ) ;
#1952 = EDGE_LOOP ( 'NONE', ( #948, #1805, #1791, #1453, #1907 ) ) ;
#1953 = DIRECTION ( 'NONE',  ( 0.000000000000000000, -1.000000000000000000, 0.000000000000000000 ) ) ;
#1954 = VERTEX_POINT ( 'NONE', #1039 ) ;
#1955 = EDGE_CURVE ( 'NONE', #1214, #1801, #2176, .T. ) ;
#1956 = EDGE_CURVE ( 'NONE', #2068, #151, #1200, .T. ) ;
#1957 = CARTESIAN_POINT ( 'NONE',  ( 0.000000000000000000, 0.000000000000000000, 32.00000000000000000 ) ) ;
#1958 = EDGE_CURVE ( 'NONE', #1834, #214, #1352, .T. ) ;
#1959 = VECTOR ( 'NONE', #1367, 1000.000000000000000 ) ;
#1960 = EDGE_LOOP ( 'NONE', ( #2047, #2231, #53, #1257 ) ) ;
#1961 = CARTESIAN_POINT ( 'NONE',  ( 0.000000000000000000, 0.000000000000000000, 450.0000000000000000 ) ) ;
#1962 = DIRECTION ( 'NONE',  ( 0.000000000000000000, -1.000000000000000000, 0.000000000000000000 ) ) ;
#1963 = AXIS2_PLACEMENT_3D ( 'NONE', #1839, #264, #992 ) ;
#1964 = CARTESIAN_POINT ( 'NONE',  ( 4.249999999999985789, 0.000000000000000000, 5972.500000000000000 ) ) ;
#1965 = VERTEX_POINT ( 'NONE', #1051 ) ;
#1966 = CARTESIAN_POINT ( 'NONE',  ( 3.499999999999970246, 3.000000000000000000, 24.19099231247302484 ) ) ;
#1967 = ORIENTED_EDGE ( 'NONE', *, *, #1635, .F. ) ;
#1968 = LINE ( 'NONE', #379, #1700 ) ;
#1969 = EDGE_CURVE ( 'NONE', #1411, #1842, #942, .T. ) ;
#1970 = ORIENTED_EDGE ( 'NONE', *, *, #558, .F. ) ;
#1971 = DIRECTION ( 'NONE',  ( 0.000000000000000000, 1.000000000000000000, 0.000000000000000000 ) ) ;
#1972 = PLANE ( 'NONE',  #343 ) ;
#1973 = VERTEX_POINT ( 'NONE', #1933 ) ;
#1974 = EDGE_LOOP ( 'NONE', ( #262, #1463, #13, #402, #1675 ) ) ;
#1975 = DIRECTION ( 'NONE',  ( -1.000000000000000000, -0.000000000000000000, -0.000000000000000000 ) ) ;
#1976 = ORIENTED_EDGE ( 'NONE', *, *, #1390, .T. ) ;
#1977 = CARTESIAN_POINT ( 'NONE',  ( 0.000000000000000000, 0.000000000000000000, 450.0000000000000000 ) ) ;
#1978 = ADVANCED_FACE ( 'NONE', ( #1714 ), #139, .T. ) ;
#1979 = EDGE_LOOP ( 'NONE', ( #1637, #591, #1597, #354, #1948, #674, #1283, #820, #1752, #1060, #2049, #1732, #1035, #1815, #2010, #1567, #1432, #2140, #1798, #178, #336, #464, #1221, #439, #1917, #1820, #1237, #1286, #1874, #1199, #1501, #2242, #1493, #239, #496, #2186, #1072, #1131, #2182, #1581, #2145, #1497, #2106, #2150, #249, #1032 ) ) ;
#1980 = CARTESIAN_POINT ( 'NONE',  ( 6.749999999999730882, -0.7500000000000006661, 11.27169843398760207 ) ) ;
#1981 = CARTESIAN_POINT ( 'NONE',  ( 3.249999999999968026, 3.000000000000000000, 22.69351727465446444 ) ) ;
#1982 = ADVANCED_FACE ( 'NONE', ( #841 ), #1904, .F. ) ;
#1983 = EDGE_CURVE ( 'NONE', #1973, #623, #1736, .T. ) ;
#1984 = ORIENTED_EDGE ( 'NONE', *, *, #1635, .T. ) ;
#1985 = CARTESIAN_POINT ( 'NONE',  ( -8.999999999999998224, 2.999999999999999556, 32.00000000000002842 ) ) ;
#1986 = ORIENTED_EDGE ( 'NONE', *, *, #759, .F. ) ;
#1987 = DIRECTION ( 'NONE',  ( 0.000000000000000000, 0.000000000000000000, 1.000000000000000000 ) ) ;
#1988 = VERTEX_POINT ( 'NONE', #2086 ) ;
#1989 = AXIS2_PLACEMENT_3D ( 'NONE', #945, #819, #613 ) ;
#1990 = VECTOR ( 'NONE', #2087, 1000.000000000000000 ) ;
#1991 = CIRCLE ( 'NONE', #1776, 0.5000000000000004441 ) ;
#1992 = EDGE_CURVE ( 'NONE', #1842, #1560, #1758, .T. ) ;
#1993 = LINE ( 'NONE', #31, #718 ) ;
#1994 = ORIENTED_EDGE ( 'NONE', *, *, #828, .T. ) ;
#1995 = FACE_OUTER_BOUND ( 'NONE', #340, .T. ) ;
#1996 = FACE_OUTER_BOUND ( 'NONE', #2122, .T. ) ;
#1997 =( BOUNDED_CURVE ( )  B_SPLINE_CURVE ( 3, ( #1649, #451, #1693, #801 ),
 .UNSPECIFIED., .F., .F. ) 
 B_SPLINE_CURVE_WITH_KNOTS ( ( 4, 4 ),
 ( 3.302438341477418327, 3.780469560751575475 ),
 .UNSPECIFIED. ) 
 CURVE ( )  GEOMETRIC_REPRESENTATION_ITEM ( )  RATIONAL_B_SPLINE_CURVE ( ( 1.000000000000000000, 0.9810476642425867144, 0.9810476642425867144, 1.000000000000000000 ) ) 
 REPRESENTATION_ITEM ( '' )  );
#1998 = DIRECTION ( 'NONE',  ( -4.604373675112123997E-16, 0.000000000000000000, 1.000000000000000000 ) ) ;
#1999 = ORIENTED_EDGE ( 'NONE', *, *, #492, .F. ) ;
#2000 = DIRECTION ( 'NONE',  ( -0.000000000000000000, -0.000000000000000000, 1.000000000000000000 ) ) ;
#2001 = ORIENTED_EDGE ( 'NONE', *, *, #551, .T. ) ;
#2002 = VECTOR ( 'NONE', #148, 1000.000000000000000 ) ;
#2003 = LINE ( 'NONE', #299, #1224 ) ;
#2004 = CARTESIAN_POINT ( 'NONE',  ( -10.74999999999999645, -0.7499999999999997780, 2.433012701892585117 ) ) ;
#2005 = ORIENTED_EDGE ( 'NONE', *, *, #2064, .F. ) ;
#2006 = CARTESIAN_POINT ( 'NONE',  ( 11.45049151969481471, -8.163679706757696053, 35.52715245446925962 ) ) ;
#2007 = DIRECTION ( 'NONE',  ( 0.000000000000000000, 1.000000000000000000, 0.000000000000000000 ) ) ;
#2008 = VERTEX_POINT ( 'NONE', #1537 ) ;
#2009 = CARTESIAN_POINT ( 'NONE',  ( 13.00000000000000000, -0.7500000000000006661, 17.09930049072850977 ) ) ;
#2010 = ORIENTED_EDGE ( 'NONE', *, *, #1319, .T. ) ;
#2011 = DIRECTION ( 'NONE',  ( -0.000000000000000000, 1.000000000000000000, -0.000000000000000000 ) ) ;
#2012 = VERTEX_POINT ( 'NONE', #493 ) ;
#2013 = EDGE_CURVE ( 'NONE', #1770, #1245, #1193, .T. ) ;
#2014 = CARTESIAN_POINT ( 'NONE',  ( -11.50000000000000000, -13.62024832184527767, 17.09930049072850977 ) ) ;
#2015 = DIRECTION ( 'NONE',  ( 1.000000000000000000, 0.000000000000000000, 0.000000000000000000 ) ) ;
#2016 = ADVANCED_FACE ( 'NONE', ( #851 ), #1550, .T. ) ;
#2017 = ORIENTED_EDGE ( 'NONE', *, *, #407, .T. ) ;
#2018 = CARTESIAN_POINT ( 'NONE',  ( -13.00000000000000000, 2.999999999999999112, 17.09930049072850977 ) ) ;
#2019 = CARTESIAN_POINT ( 'NONE',  ( 7.249999999999730882, -13.62024832184527767, 12.33616076991394195 ) ) ;
#2020 = VERTEX_POINT ( 'NONE', #2074 ) ;
#2021 = CARTESIAN_POINT ( 'NONE',  ( 0.000000000000000000, 0.000000000000000000, 6000.000000000000000 ) ) ;
#2022 = ORIENTED_EDGE ( 'NONE', *, *, #531, .F. ) ;
#2023 = CARTESIAN_POINT ( 'NONE',  ( 3.749999999999968026, 2.999999999999999112, 23.75797961058080787 ) ) ;
#2024 = EDGE_LOOP ( 'NONE', ( #1650, #2005, #447, #1443 ) ) ;
#2025 = AXIS2_PLACEMENT_3D ( 'NONE', #201, #904, #2118 ) ;
#2026 = VECTOR ( 'NONE', #645, 1000.000000000000000 ) ;
#2027 = CARTESIAN_POINT ( 'NONE',  ( -14.30000000000000071, 3.000000000000000000, 4.482606157515759193 ) ) ;
#2028 = FACE_OUTER_BOUND ( 'NONE', #1231, .T. ) ;
#2029 = DIRECTION ( 'NONE',  ( -0.000000000000000000, -0.000000000000000000, -1.000000000000000000 ) ) ;
#2030 = PRODUCT_DEFINITION ( 'UNKNOWN', '', #1578, #1620 ) ;
#2031 = LINE ( 'NONE', #2018, #1896 ) ;
#2032 = DIRECTION ( 'NONE',  ( 0.000000000000000000, 0.000000000000000000, 1.000000000000000000 ) ) ;
#2033 = AXIS2_PLACEMENT_3D ( 'NONE', #1259, #774, #1644 ) ;
#2034 = ORIENTED_EDGE ( 'NONE', *, *, #21, .F. ) ;
#2035 = DIRECTION ( 'NONE',  ( 0.000000000000000000, -1.000000000000000000, 0.000000000000000000 ) ) ;
#2036 = EDGE_LOOP ( 'NONE', ( #1773, #891, #1804, #1375 ) ) ;
#2037 = CIRCLE ( 'NONE', #646, 0.5000000000000004441 ) ;
#2038 = AXIS2_PLACEMENT_3D ( 'NONE', #596, #1324, #954 ) ;
#2039 = EDGE_CURVE ( 'NONE', #1245, #68, #1895, .T. ) ;
#2040 = DIRECTION ( 'NONE',  ( 4.604373675112124983E-16, 0.000000000000000000, 1.000000000000000000 ) ) ;
#2041 = DIRECTION ( 'NONE',  ( 0.000000000000000000, -1.000000000000000000, 0.000000000000000000 ) ) ;
#2042 = AXIS2_PLACEMENT_3D ( 'NONE', #505, #1413, #1223 ) ;
#2043 = CARTESIAN_POINT ( 'NONE',  ( 4.249999999999985789, 0.000000000000000000, 5972.500000000000000 ) ) ;
#2044 = CARTESIAN_POINT ( 'NONE',  ( -13.00000000000000000, 3.000000000000000000, 17.09930049072850977 ) ) ;
#2045 = CARTESIAN_POINT ( 'NONE',  ( 2.059426411959124348, -9.785640646055075109, 50.66025403784435355 ) ) ;
#2046 = EDGE_CURVE ( 'NONE', #1854, #1397, #323, .T. ) ;
#2047 = ORIENTED_EDGE ( 'NONE', *, *, #1713, .T. ) ;
#2048 = DIRECTION ( 'NONE',  ( -0.000000000000000000, -0.000000000000000000, -1.000000000000000000 ) ) ;
#2049 = ORIENTED_EDGE ( 'NONE', *, *, #2141, .T. ) ;
#2050 = AXIS2_PLACEMENT_3D ( 'NONE', #150, #1372, #843 ) ;
#2051 = DIRECTION ( 'NONE',  ( 0.000000000000000000, 0.000000000000000000, -1.000000000000000000 ) ) ;
#2052 = DIRECTION ( 'NONE',  ( 0.000000000000000000, 0.000000000000000000, -1.000000000000000000 ) ) ;
#2053 = CARTESIAN_POINT ( 'NONE',  ( 6.460617147722427234, -9.268855904225635101, 45.83858675513471326 ) ) ;
#2054 = CARTESIAN_POINT ( 'NONE',  ( -10.75000000000000000, 3.000000000000000000, 2.433012701892586005 ) ) ;
#2055 = DIRECTION ( 'NONE',  ( 0.000000000000000000, -0.000000000000000000, -1.000000000000000000 ) ) ;
#2056 = ADVANCED_FACE ( 'NONE', ( #163 ), #71, .T. ) ;
#2057 = EDGE_CURVE ( 'NONE', #732, #1922, #2148, .T. ) ;
#2058 = ORIENTED_EDGE ( 'NONE', *, *, #1683, .F. ) ;
#2059 = LINE ( 'NONE', #686, #1053 ) ;
#2060 = VERTEX_POINT ( 'NONE', #141 ) ;
#2061 = VECTOR ( 'NONE', #1879, 1000.000000000000000 ) ;
#2062 = LINE ( 'NONE', #2027, #1856 ) ;
#2063 = LINE ( 'NONE', #210, #1330 ) ;
#2064 = EDGE_CURVE ( 'NONE', #1965, #217, #1206, .T. ) ;
#2065 = DIRECTION ( 'NONE',  ( 0.000000000000000000, 0.000000000000000000, 1.000000000000000000 ) ) ;
#2066 = CARTESIAN_POINT ( 'NONE',  ( 0.000000000000000000, 0.000000000000000000, 450.0000000000000000 ) ) ;
#2067 = CARTESIAN_POINT ( 'NONE',  ( 0.000000000000000000, 0.000000000000000000, 31.99999999999997158 ) ) ;
#2068 = VERTEX_POINT ( 'NONE', #1363 ) ;
#2069 = CARTESIAN_POINT ( 'NONE',  ( -10.00000000000000000, 0.000000000000000000, 50.66025403784435355 ) ) ;
#2070 = VERTEX_POINT ( 'NONE', #116 ) ;
#2071 = ORIENTED_EDGE ( 'NONE', *, *, #780, .F. ) ;
#2072 = LINE ( 'NONE', #1009, #352 ) ;
#2073 = CARTESIAN_POINT ( 'NONE',  ( -9.999999999999996447, -0.7499999999999997780, 27.94376906220560741 ) ) ;
#2074 = CARTESIAN_POINT ( 'NONE',  ( 8.999999999999998224, 2.999999999999999112, 32.00000000000002842 ) ) ;
#2075 = DIRECTION ( 'NONE',  ( 0.000000000000000000, 0.000000000000000000, 1.000000000000000000 ) ) ;
#2076 = FACE_OUTER_BOUND ( 'NONE', #88, .T. ) ;
#2077 = ORIENTED_EDGE ( 'NONE', *, *, #54, .F. ) ;
#2078 = FACE_OUTER_BOUND ( 'NONE', #1476, .T. ) ;
#2079 = ORIENTED_EDGE ( 'NONE', *, *, #257, .F. ) ;
#2080 = CARTESIAN_POINT ( 'NONE',  ( -14.30000000000000071, -0.7499999999999997780, 4.482606157515756529 ) ) ;
#2081 = CARTESIAN_POINT ( 'NONE',  ( 0.000000000000000000, 0.000000000000000000, 6000.000000000000000 ) ) ;
#2082 = FACE_OUTER_BOUND ( 'NONE', #834, .T. ) ;
#2083 = EDGE_LOOP ( 'NONE', ( #1508, #527 ) ) ;
#2084 = CARTESIAN_POINT ( 'NONE',  ( -6.749999999999730882, 3.000000000000000000, 12.62483590450875504 ) ) ;
#2085 = ORIENTED_EDGE ( 'NONE', *, *, #662, .F. ) ;
#2086 = CARTESIAN_POINT ( 'NONE',  ( 12.99999999999999822, 3.000000000000000000, 17.74439241413950086 ) ) ;
#2087 = DIRECTION ( 'NONE',  ( 1.000000000000000000, -0.000000000000000000, -0.000000000000000000 ) ) ;
#2088 = VECTOR ( 'NONE', #440, 1000.000000000000000 ) ;
#2089 = ORIENTED_EDGE ( 'NONE', *, *, #1230, .T. ) ;
#2090 = CIRCLE ( 'NONE', #530, 0.5000000000000004441 ) ;
#2091 = DIRECTION ( 'NONE',  ( 0.8660254037844384856, 0.000000000000000000, 0.5000000000000001110 ) ) ;
#2092 = DIRECTION ( 'NONE',  ( 1.000000000000000000, 0.000000000000000000, 0.000000000000000000 ) ) ;
#2093 = AXIS2_PLACEMENT_3D ( 'NONE', #574, #383, #401 ) ;
#2094 = VECTOR ( 'NONE', #1612, 1000.000000000000000 ) ;
#2095 = VECTOR ( 'NONE', #813, 1000.000000000000114 ) ;
#2096 = ORIENTED_EDGE ( 'NONE', *, *, #2057, .F. ) ;
#2097 = ADVANCED_FACE ( 'NONE', ( #2082 ), #581, .T. ) ;
#2098 = DIRECTION ( 'NONE',  ( 0.000000000000000000, 0.000000000000000000, 1.000000000000000000 ) ) ;
#2099 = DIRECTION ( 'NONE',  ( 1.000000000000000000, 0.000000000000000000, 0.000000000000000000 ) ) ;
#2100 = EDGE_CURVE ( 'NONE', #1988, #1364, #697, .T. ) ;
#2101 = VERTEX_POINT ( 'NONE', #1185 ) ;
#2102 = DIRECTION ( 'NONE',  ( -1.000000000000000000, 0.000000000000000000, -6.772484123137272606E-16 ) ) ;
#2103 = FACE_OUTER_BOUND ( 'NONE', #1979, .T. ) ;
#2104 = ADVANCED_FACE ( 'NONE', ( #2076 ), #1195, .F. ) ;
#2105 = CARTESIAN_POINT ( 'NONE',  ( 3.249999999999968026, -13.62024832184527767, 22.69351727465446444 ) ) ;
#2106 = ORIENTED_EDGE ( 'NONE', *, *, #1708, .T. ) ;
#2107 = ADVANCED_FACE ( 'NONE', ( #2204 ), #1539, .F. ) ;
#2108 = DIRECTION ( 'NONE',  ( -1.000000000000000000, 0.000000000000000000, 0.000000000000000000 ) ) ;
#2109 = DIRECTION ( 'NONE',  ( -2.312964634635743450E-15, 0.000000000000000000, -1.000000000000000000 ) ) ;
#2110 = AXIS2_PLACEMENT_3D ( 'NONE', #2067, #2217, #1023 ) ;
#2111 = ORIENTED_EDGE ( 'NONE', *, *, #488, .T. ) ;
#2112 = DIRECTION ( 'NONE',  ( 0.000000000000000000, 0.000000000000000000, -1.000000000000000000 ) ) ;
#2113 = DIRECTION ( 'NONE',  ( 1.000000000000000000, 0.000000000000000000, 0.000000000000000000 ) ) ;
#2114 = DIRECTION ( 'NONE',  ( 0.000000000000000000, 0.000000000000000000, -1.000000000000000000 ) ) ;
#2115 = ADVANCED_FACE ( 'NONE', ( #683, #1384 ), #1518, .F. ) ;
#2116 = EDGE_CURVE ( 'NONE', #995, #649, #1385, .T. ) ;
#2117 = ORIENTED_EDGE ( 'NONE', *, *, #48, .F. ) ;
#2118 = DIRECTION ( 'NONE',  ( -2.312964634635740689E-15, 0.000000000000000000, -1.000000000000000000 ) ) ;
#2119 = VERTEX_POINT ( 'NONE', #1014 ) ;
#2120 = PLANE ( 'NONE',  #1106 ) ;
#2121 = VECTOR ( 'NONE', #1615, 1000.000000000000000 ) ;
#2122 = EDGE_LOOP ( 'NONE', ( #1684, #1939, #1428, #1970 ) ) ;
#2123 = FACE_OUTER_BOUND ( 'NONE', #1666, .T. ) ;
#2124 = FACE_OUTER_BOUND ( 'NONE', #1210, .T. ) ;
#2125 = DIRECTION ( 'NONE',  ( 0.000000000000000000, 0.000000000000000000, 1.000000000000000000 ) ) ;
#2126 = AXIS2_PLACEMENT_3D ( 'NONE', #1013, #1715, #816 ) ;
#2127 = VERTEX_POINT ( 'NONE', #832 ) ;
#2128 = LINE ( 'NONE', #564, #1511 ) ;
#2129 = ORIENTED_EDGE ( 'NONE', *, *, #243, .F. ) ;
#2130 = EDGE_CURVE ( 'NONE', #1936, #1227, #1031, .T. ) ;
#2131 = CARTESIAN_POINT ( 'NONE',  ( -6.749999999999730882, -13.62024832184527767, 11.27169843398760207 ) ) ;
#2132 = DIRECTION ( 'NONE',  ( -0.000000000000000000, 1.000000000000000000, -0.000000000000000000 ) ) ;
#2133 = VECTOR ( 'NONE', #2187, 1000.000000000000000 ) ;
#2134 = ORIENTED_EDGE ( 'NONE', *, *, #1469, .F. ) ;
#2135 = CARTESIAN_POINT ( 'NONE',  ( -6.999999999999730882, -0.7499999999999997780, 12.76917347180616247 ) ) ;
#2136 = DIRECTION ( 'NONE',  ( -0.3420201433256743750, 0.000000000000000000, -0.9396926207859063185 ) ) ;
#2137 = ORIENTED_EDGE ( 'NONE', *, *, #1871, .T. ) ;
#2138 = ORIENTED_EDGE ( 'NONE', *, *, #662, .T. ) ;
#2139 = CARTESIAN_POINT ( 'NONE',  ( -10.00000000000000533, -0.7499999999999997780, 0.000000000000000000 ) ) ;
#2140 = ORIENTED_EDGE ( 'NONE', *, *, #2194, .T. ) ;
#2141 = EDGE_CURVE ( 'NONE', #1109, #2012, #1761, .T. ) ;
#2142 = ADVANCED_FACE ( 'NONE', ( #1393 ), #1213, .F. ) ;
#2143 = AXIS2_PLACEMENT_3D ( 'NONE', #696, #1396, #134 ) ;
#2144 = FACE_OUTER_BOUND ( 'NONE', #709, .T. ) ;
#2145 = ORIENTED_EDGE ( 'NONE', *, *, #5, .T. ) ;
#2146 = DIRECTION ( 'NONE',  ( -1.000000000000000000, 0.000000000000000000, 0.000000000000000000 ) ) ;
#2147 = CARTESIAN_POINT ( 'NONE',  ( -15.00000000000000000, 0.000000000000000000, 31.99999999999997158 ) ) ;
#2148 = CIRCLE ( 'NONE', #1127, 0.5000000000000000000 ) ;
#2149 = ORIENTED_EDGE ( 'NONE', *, *, #2039, .F. ) ;
#2150 = ORIENTED_EDGE ( 'NONE', *, *, #1663, .T. ) ;
#2151 = CARTESIAN_POINT ( 'NONE',  ( 6.749999999999730882, -0.7500000000000006661, 12.62483590450875504 ) ) ;
#2152 = ORIENTED_EDGE ( 'NONE', *, *, #603, .F. ) ;
#2153 = CARTESIAN_POINT ( 'NONE',  ( 9.749999999999996447, 3.000000000000000000, 27.79943149490820531 ) ) ;
#2154 = VERTEX_POINT ( 'NONE', #2045 ) ;
#2155 = CARTESIAN_POINT ( 'NONE',  ( 8.999999999999996447, 3.000000000000000000, 29.09846960058485976 ) ) ;
#2156 = CARTESIAN_POINT ( 'NONE',  ( -5.063397512375864551, -9.487654969988195575, 47.88000983032097935 ) ) ;
#2157 = CIRCLE ( 'NONE', #2025, 1.500000000000001332 ) ;
#2158 = DIRECTION ( 'NONE',  ( 0.9396926207859062075, 0.000000000000000000, 0.3420201433256745971 ) ) ;
#2159 = ORIENTED_EDGE ( 'NONE', *, *, #120, .F. ) ;
#2160 = CARTESIAN_POINT ( 'NONE',  ( -6.749999999999730882, -13.62024832184527767, 12.62483590450875504 ) ) ;
#2161 = VERTEX_POINT ( 'NONE', #473 ) ;
#2162 = AXIS2_PLACEMENT_3D ( 'NONE', #2178, #619, #1321 ) ;
#2163 = CIRCLE ( 'NONE', #414, 1.500000000000001332 ) ;
#2164 = LINE ( 'NONE', #76, #132 ) ;
#2165 = DIRECTION ( 'NONE',  ( -0.000000000000000000, 0.000000000000000000, 1.000000000000000000 ) ) ;
#2166 = VERTEX_POINT ( 'NONE', #302 ) ;
#2167 = CARTESIAN_POINT ( 'NONE',  ( 7.684518251587653559, -9.041214845395113997, 43.71466676152400055 ) ) ;
#2168 = CARTESIAN_POINT ( 'NONE',  ( -7.288206953799519994, -9.118730247007952983, 44.43789530449453196 ) ) ;
#2169 = ADVANCED_FACE ( 'NONE', ( #130 ), #193, .T. ) ;
#2170 = ORIENTED_EDGE ( 'NONE', *, *, #1348, .F. ) ;
#2171 = DIRECTION ( 'NONE',  ( 0.000000000000000000, 0.000000000000000000, 1.000000000000000000 ) ) ;
#2172 = ORIENTED_EDGE ( 'NONE', *, *, #1706, .T. ) ;
#2173 = CARTESIAN_POINT ( 'NONE',  ( -3.578989928337132476, 3.000000000000000000, 22.22367096426151178 ) ) ;
#2174 = ORIENTED_EDGE ( 'NONE', *, *, #87, .F. ) ;
#2175 = EDGE_CURVE ( 'NONE', #186, #1456, #1795, .T. ) ;
#2176 = CIRCLE ( 'NONE', #65, 0.5000000000000004441 ) ;
#2177 = DIRECTION ( 'NONE',  ( 0.000000000000000000, -1.000000000000000000, 0.000000000000000000 ) ) ;
#2178 = CARTESIAN_POINT ( 'NONE',  ( 0.000000000000000000, 0.000000000000000000, 6000.000000000000000 ) ) ;
#2179 = EDGE_CURVE ( 'NONE', #214, #360, #1588, .T. ) ;
#2180 = EDGE_LOOP ( 'NONE', ( #1743, #284, #75, #380 ) ) ;
#2181 = CARTESIAN_POINT ( 'NONE',  ( -6.014962971491158328, -9.344138703526917666, 46.54098483495570804 ) ) ;
#2182 = ORIENTED_EDGE ( 'NONE', *, *, #1126, .T. ) ;
#2183 = CARTESIAN_POINT ( 'NONE',  ( 10.00000000000000533, 0.000000000000000000, 6000.000000000000000 ) ) ;
#2184 = ORIENTED_EDGE ( 'NONE', *, *, #526, .F. ) ;
#2185 = DIRECTION ( 'NONE',  ( -0.000000000000000000, 1.000000000000000000, -0.000000000000000000 ) ) ;
#2186 = ORIENTED_EDGE ( 'NONE', *, *, #2013, .F. ) ;
#2187 = DIRECTION ( 'NONE',  ( 1.000000000000000000, 0.000000000000000000, 0.000000000000000000 ) ) ;
#2188 = LINE ( 'NONE', #1678, #2095 ) ;
#2189 = CARTESIAN_POINT ( 'NONE',  ( -12.26458874356818640, -8.000000000000003553, 33.33378938111872003 ) ) ;
#2190 = CARTESIAN_POINT ( 'NONE',  ( -7.249999999999730882, -0.7499999999999997780, 12.33616076991394195 ) ) ;
#2191 = ORIENTED_EDGE ( 'NONE', *, *, #512, .F. ) ;
#2192 = DIRECTION ( 'NONE',  ( -0.000000000000000000, -0.000000000000000000, -1.000000000000000000 ) ) ;
#2193 = ORIENTED_EDGE ( 'NONE', *, *, #121, .T. ) ;
#2194 = EDGE_CURVE ( 'NONE', #1470, #49, #1760, .T. ) ;
#2195 = VECTOR ( 'NONE', #1192, 1000.000000000000227 ) ;
#2196 = VECTOR ( 'NONE', #543, 1000.000000000000000 ) ;
#2197 = DIRECTION ( 'NONE',  ( -1.000000000000000000, 0.000000000000000000, 0.000000000000000000 ) ) ;
#2198 = CIRCLE ( 'NONE', #711, 0.5000000000000004441 ) ;
#2199 = CARTESIAN_POINT ( 'NONE',  ( -8.999999999999998224, 0.000000000000000000, 30.50000000000000000 ) ) ;
#2200 = LINE ( 'NONE', #1492, #1293 ) ;
#2201 = EDGE_CURVE ( 'NONE', #691, #1921, #542, .T. ) ;
#2202 = DIRECTION ( 'NONE',  ( 0.8660254037844388186, 0.000000000000000000, 0.4999999999999995559 ) ) ;
#2203 = CARTESIAN_POINT ( 'NONE',  ( -14.30000000000000071, -2.656019289743281497, 8.173619396172771445 ) ) ;
#2204 = FACE_OUTER_BOUND ( 'NONE', #612, .T. ) ;
#2205 = VECTOR ( 'NONE', #1346, 1000.000000000000227 ) ;
#2206 = EDGE_LOOP ( 'NONE', ( #794, #2134, #1931, #941 ) ) ;
#2207 = DIRECTION ( 'NONE',  ( -0.8660254037844385966, -0.000000000000000000, 0.5000000000000001110 ) ) ;
#2208 = ORIENTED_EDGE ( 'NONE', *, *, #889, .F. ) ;
#2209 = PRODUCT_DEFINITION_SHAPE ( 'NONE', 'NONE',  #2030 ) ;
#2210 = EDGE_CURVE ( 'NONE', #804, #217, #1236, .T. ) ;
#2211 = CARTESIAN_POINT ( 'NONE',  ( -12.01303021498851109, 3.000000000000000000, 19.15393134531835884 ) ) ;
#2212 = DIRECTION ( 'NONE',  ( 0.000000000000000000, 0.000000000000000000, 1.000000000000000000 ) ) ;
#2213 = EDGE_CURVE ( 'NONE', #845, #2154, #960, .T. ) ;
#2214 = AXIS2_PLACEMENT_3D ( 'NONE', #1705, #498, #315 ) ;
#2215 = CARTESIAN_POINT ( 'NONE',  ( 14.98123826657863589, -0.7499999999999997780, 450.0000000000000000 ) ) ;
#2216 = LINE ( 'NONE', #506, #2026 ) ;
#2217 = DIRECTION ( 'NONE',  ( 0.000000000000000000, 0.000000000000000000, -1.000000000000000000 ) ) ;
#2218 = PRODUCT_RELATED_PRODUCT_CATEGORY ( 'part', '', ( #1709 ) ) ;
#2219 = ORIENTED_EDGE ( 'NONE', *, *, #487, .F. ) ;
#2220 = CARTESIAN_POINT ( 'NONE',  ( -14.69693845669906906, 3.000000000000000000, 32.00000000000000000 ) ) ;
#2221 = LINE ( 'NONE', #135, #566 ) ;
#2222 = ADVANCED_FACE ( 'NONE', ( #11 ), #704, .F. ) ;
#2223 = DIRECTION ( 'NONE',  ( 0.000000000000000000, 1.000000000000000000, 0.000000000000000000 ) ) ;
#2224 = CARTESIAN_POINT ( 'NONE',  ( 4.249999999999990230, 0.000000000000000000, 6000.000000000000000 ) ) ;
#2225 = CARTESIAN_POINT ( 'NONE',  ( 0.000000000000000000, 0.000000000000000000, 0.000000000000000000 ) ) ;
#2226 = DIRECTION ( 'NONE',  ( 0.000000000000000000, 1.000000000000000000, 0.000000000000000000 ) ) ;
#2227 = DIRECTION ( 'NONE',  ( 0.000000000000000000, -1.020425574104003260E-16, 1.000000000000000000 ) ) ;
#2228 = ORIENTED_EDGE ( 'NONE', *, *, #1173, .F. ) ;
#2229 = CYLINDRICAL_SURFACE ( 'NONE', #1533, 0.5000000000000004441 ) ;
#2230 = DIRECTION ( 'NONE',  ( -0.000000000000000000, -1.000000000000000000, -0.000000000000000000 ) ) ;
#2231 = ORIENTED_EDGE ( 'NONE', *, *, #558, .T. ) ;
#2232 = AXIS2_PLACEMENT_3D ( 'NONE', #74, #1833, #782 ) ;
#2233 = LINE ( 'NONE', #1891, #1746 ) ;
#2234 = DIRECTION ( 'NONE',  ( 1.000000000000000000, 0.000000000000000000, 0.000000000000000000 ) ) ;
#2235 = AXIS2_PLACEMENT_3D ( 'NONE', #635, #956, #994 ) ;
#2236 = CARTESIAN_POINT ( 'NONE',  ( 0.000000000000000000, 0.000000000000000000, 450.0000000000000000 ) ) ;
#2237 = PLANE ( 'NONE',  #859 ) ;
#2238 = DIRECTION ( 'NONE',  ( -0.8660254037844384856, 0.000000000000000000, 0.5000000000000001110 ) ) ;
#2239 = EDGE_LOOP ( 'NONE', ( #797, #1625, #753, #271 ) ) ;
#2240 = LINE ( 'NONE', #2084, #245 ) ;
#2241 = ORIENTED_EDGE ( 'NONE', *, *, #248, .T. ) ;
#2242 = ORIENTED_EDGE ( 'NONE', *, *, #1509, .F. ) ;
#2243 = VECTOR ( 'NONE', #1710, 1000.000000000000000 ) ;
#2244 = ORIENTED_EDGE ( 'NONE', *, *, #1319, .F. ) ;
#2245 = CARTESIAN_POINT ( 'NONE',  ( -10.49999999999999645, -0.7500000000000006661, 30.50000000000000000 ) ) ;
#2246 = DIRECTION ( 'NONE',  ( 0.000000000000000000, -1.000000000000000000, 0.000000000000000000 ) ) ;
#2247 = CARTESIAN_POINT ( 'NONE',  ( -3.578989928337128923, -0.7500000000000006661, 22.22367096426151178 ) ) ;
#2248 = DIRECTION ( 'NONE',  ( 0.000000000000000000, -1.000000000000000000, 0.000000000000000000 ) ) ;
#2249 = ORIENTED_EDGE ( 'NONE', *, *, #1717, .F. ) ;
#2250 = FACE_OUTER_BOUND ( 'NONE', #1844, .T. ) ;
#2251 = ORIENTED_EDGE ( 'NONE', *, *, #1818, .F. ) ;
#2252 = ORIENTED_EDGE ( 'NONE', *, *, #1576, .T. ) ;
ENDSEC;
END-ISO-10303-21;
