ISO-10303-21;
HEADER;
FILE_DESCRIPTION (( 'STEP AP214' ),
    '1' );
FILE_NAME ('XMas_UT.step',
    '2026-10-08T13:13:39',
    ( '' ),
    ( '' ),
    'SwSTEP 2.0',
    'SolidWorks 2025',
    '' );
FILE_SCHEMA (( 'AUTOMOTIVE_DESIGN' ));
ENDSEC;

DATA;
#1 = CARTESIAN_POINT ( 'NONE',  ( 1489.562993581318779, 359.6728227475088602, 0.5000000000000000000 ) ) ;
#2 = FACE_OUTER_BOUND ( 'NONE', #909, .T. ) ;
#3 = LINE ( 'NONE', #757, #979 ) ;
#4 = DIRECTION ( 'NONE',  ( 1.000000000000000000, 0.000000000000000000, 0.000000000000000000 ) ) ;
#5 = DIRECTION ( 'NONE',  ( -0.4999999999949213403, -0.8660254037873708066, 0.000000000000000000 ) ) ;
#6 = DIRECTION ( 'NONE',  ( 1.000000000000000000, 0.000000000000000000, 0.000000000000000000 ) ) ;
#7 = VECTOR ( 'NONE', #2806, 1000.000000000000000 ) ;
#8 = ORIENTED_EDGE ( 'NONE', *, *, #2967, .F. ) ;
#9 = EDGE_CURVE ( 'NONE', #2878, #537, #3140, .T. ) ;
#10 = AXIS2_PLACEMENT_3D ( 'NONE', #727, #951, #2474 ) ;
#11 = DIRECTION ( 'NONE',  ( 0.000000000000000000, -0.000000000000000000, 1.000000000000000000 ) ) ;
#12 = AXIS2_PLACEMENT_3D ( 'NONE', #434, #1692, #946 ) ;
#13 = EDGE_CURVE ( 'NONE', #2312, #2919, #717, .T. ) ;
#14 = VERTEX_POINT ( 'NONE', #1090 ) ;
#15 = VERTEX_POINT ( 'NONE', #2420 ) ;
#16 = VECTOR ( 'NONE', #1779, 1000.000000000000000 ) ;
#17 = DIRECTION ( 'NONE',  ( 0.000000000000000000, -1.000000000000000000, 0.000000000000000000 ) ) ;
#18 = ORIENTED_EDGE ( 'NONE', *, *, #80, .F. ) ;
#19 = FACE_OUTER_BOUND ( 'NONE', #124, .T. ) ;
#20 = VERTEX_POINT ( 'NONE', #2402 ) ;
#21 = CARTESIAN_POINT ( 'NONE',  ( 1513.118900597726906, 353.7728227475088261, 0.5000000000000000000 ) ) ;
#22 = DIRECTION ( 'NONE',  ( 0.000000000000000000, 0.000000000000000000, 1.000000000000000000 ) ) ;
#23 = LINE ( 'NONE', #1841, #3172 ) ;
#24 = AXIS2_PLACEMENT_3D ( 'NONE', #1201, #215, #1249 ) ;
#25 = PLANE ( 'NONE',  #1934 ) ;
#26 = CARTESIAN_POINT ( 'NONE',  ( 1533.294327078218885, 370.7728227475087692, 0.000000000000000000 ) ) ;
#27 = VERTEX_POINT ( 'NONE', #2890 ) ;
#28 = EDGE_LOOP ( 'NONE', ( #2853, #1056, #2057, #993 ) ) ;
#29 = ADVANCED_FACE ( 'NONE', ( #2907 ), #1856, .T. ) ;
#30 = DIRECTION ( 'NONE',  ( -0.000000000000000000, -0.000000000000000000, -1.000000000000000000 ) ) ;
#31 = EDGE_CURVE ( 'NONE', #856, #496, #91, .T. ) ;
#32 = ORIENTED_EDGE ( 'NONE', *, *, #958, .F. ) ;
#33 = LINE ( 'NONE', #2077, #2492 ) ;
#34 = ORIENTED_EDGE ( 'NONE', *, *, #960, .T. ) ;
#35 = ADVANCED_FACE ( 'NONE', ( #123 ), #1656, .F. ) ;
#36 = CARTESIAN_POINT ( 'NONE',  ( 1490.936500404526669, 359.1728227475087465, 0.5000000000000000000 ) ) ;
#37 = DIRECTION ( 'NONE',  ( 1.000000000000000000, 0.000000000000000000, 0.000000000000000000 ) ) ;
#38 = ORIENTED_EDGE ( 'NONE', *, *, #13, .F. ) ;
#39 = CARTESIAN_POINT ( 'NONE',  ( 1551.674807614126621, 359.1728227475087465, 0.000000000000000000 ) ) ;
#40 = DIRECTION ( 'NONE',  ( -0.000000000000000000, -0.000000000000000000, -1.000000000000000000 ) ) ;
#41 = DIRECTION ( 'NONE',  ( 1.000000000000000000, 0.000000000000000000, 0.000000000000000000 ) ) ;
#42 = CARTESIAN_POINT ( 'NONE',  ( 1530.618900597726679, 366.1388481513226338, 0.5000000000000000000 ) ) ;
#43 = LINE ( 'NONE', #1310, #1717 ) ;
#44 = LINE ( 'NONE', #3112, #149 ) ;
#45 = VECTOR ( 'NONE', #1062, 1000.000000000000000 ) ;
#46 = VECTOR ( 'NONE', #115, 1000.000000000000114 ) ;
#47 = ORIENTED_EDGE ( 'NONE', *, *, #2450, .F. ) ;
#48 = LINE ( 'NONE', #2114, #2843 ) ;
#49 = ORIENTED_EDGE ( 'NONE', *, *, #790, .T. ) ;
#50 = DIRECTION ( 'NONE',  ( -0.000000000000000000, -0.000000000000000000, -1.000000000000000000 ) ) ;
#51 = ORIENTED_EDGE ( 'NONE', *, *, #2601, .T. ) ;
#52 = AXIS2_PLACEMENT_3D ( 'NONE', #3111, #2866, #5 ) ;
#53 = VERTEX_POINT ( 'NONE', #1370 ) ;
#54 = DIRECTION ( 'NONE',  ( 0.000000000000000000, 0.000000000000000000, 1.000000000000000000 ) ) ;
#55 = VERTEX_POINT ( 'NONE', #1156 ) ;
#56 = CARTESIAN_POINT ( 'NONE',  ( 1511.118900597726906, 346.4067973437088312, 0.5000000000000000000 ) ) ;
#57 = ADVANCED_FACE ( 'NONE', ( #3189 ), #642, .T. ) ;
#58 = DIRECTION ( 'NONE',  ( -0.000000000000000000, -0.000000000000000000, -1.000000000000000000 ) ) ;
#59 = DIRECTION ( 'NONE',  ( 1.000000000000000000, 0.000000000000000000, 0.000000000000000000 ) ) ;
#60 = CARTESIAN_POINT ( 'NONE',  ( 1511.051913299626449, 366.3888481513088209, 0.5000000000000000000 ) ) ;
#61 = DIRECTION ( 'NONE',  ( -1.000000000000000000, 0.000000000000000000, 0.000000000000000000 ) ) ;
#62 = VERTEX_POINT ( 'NONE', #896 ) ;
#63 = DIRECTION ( 'NONE',  ( 1.000000000000000000, 0.000000000000000000, 0.000000000000000000 ) ) ;
#64 = ORIENTED_EDGE ( 'NONE', *, *, #1508, .F. ) ;
#65 = VERTEX_POINT ( 'NONE', #321 ) ;
#66 = CIRCLE ( 'NONE', #1780, 0.4999999999999449329 ) ;
#67 = CIRCLE ( 'NONE', #1515, 0.4999999999999449329 ) ;
#68 = DIRECTION ( 'NONE',  ( 0.5000000000092499342, -0.8660254037790982018, 0.000000000000000000 ) ) ;
#69 = APPLICATION_PROTOCOL_DEFINITION ( 'draft international standard', 'automotive_design', 1998, #2391 ) ;
#70 = VECTOR ( 'NONE', #1158, 999.9999999999998863 ) ;
#71 = ORIENTED_EDGE ( 'NONE', *, *, #1907, .F. ) ;
#72 = CARTESIAN_POINT ( 'NONE',  ( 1530.618900597726679, 346.4067973436950751, 0.5000000000000000000 ) ) ;
#73 = ORIENTED_EDGE ( 'NONE', *, *, #1069, .T. ) ;
#74 = AXIS2_PLACEMENT_3D ( 'NONE', #1704, #2720, #2237 ) ;
#75 = EDGE_CURVE ( 'NONE', #1831, #433, #2098, .T. ) ;
#76 = CARTESIAN_POINT ( 'NONE',  ( 1543.919162982726448, 368.5228227475088829, 0.5000000000000000000 ) ) ;
#77 = DIRECTION ( 'NONE',  ( -0.000000000000000000, -0.000000000000000000, -1.000000000000000000 ) ) ;
#78 = EDGE_CURVE ( 'NONE', #559, #602, #2671, .T. ) ;
#79 = DIRECTION ( 'NONE',  ( -0.000000000000000000, -0.000000000000000000, -1.000000000000000000 ) ) ;
#80 = EDGE_CURVE ( 'NONE', #1883, #544, #501, .T. ) ;
#81 = ADVANCED_FACE ( 'NONE', ( #2654 ), #370, .T. ) ;
#82 = CARTESIAN_POINT ( 'NONE',  ( 1497.318638212626638, 344.0228227475088261, 0.5000000000000000000 ) ) ;
#83 = VECTOR ( 'NONE', #2456, 1000.000000000000000 ) ;
#84 = VECTOR ( 'NONE', #94, 1000.000000000000000 ) ;
#85 = ORIENTED_EDGE ( 'NONE', *, *, #2128, .T. ) ;
#86 = CYLINDRICAL_SURFACE ( 'NONE', #2570, 0.4999999999999449329 ) ;
#87 = ORIENTED_EDGE ( 'NONE', *, *, #2715, .T. ) ;
#88 = ORIENTED_EDGE ( 'NONE', *, *, #231, .T. ) ;
#89 = CARTESIAN_POINT ( 'NONE',  ( 1508.376486819026695, 371.0228227475088261, 0.5000000000000000000 ) ) ;
#90 = ORIENTED_EDGE ( 'NONE', *, *, #1562, .T. ) ;
#91 = LINE ( 'NONE', #388, #1429 ) ;
#92 = VERTEX_POINT ( 'NONE', #107 ) ;
#93 = CARTESIAN_POINT ( 'NONE',  ( 1528.118900597726679, 351.7728227475088261, 0.000000000000000000 ) ) ;
#94 = DIRECTION ( 'NONE',  ( 1.000000000000000000, -1.265353230876974262E-13, 0.000000000000000000 ) ) ;
#95 = EDGE_CURVE ( 'NONE', #2897, #1831, #2704, .T. ) ;
#96 = DIRECTION ( 'NONE',  ( -0.000000000000000000, -0.000000000000000000, -1.000000000000000000 ) ) ;
#97 = ADVANCED_FACE ( 'NONE', ( #930 ), #2238, .T. ) ;
#98 = ORIENTED_EDGE ( 'NONE', *, *, #1374, .F. ) ;
#99 = AXIS2_PLACEMENT_3D ( 'NONE', #1160, #143, #2646 ) ;
#100 = DIRECTION ( 'NONE',  ( -0.000000000000000000, -0.000000000000000000, -1.000000000000000000 ) ) ;
#101 = EDGE_CURVE ( 'NONE', #2884, #2933, #229, .T. ) ;
#102 = ORIENTED_EDGE ( 'NONE', *, *, #2248, .F. ) ;
#103 = ORIENTED_EDGE ( 'NONE', *, *, #2552, .F. ) ;
#104 = PLANE ( 'NONE',  #2779 ) ;
#105 = DIRECTION ( 'NONE',  ( 0.8660254037816901285, -0.5000000000047607474, 0.000000000000000000 ) ) ;
#106 = ORIENTED_EDGE ( 'NONE', *, *, #2308, .F. ) ;
#107 = CARTESIAN_POINT ( 'NONE',  ( 1530.185887895826454, 366.3888481513088209, 0.000000000000000000 ) ) ;
#108 = ORIENTED_EDGE ( 'NONE', *, *, #943, .T. ) ;
#109 = CARTESIAN_POINT ( 'NONE',  ( 1496.885625510726641, 343.7728227475087692, 0.5000000000000000000 ) ) ;
#110 = AXIS2_PLACEMENT_3D ( 'NONE', #1104, #1785, #2299 ) ;
#111 = FACE_OUTER_BOUND ( 'NONE', #2170, .T. ) ;
#112 = VECTOR ( 'NONE', #3013, 1000.000000000000000 ) ;
#113 = CARTESIAN_POINT ( 'NONE',  ( 1540.252988773426750, 349.8728227475090193, 0.5000000000000000000 ) ) ;
#114 = ORIENTED_EDGE ( 'NONE', *, *, #3041, .T. ) ;
#115 = DIRECTION ( 'NONE',  ( 0.4999999999949212848, 0.8660254037873708066, 0.000000000000000000 ) ) ;
#116 = ORIENTED_EDGE ( 'NONE', *, *, #1248, .F. ) ;
#117 = ORIENTED_EDGE ( 'NONE', *, *, #2620, .F. ) ;
#118 = PRODUCT_DEFINITION ( 'UNKNOWN', '', #174, #290 ) ;
#119 = EDGE_CURVE ( 'NONE', #1403, #92, #721, .T. ) ;
#120 = LINE ( 'NONE', #1434, #1766 ) ;
#121 = VERTEX_POINT ( 'NONE', #2986 ) ;
#122 = VERTEX_POINT ( 'NONE', #2767 ) ;
#123 = FACE_OUTER_BOUND ( 'NONE', #2917, .T. ) ;
#124 = EDGE_LOOP ( 'NONE', ( #102, #1510, #828, #1996 ) ) ;
#125 = CIRCLE ( 'NONE', #3177, 0.4999999999999449329 ) ;
#126 = DIRECTION ( 'NONE',  ( 0.8660254037885942724, -0.4999999999928022576, 0.000000000000000000 ) ) ;
#127 = CIRCLE ( 'NONE', #1311, 0.4999999999999449329 ) ;
#128 = DIRECTION ( 'NONE',  ( 1.000000000000000000, 0.000000000000000000, 0.000000000000000000 ) ) ;
#129 = CIRCLE ( 'NONE', #3064, 0.4999999999999449329 ) ;
#130 = DIRECTION ( 'NONE',  ( 0.000000000000000000, -1.000000000000000000, 0.000000000000000000 ) ) ;
#131 = ORIENTED_EDGE ( 'NONE', *, *, #1002, .T. ) ;
#132 = CARTESIAN_POINT ( 'NONE',  ( 1546.576825314126609, 368.4438328192086942, 0.5000000000000000000 ) ) ;
#133 = ORIENTED_EDGE ( 'NONE', *, *, #2100, .F. ) ;
#134 = ORIENTED_EDGE ( 'NONE', *, *, #1286, .F. ) ;
#135 = EDGE_CURVE ( 'NONE', #2439, #2700, #2501, .T. ) ;
#136 = DIRECTION ( 'NONE',  ( -0.000000000000000000, -0.000000000000000000, -1.000000000000000000 ) ) ;
#137 = VERTEX_POINT ( 'NONE', #980 ) ;
#138 = EDGE_CURVE ( 'NONE', #1258, #2146, #1321, .T. ) ;
#139 = ORIENTED_EDGE ( 'NONE', *, *, #2352, .T. ) ;
#140 = ORIENTED_EDGE ( 'NONE', *, *, #2549, .T. ) ;
#141 = PLANE ( 'NONE',  #2794 ) ;
#142 = DIRECTION ( 'NONE',  ( -0.000000000000000000, -0.000000000000000000, -1.000000000000000000 ) ) ;
#143 = DIRECTION ( 'NONE',  ( 0.000000000000000000, 0.000000000000000000, 1.000000000000000000 ) ) ;
#144 = DIRECTION ( 'NONE',  ( -0.000000000000000000, -0.000000000000000000, -1.000000000000000000 ) ) ;
#145 = EDGE_LOOP ( 'NONE', ( #3027, #621, #1980, #2115 ) ) ;
#146 = LINE ( 'NONE', #1412, #2833 ) ;
#147 = ORIENTED_EDGE ( 'NONE', *, *, #502, .F. ) ;
#148 = DIRECTION ( 'NONE',  ( 0.000000000000000000, -1.000000000000000000, 0.000000000000000000 ) ) ;
#149 = VECTOR ( 'NONE', #1361, 1000.000000000000000 ) ;
#150 = ORIENTED_EDGE ( 'NONE', *, *, #2369, .F. ) ;
#151 = ORIENTED_EDGE ( 'NONE', *, *, #1208, .F. ) ;
#152 = CARTESIAN_POINT ( 'NONE',  ( 1482.275131535526725, 346.7728227475088261, 0.5000000000000000000 ) ) ;
#153 = CARTESIAN_POINT ( 'NONE',  ( 1546.106979003711103, 344.2728227475091671, 0.000000000000000000 ) ) ;
#154 = ADVANCED_FACE ( 'NONE', ( #2003 ), #706, .F. ) ;
#155 = CYLINDRICAL_SURFACE ( 'NONE', #2078, 0.5000000000001669775 ) ;
#156 = CARTESIAN_POINT ( 'NONE',  ( 1500.984812422026607, 349.8728227475089625, 0.000000000000000000 ) ) ;
#157 = AXIS2_PLACEMENT_3D ( 'NONE', #3170, #2197, #2447 ) ;
#158 = DIRECTION ( 'NONE',  ( 1.000000000000000000, 0.000000000000000000, 0.000000000000000000 ) ) ;
#159 = ORIENTED_EDGE ( 'NONE', *, *, #3245, .T. ) ;
#160 = DIRECTION ( 'NONE',  ( -1.000000000000000000, 0.000000000000000000, 0.000000000000000000 ) ) ;
#161 = ORIENTED_EDGE ( 'NONE', *, *, #2004, .T. ) ;
#162 = DIRECTION ( 'NONE',  ( 0.3420201433284287273, 0.9396926207849038981, 0.000000000000000000 ) ) ;
#163 = ORIENTED_EDGE ( 'NONE', *, *, #1862, .F. ) ;
#164 = VERTEX_POINT ( 'NONE', #1218 ) ;
#165 = DIRECTION ( 'NONE',  ( 1.000000000000000000, 0.000000000000000000, 0.000000000000000000 ) ) ;
#166 = DIRECTION ( 'NONE',  ( 1.000000000000000000, 1.265353230805084421E-13, 0.000000000000000000 ) ) ;
#167 = EDGE_CURVE ( 'NONE', #385, #55, #1051, .T. ) ;
#168 = VECTOR ( 'NONE', #1475, 1000.000000000000000 ) ;
#169 = VECTOR ( 'NONE', #1199, 1000.000000000000000 ) ;
#170 = EDGE_CURVE ( 'NONE', #2953, #2689, #2597, .T. ) ;
#171 = CARTESIAN_POINT ( 'NONE',  ( 1484.886456400926591, 346.2728227475088261, 0.5000000000000000000 ) ) ;
#172 = CARTESIAN_POINT ( 'NONE',  ( 1530.185887895826454, 346.1567973437088312, 0.5000000000000000000 ) ) ;
#173 = EDGE_CURVE ( 'NONE', #2163, #655, #2517, .T. ) ;
#174 = PRODUCT_DEFINITION_FORMATION_WITH_SPECIFIED_SOURCE ( 'ANY', '', #243, .NOT_KNOWN. ) ;
#175 = EDGE_CURVE ( 'NONE', #1884, #813, #2972, .T. ) ;
#176 = CYLINDRICAL_SURFACE ( 'NONE', #1247, 0.4999999999999449329 ) ;
#177 = DIRECTION ( 'NONE',  ( -0.000000000000000000, -0.000000000000000000, -1.000000000000000000 ) ) ;
#178 = ORIENTED_EDGE ( 'NONE', *, *, #2701, .T. ) ;
#179 = CARTESIAN_POINT ( 'NONE',  ( 1549.831454480526645, 353.0438328192087738, 0.000000000000000000 ) ) ;
#180 = EDGE_LOOP ( 'NONE', ( #3133, #3204, #47, #643 ) ) ;
#181 = CARTESIAN_POINT ( 'NONE',  ( 1491.406346714926713, 359.5018126759086954, 0.5000000000000000000 ) ) ;
#182 = EDGE_LOOP ( 'NONE', ( #1851, #335, #971, #2699 ) ) ;
#183 = EDGE_LOOP ( 'NONE', ( #674, #322, #2482, #1640 ) ) ;
#184 = AXIS2_PLACEMENT_3D ( 'NONE', #794, #2048, #775 ) ;
#185 = CARTESIAN_POINT ( 'NONE',  ( 1535.049130397310591, 341.7728227475091103, 0.000000000000000000 ) ) ;
#186 = VECTOR ( 'NONE', #565, 1000.000000000000000 ) ;
#187 = DIRECTION ( 'NONE',  ( -1.000000000000000000, 0.000000000000000000, 0.000000000000000000 ) ) ;
#188 = CARTESIAN_POINT ( 'NONE',  ( 1489.129980879426512, 353.1228227475089625, 0.5000000000000000000 ) ) ;
#189 = PLANE ( 'NONE',  #1573 ) ;
#190 = LINE ( 'NONE', #2520, #705 ) ;
#191 = EDGE_CURVE ( 'NONE', #260, #2700, #3234, .T. ) ;
#192 = CARTESIAN_POINT ( 'NONE',  ( 1546.576825314126836, 344.1018126759086044, 0.5000000000000000000 ) ) ;
#193 = CARTESIAN_POINT ( 'NONE',  ( 1532.861314376326618, 341.5228227475088261, 0.000000000000000000 ) ) ;
#194 = ORIENTED_EDGE ( 'NONE', *, *, #1416, .F. ) ;
#195 = DIRECTION ( 'NONE',  ( 0.3420201433284436598, 0.9396926207848983470, 0.000000000000000000 ) ) ;
#196 = ADVANCED_FACE ( 'NONE', ( #995 ), #2723, .F. ) ;
#197 = EDGE_LOOP ( 'NONE', ( #1815, #2665, #2679, #2842 ) ) ;
#198 = VECTOR ( 'NONE', #1143, 1000.000000000000000 ) ;
#199 = DIRECTION ( 'NONE',  ( 1.000000000000000000, 0.000000000000000000, 0.000000000000000000 ) ) ;
#200 = AXIS2_PLACEMENT_3D ( 'NONE', #1681, #2445, #2396 ) ;
#201 = DIRECTION ( 'NONE',  ( 0.000000000000000000, 0.000000000000000000, 1.000000000000000000 ) ) ;
#202 = LINE ( 'NONE', #1749, #1548 ) ;
#203 = FACE_OUTER_BOUND ( 'NONE', #1175, .T. ) ;
#204 = DIRECTION ( 'NONE',  ( -0.000000000000000000, -0.000000000000000000, -1.000000000000000000 ) ) ;
#205 = CARTESIAN_POINT ( 'NONE',  ( 1551.674807614034535, 359.6728227475087465, 0.5000000000000000000 ) ) ;
#206 = LINE ( 'NONE', #3260, #1978 ) ;
#207 = VECTOR ( 'NONE', #2341, 1000.000000000000000 ) ;
#208 = ORIENTED_EDGE ( 'NONE', *, *, #272, .F. ) ;
#209 = VECTOR ( 'NONE', #2381, 1000.000000000000114 ) ;
#210 = DIRECTION ( 'NONE',  ( -0.000000000000000000, -0.000000000000000000, -1.000000000000000000 ) ) ;
#211 = EDGE_CURVE ( 'NONE', #1212, #1068, #1478, .T. ) ;
#212 = ORIENTED_EDGE ( 'NONE', *, *, #3039, .F. ) ;
#213 = ADVANCED_FACE ( 'NONE', ( #1736 ), #3269, .T. ) ;
#214 = CARTESIAN_POINT ( 'NONE',  ( 1482.275131535526725, 346.2728227475088261, 0.000000000000000000 ) ) ;
#215 = DIRECTION ( 'NONE',  ( 0.000000000000000000, 0.000000000000000000, 1.000000000000000000 ) ) ;
#216 = DIRECTION ( 'NONE',  ( 1.000000000000000000, 0.000000000000000000, 0.000000000000000000 ) ) ;
#217 = DIRECTION ( 'NONE',  ( 0.000000000000000000, 0.000000000000000000, 1.000000000000000000 ) ) ;
#218 = DIRECTION ( 'NONE',  ( 1.000000000000000000, 0.000000000000000000, 0.000000000000000000 ) ) ;
#219 = VECTOR ( 'NONE', #1960, 1000.000000000000114 ) ;
#220 = DIRECTION ( 'NONE',  ( 1.000000000000000000, 0.000000000000000000, 0.000000000000000000 ) ) ;
#221 = DIRECTION ( 'NONE',  ( -1.000000000000000000, 0.000000000000000000, 0.000000000000000000 ) ) ;
#222 = VECTOR ( 'NONE', #177, 1000.000000000000000 ) ;
#223 = AXIS2_PLACEMENT_3D ( 'NONE', #1408, #2174, #2154 ) ;
#224 = ORIENTED_EDGE ( 'NONE', *, *, #2738, .F. ) ;
#225 = DIRECTION ( 'NONE',  ( -0.000000000000000000, -0.000000000000000000, -1.000000000000000000 ) ) ;
#226 = ORIENTED_EDGE ( 'NONE', *, *, #1286, .T. ) ;
#227 = ORIENTED_EDGE ( 'NONE', *, *, #2981, .T. ) ;
#228 = ADVANCED_FACE ( 'NONE', ( #2752 ), #3284, .T. ) ;
#229 = CIRCLE ( 'NONE', #616, 0.5000000000001669775 ) ;
#230 = CARTESIAN_POINT ( 'NONE',  ( 1535.049130397326280, 371.2728227475090534, 0.5000000000000000000 ) ) ;
#231 = EDGE_CURVE ( 'NONE', #669, #537, #863, .T. ) ;
#232 = LINE ( 'NONE', #522, #233 ) ;
#233 = VECTOR ( 'NONE', #1011, 1000.000000000000000 ) ;
#234 = ORIENTED_EDGE ( 'NONE', *, *, #2660, .T. ) ;
#235 = CARTESIAN_POINT ( 'NONE',  ( 1549.831454480526645, 353.0438328192087738, 0.5000000000000000000 ) ) ;
#236 = DIRECTION ( 'NONE',  ( 0.000000000000000000, 0.000000000000000000, 1.000000000000000000 ) ) ;
#237 = LINE ( 'NONE', #1272, #1683 ) ;
#238 = EDGE_CURVE ( 'NONE', #27, #2564, #438, .T. ) ;
#239 = DIRECTION ( 'NONE',  ( 0.000000000000000000, 0.000000000000000000, 1.000000000000000000 ) ) ;
#240 = DIRECTION ( 'NONE',  ( 0.5000000000043951509, 0.8660254037819009598, 0.000000000000000000 ) ) ;
#241 = DIRECTION ( 'NONE',  ( 0.000000000000000000, 0.000000000000000000, 1.000000000000000000 ) ) ;
#242 = CYLINDRICAL_SURFACE ( 'NONE', #3095, 0.5000000000001669775 ) ;
#243 = PRODUCT ( 'XMas_UT', 'XMas_UT', '', ( #333 ) ) ;
#244 = EDGE_LOOP ( 'NONE', ( #1167, #1168, #1484, #368 ) ) ;
#245 = CARTESIAN_POINT ( 'NONE',  ( 1555.918332092626770, 346.5228227475085987, 0.5000000000000000000 ) ) ;
#246 = ORIENTED_EDGE ( 'NONE', *, *, #378, .T. ) ;
#247 = ORIENTED_EDGE ( 'NONE', *, *, #629, .T. ) ;
#248 = LINE ( 'NONE', #2294, #2216 ) ;
#249 = CARTESIAN_POINT ( 'NONE',  ( 1546.106979003711103, 344.2728227475091671, 0.5000000000000000000 ) ) ;
#250 = ORIENTED_EDGE ( 'NONE', *, *, #1419, .T. ) ;
#251 = DIRECTION ( 'NONE',  ( -0.000000000000000000, -0.000000000000000000, -1.000000000000000000 ) ) ;
#252 = DIRECTION ( 'NONE',  ( 1.000000000000000000, 0.000000000000000000, 0.000000000000000000 ) ) ;
#253 = DIRECTION ( 'NONE',  ( -1.000000000000000000, 0.000000000000000000, 0.000000000000000000 ) ) ;
#254 = VECTOR ( 'NONE', #1292, 1000.000000000000000 ) ;
#255 = DIRECTION ( 'NONE',  ( -0.000000000000000000, -0.000000000000000000, -1.000000000000000000 ) ) ;
#256 = EDGE_CURVE ( 'NONE', #2922, #2415, #2870, .T. ) ;
#257 = CARTESIAN_POINT ( 'NONE',  ( 1508.376486819026695, 341.5228227475088261, 0.5000000000000000000 ) ) ;
#258 = DIRECTION ( 'NONE',  ( 1.000000000000000000, 0.000000000000000000, 0.000000000000000000 ) ) ;
#259 = CARTESIAN_POINT ( 'NONE',  ( 1540.252988773426750, 362.6728227475086896, 0.5000000000000000000 ) ) ;
#260 = VERTEX_POINT ( 'NONE', #2802 ) ;
#261 = CARTESIAN_POINT ( 'NONE',  ( 1540.686001475326520, 362.9228227475086896, 0.5000000000000000000 ) ) ;
#262 = VERTEX_POINT ( 'NONE', #2781 ) ;
#263 = CARTESIAN_POINT ( 'NONE',  ( 1502.358319245210623, 363.1728227475087465, 0.000000000000000000 ) ) ;
#264 = ORIENTED_EDGE ( 'NONE', *, *, #1775, .F. ) ;
#265 = CYLINDRICAL_SURFACE ( 'NONE', #1644, 0.5000000000001669775 ) ;
#266 = ORIENTED_EDGE ( 'NONE', *, *, #377, .T. ) ;
#267 = DIRECTION ( 'NONE',  ( 1.000000000000000000, 0.000000000000000000, 0.000000000000000000 ) ) ;
#268 = DIRECTION ( 'NONE',  ( -0.000000000000000000, -0.000000000000000000, -1.000000000000000000 ) ) ;
#269 = DIRECTION ( 'NONE',  ( 1.000000000000000000, 0.000000000000000000, 0.000000000000000000 ) ) ;
#270 = CARTESIAN_POINT ( 'NONE',  ( 1550.301300790906225, 352.8728227475089625, 0.000000000000000000 ) ) ;
#271 = PLANE ( 'NONE',  #52 ) ;
#272 = EDGE_CURVE ( 'NONE', #3123, #2326, #617, .T. ) ;
#273 = LINE ( 'NONE', #568, #207 ) ;
#274 = EDGE_CURVE ( 'NONE', #1938, #2411, #1055, .T. ) ;
#275 = FACE_OUTER_BOUND ( 'NONE', #1315, .T. ) ;
#276 = EDGE_CURVE ( 'NONE', #2801, #959, #1959, .T. ) ;
#277 = CIRCLE ( 'NONE', #2692, 0.4999999999999449329 ) ;
#278 = ORIENTED_EDGE ( 'NONE', *, *, #3022, .T. ) ;
#279 = VERTEX_POINT ( 'NONE', #1300 ) ;
#280 = CIRCLE ( 'NONE', #1732, 0.4999999999999449329 ) ;
#281 = DIRECTION ( 'NONE',  ( -0.000000000000000000, -0.000000000000000000, -1.000000000000000000 ) ) ;
#282 = AXIS2_PLACEMENT_3D ( 'NONE', #2573, #268, #2319 ) ;
#283 = ORIENTED_EDGE ( 'NONE', *, *, #3084, .T. ) ;
#284 = EDGE_LOOP ( 'NONE', ( #326, #507, #584, #2042 ) ) ;
#285 = CYLINDRICAL_SURFACE ( 'NONE', #2161, 0.4999999999999449329 ) ;
#286 = DIRECTION ( 'NONE',  ( -1.000000000000000000, 0.000000000000000000, 0.000000000000000000 ) ) ;
#287 = VERTEX_POINT ( 'NONE', #1054 ) ;
#288 = CARTESIAN_POINT ( 'NONE',  ( 1555.918332092626770, 346.5228227475085987, 0.000000000000000000 ) ) ;
#289 = FACE_OUTER_BOUND ( 'NONE', #1154, .T. ) ;
#290 = PRODUCT_DEFINITION_CONTEXT ( 'detailed design', #2391, 'design' ) ;
#291 = CARTESIAN_POINT ( 'NONE',  ( 1505.718824487726579, 341.6018126759088318, 0.5000000000000000000 ) ) ;
#292 = CARTESIAN_POINT ( 'NONE',  ( 1489.562993581326737, 359.1728227475086896, 0.5000000000000000000 ) ) ;
#293 = FACE_OUTER_BOUND ( 'NONE', #2026, .T. ) ;
#294 = FACE_OUTER_BOUND ( 'NONE', #1353, .T. ) ;
#295 = LINE ( 'NONE', #1130, #736 ) ;
#296 = VERTEX_POINT ( 'NONE', #3029 ) ;
#297 = CARTESIAN_POINT ( 'NONE',  ( 1513.118900597726906, 358.7728227475088261, 0.000000000000000000 ) ) ;
#298 = ORIENTED_EDGE ( 'NONE', *, *, #1534, .T. ) ;
#299 = EDGE_CURVE ( 'NONE', #3205, #3117, #1376, .T. ) ;
#300 = CARTESIAN_POINT ( 'NONE',  ( 1490.936500404510980, 359.6728227475088033, 0.5000000000000000000 ) ) ;
#301 = VERTEX_POINT ( 'NONE', #1516 ) ;
#302 = CARTESIAN_POINT ( 'NONE',  ( 1558.962669659926632, 346.2728227475088261, 0.5000000000000000000 ) ) ;
#303 = ORIENTED_EDGE ( 'NONE', *, *, #2130, .T. ) ;
#304 = FACE_OUTER_BOUND ( 'NONE', #284, .T. ) ;
#305 = CARTESIAN_POINT ( 'NONE',  ( 1540.252988773434254, 363.1728227475087465, 0.5000000000000000000 ) ) ;
#306 = LINE ( 'NONE', #2054, #1507 ) ;
#307 = DIRECTION ( 'NONE',  ( 0.000000000000000000, 0.000000000000000000, 1.000000000000000000 ) ) ;
#308 = VECTOR ( 'NONE', #2324, 1000.000000000000114 ) ;
#309 = VECTOR ( 'NONE', #714, 1000.000000000000114 ) ;
#310 = VERTEX_POINT ( 'NONE', #2353 ) ;
#311 = DIRECTION ( 'NONE',  ( -1.000000000000000000, 0.000000000000000000, 0.000000000000000000 ) ) ;
#312 = ORIENTED_EDGE ( 'NONE', *, *, #2616, .T. ) ;
#313 = VERTEX_POINT ( 'NONE', #3299 ) ;
#314 = EDGE_CURVE ( 'NONE', #279, #164, #2386, .T. ) ;
#315 = EDGE_CURVE ( 'NONE', #310, #3168, #2317, .T. ) ;
#316 = EDGE_CURVE ( 'NONE', #945, #1367, #506, .T. ) ;
#317 = DIRECTION ( 'NONE',  ( 0.000000000000000000, -0.000000000000000000, 1.000000000000000000 ) ) ;
#318 = VECTOR ( 'NONE', #413, 1000.000000000000000 ) ;
#319 = EDGE_CURVE ( 'NONE', #2411, #2919, #2335, .T. ) ;
#320 = ORIENTED_EDGE ( 'NONE', *, *, #1264, .T. ) ;
#321 = CARTESIAN_POINT ( 'NONE',  ( 1555.918332092626770, 346.5228227475085987, 0.5000000000000000000 ) ) ;
#322 = ORIENTED_EDGE ( 'NONE', *, *, #2901, .F. ) ;
#323 = CARTESIAN_POINT ( 'NONE',  ( 1494.660975881326522, 344.1018126759088318, 0.000000000000000000 ) ) ;
#324 = DIRECTION ( 'NONE',  ( 1.000000000000000000, 8.503139837832923902E-14, 0.000000000000000000 ) ) ;
#325 = DIRECTION ( 'NONE',  ( 0.000000000000000000, 0.000000000000000000, 1.000000000000000000 ) ) ;
#326 = ORIENTED_EDGE ( 'NONE', *, *, #651, .T. ) ;
#327 = PLANE ( 'NONE',  #695 ) ;
#328 = ORIENTED_EDGE ( 'NONE', *, *, #421, .F. ) ;
#329 = ORIENTED_EDGE ( 'NONE', *, *, #2060, .F. ) ;
#330 = VECTOR ( 'NONE', #2974, 1000.000000000000000 ) ;
#331 = VECTOR ( 'NONE', #677, 1000.000000000000000 ) ;
#332 = CARTESIAN_POINT ( 'NONE',  ( 1538.409635639826774, 363.0018126759086954, 0.5000000000000000000 ) ) ;
#333 = PRODUCT_CONTEXT ( 'NONE', #1178, 'mechanical' ) ;
#334 = AXIS2_PLACEMENT_3D ( 'NONE', #2453, #3267, #977 ) ;
#335 = ORIENTED_EDGE ( 'NONE', *, *, #1778, .F. ) ;
#336 = ADVANCED_FACE ( 'NONE', ( #19 ), #2860, .T. ) ;
#337 = DIRECTION ( 'NONE',  ( -0.4999999999949055751, 0.8660254037873799104, 0.000000000000000000 ) ) ;
#338 = ORIENTED_EDGE ( 'NONE', *, *, #1963, .T. ) ;
#339 = EDGE_CURVE ( 'NONE', #499, #2415, #232, .T. ) ;
#340 = CARTESIAN_POINT ( 'NONE',  ( 1500.551799720126610, 362.9228227475086896, 0.000000000000000000 ) ) ;
#341 = CARTESIAN_POINT ( 'NONE',  ( 1538.409635639826774, 363.0018126759086954, 0.5000000000000000000 ) ) ;
#342 = DIRECTION ( 'NONE',  ( 0.3420201433284305592, -0.9396926207849031210, 0.000000000000000000 ) ) ;
#343 = EDGE_CURVE ( 'NONE', #1832, #2778, #2588, .T. ) ;
#344 = PLANE ( 'NONE',  #2618 ) ;
#345 = DIRECTION ( 'NONE',  ( -0.000000000000000000, -0.000000000000000000, -1.000000000000000000 ) ) ;
#346 = ORIENTED_EDGE ( 'NONE', *, *, #2226, .T. ) ;
#347 = CARTESIAN_POINT ( 'NONE',  ( 1490.936500404526669, 359.1728227475087465, 0.5000000000000000000 ) ) ;
#348 = VECTOR ( 'NONE', #1588, 1000.000000000000227 ) ;
#349 = ORIENTED_EDGE ( 'NONE', *, *, #1454, .T. ) ;
#350 = ORIENTED_EDGE ( 'NONE', *, *, #1112, .F. ) ;
#351 = DIRECTION ( 'NONE',  ( -0.000000000000000000, -0.000000000000000000, -1.000000000000000000 ) ) ;
#352 = CARTESIAN_POINT ( 'NONE',  ( 0.000000000000000000, 0.000000000000000000, 0.000000000000000000 ) ) ;
#353 = ORIENTED_EDGE ( 'NONE', *, *, #1822, .F. ) ;
#354 = ORIENTED_EDGE ( 'NONE', *, *, #2555, .T. ) ;
#355 = FACE_OUTER_BOUND ( 'NONE', #1076, .T. ) ;
#356 = CARTESIAN_POINT ( 'NONE',  ( 1511.118900597726906, 360.7728227475090534, 0.5000000000000000000 ) ) ;
#357 = DIRECTION ( 'NONE',  ( -0.000000000000000000, -0.000000000000000000, -1.000000000000000000 ) ) ;
#358 = ADVANCED_FACE ( 'NONE', ( #3318 ), #1033, .F. ) ;
#359 = ADVANCED_FACE ( 'NONE', ( #1592 ), #265, .F. ) ;
#360 = FACE_OUTER_BOUND ( 'NONE', #2915, .T. ) ;
#361 = ORIENTED_EDGE ( 'NONE', *, *, #2817, .F. ) ;
#362 = AXIS2_PLACEMENT_3D ( 'NONE', #2502, #3270, #2768 ) ;
#363 = DIRECTION ( 'NONE',  ( -0.000000000000000000, -0.000000000000000000, -1.000000000000000000 ) ) ;
#364 = ORIENTED_EDGE ( 'NONE', *, *, #2414, .F. ) ;
#365 = AXIS2_PLACEMENT_3D ( 'NONE', #347, #1382, #1666 ) ;
#366 = ORIENTED_EDGE ( 'NONE', *, *, #2510, .T. ) ;
#367 = DIRECTION ( 'NONE',  ( 1.000000000000000000, 0.000000000000000000, 0.000000000000000000 ) ) ;
#368 = ORIENTED_EDGE ( 'NONE', *, *, #3065, .T. ) ;
#369 = ORIENTED_EDGE ( 'NONE', *, *, #316, .T. ) ;
#370 = CYLINDRICAL_SURFACE ( 'NONE', #1107, 0.4999999999999449329 ) ;
#371 = EDGE_LOOP ( 'NONE', ( #1053, #2561, #1007, #1932 ) ) ;
#372 = LINE ( 'NONE', #898, #2694 ) ;
#373 = AXIS2_PLACEMENT_3D ( 'NONE', #1, #2117, #860 ) ;
#374 = CARTESIAN_POINT ( 'NONE',  ( 1530.118900597726679, 366.1388481513088209, 0.5000000000000000000 ) ) ;
#375 = VECTOR ( 'NONE', #2012, 1000.000000000000000 ) ;
#376 = DIRECTION ( 'NONE',  ( 1.000000000000000000, 0.000000000000000000, 0.000000000000000000 ) ) ;
#377 = EDGE_CURVE ( 'NONE', #856, #2714, #1324, .T. ) ;
#378 = EDGE_CURVE ( 'NONE', #1804, #2664, #2606, .T. ) ;
#379 = ORIENTED_EDGE ( 'NONE', *, *, #1131, .F. ) ;
#380 = PLANE ( 'NONE',  #2349 ) ;
#381 = EDGE_CURVE ( 'NONE', #287, #2099, #2016, .T. ) ;
#382 = ORIENTED_EDGE ( 'NONE', *, *, #3230, .T. ) ;
#383 = ORIENTED_EDGE ( 'NONE', *, *, #2819, .T. ) ;
#384 = DIRECTION ( 'NONE',  ( 0.9396926207849038981, -0.3420201433284287273, 0.000000000000000000 ) ) ;
#385 = VERTEX_POINT ( 'NONE', #2659 ) ;
#386 = ORIENTED_EDGE ( 'NONE', *, *, #2393, .F. ) ;
#387 = AXIS2_PLACEMENT_3D ( 'NONE', #2191, #3210, #425 ) ;
#388 = CARTESIAN_POINT ( 'NONE',  ( 1543.919162982726448, 368.5228227475088829, 0.5000000000000000000 ) ) ;
#389 = ORIENTED_EDGE ( 'NONE', *, *, #1716, .F. ) ;
#390 = CIRCLE ( 'NONE', #2260, 0.5000000000001669775 ) ;
#391 = DIRECTION ( 'NONE',  ( 0.5000000000047730708, -0.8660254037816828010, 0.000000000000000000 ) ) ;
#392 = CIRCLE ( 'NONE', #3010, 0.4999999999999449329 ) ;
#393 = CARTESIAN_POINT ( 'NONE',  ( 1494.660975881326522, 344.1018126759088318, 0.5000000000000000000 ) ) ;
#394 = CIRCLE ( 'NONE', #1847, 0.4999999999999449329 ) ;
#395 = PLANE ( 'NONE',  #3093 ) ;
#396 = CYLINDRICAL_SURFACE ( 'NONE', #387, 0.5000000000001669775 ) ;
#397 = ORIENTED_EDGE ( 'NONE', *, *, #2234, .T. ) ;
#398 = LINE ( 'NONE', #132, #2621 ) ;
#399 = CIRCLE ( 'NONE', #832, 0.5000000000001669775 ) ;
#400 = AXIS2_PLACEMENT_3D ( 'NONE', #1783, #812, #2568 ) ;
#401 = EDGE_LOOP ( 'NONE', ( #593, #1547, #2121, #2345 ) ) ;
#402 = CARTESIAN_POINT ( 'NONE',  ( 1494.660975881326522, 344.1018126759088318, 0.5000000000000000000 ) ) ;
#403 = ORIENTED_EDGE ( 'NONE', *, *, #1226, .F. ) ;
#404 = ORIENTED_EDGE ( 'NONE', *, *, #1187, .T. ) ;
#405 = EDGE_CURVE ( 'NONE', #1831, #2411, #1375, .T. ) ;
#406 = CARTESIAN_POINT ( 'NONE',  ( 1495.130822191726566, 343.7728227475088261, 0.5000000000000000000 ) ) ;
#407 = DIRECTION ( 'NONE',  ( -1.000000000000000000, 0.000000000000000000, 0.000000000000000000 ) ) ;
#408 = CARTESIAN_POINT ( 'NONE',  ( 1550.301300790826645, 353.3728227475089625, 0.000000000000000000 ) ) ;
#409 = CARTESIAN_POINT ( 'NONE',  ( 1482.275131535526725, 366.2728227475088261, 0.000000000000000000 ) ) ;
#410 = ORIENTED_EDGE ( 'NONE', *, *, #1863, .T. ) ;
#411 = CARTESIAN_POINT ( 'NONE',  ( 1538.879481950226818, 362.6728227475086896, 0.5000000000000000000 ) ) ;
#412 = ORIENTED_EDGE ( 'NONE', *, *, #842, .T. ) ;
#413 = DIRECTION ( 'NONE',  ( -0.3420201433252698653, -0.9396926207860535341, 0.000000000000000000 ) ) ;
#414 = CIRCLE ( 'NONE', #1228, 0.4999999999999449329 ) ;
#415 = ORIENTED_EDGE ( 'NONE', *, *, #1753, .F. ) ;
#416 = ORIENTED_EDGE ( 'NONE', *, *, #1534, .F. ) ;
#417 = ADVANCED_FACE ( 'NONE', ( #111 ), #1426, .F. ) ;
#418 = EDGE_CURVE ( 'NONE', #1091, #15, #2423, .T. ) ;
#419 = EDGE_CURVE ( 'NONE', #2953, #428, #2139, .T. ) ;
#420 = DIRECTION ( 'NONE',  ( -0.000000000000000000, -0.000000000000000000, -1.000000000000000000 ) ) ;
#421 = EDGE_CURVE ( 'NONE', #589, #1298, #581, .T. ) ;
#422 = DIRECTION ( 'NONE',  ( 1.265353230805084421E-13, -1.000000000000000000, 0.000000000000000000 ) ) ;
#423 = COLOUR_RGB ( '',0.7921568627450980005, 0.8196078431372548767, 0.9333333333333333481 ) ;
#424 = LINE ( 'NONE', #2251, #3061 ) ;
#425 = DIRECTION ( 'NONE',  ( -1.000000000000000000, 0.000000000000000000, 0.000000000000000000 ) ) ;
#426 = VECTOR ( 'NONE', #210, 1000.000000000000000 ) ;
#427 = LINE ( 'NONE', #712, #2957 ) ;
#428 = VERTEX_POINT ( 'NONE', #2390 ) ;
#429 = LINE ( 'NONE', #193, #309 ) ;
#430 = VERTEX_POINT ( 'NONE', #3161 ) ;
#431 = LINE ( 'NONE', #1730, #2412 ) ;
#432 = ORIENTED_EDGE ( 'NONE', *, *, #917, .F. ) ;
#433 = VERTEX_POINT ( 'NONE', #2675 ) ;
#434 = CARTESIAN_POINT ( 'NONE',  ( 1496.885625510734371, 344.2728227475088261, 0.5000000000000000000 ) ) ;
#435 = CIRCLE ( 'NONE', #2856, 0.4999999999999449329 ) ;
#436 = ADVANCED_FACE ( 'NONE', ( #2691 ), #1925, .T. ) ;
#437 = AXIS2_PLACEMENT_3D ( 'NONE', #678, #1974, #694 ) ;
#438 = LINE ( 'NONE', #1469, #991 ) ;
#439 = ADVANCED_FACE ( 'NONE', ( #1610 ), #1123, .T. ) ;
#440 = CIRCLE ( 'NONE', #2625, 0.5000000000001669775 ) ;
#441 = AXIS2_PLACEMENT_3D ( 'NONE', #467, #928, #3237 ) ;
#442 = PLANE ( 'NONE',  #362 ) ;
#443 = CARTESIAN_POINT ( 'NONE',  ( 1481.775131535526725, 346.7728227475088261, 0.000000000000000000 ) ) ;
#444 = CYLINDRICAL_SURFACE ( 'NONE', #492, 0.4999999999999449329 ) ;
#445 = CYLINDRICAL_SURFACE ( 'NONE', #658, 0.5000000000001669775 ) ;
#446 = EDGE_CURVE ( 'NONE', #451, #3251, #2970, .T. ) ;
#447 = LINE ( 'NONE', #2977, #2831 ) ;
#448 = EDGE_LOOP ( 'NONE', ( #1232, #1685, #1587, #1572 ) ) ;
#449 = DIRECTION ( 'NONE',  ( 0.000000000000000000, 0.000000000000000000, 1.000000000000000000 ) ) ;
#450 = AXIS2_PLACEMENT_3D ( 'NONE', #1356, #1623, #2370 ) ;
#451 = VERTEX_POINT ( 'NONE', #3180 ) ;
#452 = LINE ( 'NONE', #2500, #3279 ) ;
#453 = CIRCLE ( 'NONE', #890, 0.4999999999999449329 ) ;
#454 = DIRECTION ( 'NONE',  ( 1.000000000000000000, 0.000000000000000000, 0.000000000000000000 ) ) ;
#455 = CARTESIAN_POINT ( 'NONE',  ( 1544.352175684626900, 368.7728227475090534, 0.000000000000000000 ) ) ;
#456 = LINE ( 'NONE', #965, #1363 ) ;
#457 = FACE_OUTER_BOUND ( 'NONE', #806, .T. ) ;
#458 = CARTESIAN_POINT ( 'NONE',  ( 1555.918332092626770, 346.5228227475085987, 0.5000000000000000000 ) ) ;
#459 = EDGE_CURVE ( 'NONE', #1498, #1680, #1893, .T. ) ;
#460 = DIRECTION ( 'NONE',  ( 0.000000000000000000, 0.000000000000000000, 1.000000000000000000 ) ) ;
#461 = EDGE_CURVE ( 'NONE', #1242, #2421, #1876, .T. ) ;
#462 = ORIENTED_EDGE ( 'NONE', *, *, #1050, .F. ) ;
#463 = CARTESIAN_POINT ( 'NONE',  ( 1506.188670798126623, 341.2728227475088261, 0.5000000000000000000 ) ) ;
#464 = VERTEX_POINT ( 'NONE', #1360 ) ;
#465 = ORIENTED_EDGE ( 'NONE', *, *, #1374, .T. ) ;
#466 = AXIS2_PLACEMENT_3D ( 'NONE', #820, #1846, #1024 ) ;
#467 = CARTESIAN_POINT ( 'NONE',  ( 1546.106979003726565, 368.7728227475088261, 0.5000000000000000000 ) ) ;
#468 = VECTOR ( 'NONE', #1931, 1000.000000000000000 ) ;
#469 = DIRECTION ( 'NONE',  ( 1.000000000000000000, 0.000000000000000000, 0.000000000000000000 ) ) ;
#470 = DIRECTION ( 'NONE',  ( -1.000000000000000000, 0.000000000000000000, 0.000000000000000000 ) ) ;
#471 = CARTESIAN_POINT ( 'NONE',  ( 1511.051913299626449, 366.3888481513088209, 0.000000000000000000 ) ) ;
#472 = DIRECTION ( 'NONE',  ( 0.000000000000000000, 0.000000000000000000, 1.000000000000000000 ) ) ;
#473 = DIRECTION ( 'NONE',  ( -0.000000000000000000, -0.000000000000000000, -1.000000000000000000 ) ) ;
#474 = DIRECTION ( 'NONE',  ( -0.000000000000000000, -0.000000000000000000, -1.000000000000000000 ) ) ;
#475 = VECTOR ( 'NONE', #2594, 1000.000000000000000 ) ;
#476 = VECTOR ( 'NONE', #2849, 1000.000000000000000 ) ;
#477 = EDGE_CURVE ( 'NONE', #2700, #1129, #1159, .T. ) ;
#478 = ORIENTED_EDGE ( 'NONE', *, *, #2509, .F. ) ;
#479 = EDGE_CURVE ( 'NONE', #1152, #1108, #614, .T. ) ;
#480 = DIRECTION ( 'NONE',  ( 1.000000000000000000, 0.000000000000000000, -0.000000000000000000 ) ) ;
#481 = ORIENTED_EDGE ( 'NONE', *, *, #381, .F. ) ;
#482 = ORIENTED_EDGE ( 'NONE', *, *, #2999, .F. ) ;
#483 = CARTESIAN_POINT ( 'NONE',  ( 1495.130822191726566, 368.7728227475088261, 0.5000000000000000000 ) ) ;
#484 = DIRECTION ( 'NONE',  ( 1.000000000000000000, 0.000000000000000000, 0.000000000000000000 ) ) ;
#485 = VERTEX_POINT ( 'NONE', #374 ) ;
#486 = LINE ( 'NONE', #3155, #2141 ) ;
#487 = CARTESIAN_POINT ( 'NONE',  ( 1546.576825314126609, 368.4438328192086942, 0.5000000000000000000 ) ) ;
#488 = LINE ( 'NONE', #2269, #7 ) ;
#489 = CARTESIAN_POINT ( 'NONE',  ( 1533.294327078226615, 341.2728227475088261, 0.5000000000000000000 ) ) ;
#490 = CARTESIAN_POINT ( 'NONE',  ( 1546.106979003726337, 343.7728227475091671, 0.5000000000000000000 ) ) ;
#491 = VECTOR ( 'NONE', #4, 1000.000000000000000 ) ;
#492 = AXIS2_PLACEMENT_3D ( 'NONE', #1725, #696, #726 ) ;
#493 = LINE ( 'NONE', #2541, #1417 ) ;
#494 = DIRECTION ( 'NONE',  ( 0.5000000000043915982, -0.8660254037819031803, 0.000000000000000000 ) ) ;
#495 = CIRCLE ( 'NONE', #1949, 0.4999999999999449329 ) ;
#496 = VERTEX_POINT ( 'NONE', #2175 ) ;
#497 = AXIS2_PLACEMENT_3D ( 'NONE', #1636, #105, #3138 ) ;
#498 = DIRECTION ( 'NONE',  ( -0.000000000000000000, -0.000000000000000000, -1.000000000000000000 ) ) ;
#499 = VERTEX_POINT ( 'NONE', #1677 ) ;
#500 = EDGE_LOOP ( 'NONE', ( #2633, #2993, #2553, #1407 ) ) ;
#501 = CIRCLE ( 'NONE', #450, 0.5000000000001669775 ) ;
#502 = EDGE_CURVE ( 'NONE', #3217, #2954, #2376, .T. ) ;
#503 = CARTESIAN_POINT ( 'NONE',  ( 1535.049130397326508, 341.2728227475091103, 0.5000000000000000000 ) ) ;
#504 = ADVANCED_FACE ( 'NONE', ( #3127 ), #833, .T. ) ;
#505 = DIRECTION ( 'NONE',  ( 1.000000000000000000, 0.000000000000000000, 0.000000000000000000 ) ) ;
#506 = CIRCLE ( 'NONE', #2921, 0.4999999999999449329 ) ;
#507 = ORIENTED_EDGE ( 'NONE', *, *, #877, .F. ) ;
#508 = CYLINDRICAL_SURFACE ( 'NONE', #373, 0.5000000000001669775 ) ;
#509 = DIRECTION ( 'NONE',  ( -0.000000000000000000, -0.000000000000000000, -1.000000000000000000 ) ) ;
#510 = DIRECTION ( 'NONE',  ( -1.000000000000000000, 0.000000000000000000, 0.000000000000000000 ) ) ;
#511 = CARTESIAN_POINT ( 'NONE',  ( 1535.049130397347199, 370.7728227475091103, 0.5000000000000000000 ) ) ;
#512 = LINE ( 'NONE', #3091, #475 ) ;
#513 = CARTESIAN_POINT ( 'NONE',  ( 1556.351344794519036, 346.7728227475087692, 0.000000000000000000 ) ) ;
#514 = DIRECTION ( 'NONE',  ( 1.000000000000000000, 0.000000000000000000, -0.000000000000000000 ) ) ;
#515 = FACE_OUTER_BOUND ( 'NONE', #2820, .T. ) ;
#516 = ORIENTED_EDGE ( 'NONE', *, *, #545, .T. ) ;
#517 = DIRECTION ( 'NONE',  ( -1.000000000000000000, 0.000000000000000000, 0.000000000000000000 ) ) ;
#518 = ORIENTED_EDGE ( 'NONE', *, *, #299, .T. ) ;
#519 = DIRECTION ( 'NONE',  ( -0.000000000000000000, -0.000000000000000000, -1.000000000000000000 ) ) ;
#520 = ADVANCED_FACE ( 'NONE', ( #2644 ), #2124, .T. ) ;
#521 = EDGE_CURVE ( 'NONE', #464, #579, #2812, .T. ) ;
#522 = CARTESIAN_POINT ( 'NONE',  ( 1502.358319245226539, 362.6728227475086896, 0.000000000000000000 ) ) ;
#523 = CIRCLE ( 'NONE', #2188, 0.5000000000001669775 ) ;
#524 = VERTEX_POINT ( 'NONE', #2854 ) ;
#525 = DIRECTION ( 'NONE',  ( 0.000000000000000000, 0.000000000000000000, 1.000000000000000000 ) ) ;
#526 = EDGE_CURVE ( 'NONE', #1930, #310, #2311, .T. ) ;
#527 = CYLINDRICAL_SURFACE ( 'NONE', #2001, 0.4999999999999449329 ) ;
#528 = LINE ( 'NONE', #547, #2424 ) ;
#529 = VECTOR ( 'NONE', #494, 1000.000000000000114 ) ;
#530 = DIRECTION ( 'NONE',  ( -0.9396926207860497593, -0.3420201433252804124, 0.000000000000000000 ) ) ;
#531 = DIRECTION ( 'NONE',  ( 1.000000000000000000, 0.000000000000000000, 0.000000000000000000 ) ) ;
#532 = DIRECTION ( 'NONE',  ( -0.9396926207860450964, 0.3420201433252932355, 0.000000000000000000 ) ) ;
#533 = CARTESIAN_POINT ( 'NONE',  ( 1544.352175684626900, 343.7728227475088261, 0.5000000000000000000 ) ) ;
#534 = ORIENTED_EDGE ( 'NONE', *, *, #3288, .F. ) ;
#535 = AXIS2_PLACEMENT_3D ( 'NONE', #1385, #2716, #1936 ) ;
#536 = DIRECTION ( 'NONE',  ( -1.000000000000000000, 0.000000000000000000, 0.000000000000000000 ) ) ;
#537 = VERTEX_POINT ( 'NONE', #2330 ) ;
#538 = CYLINDRICAL_SURFACE ( 'NONE', #2332, 0.4999999999999449329 ) ;
#539 = EDGE_LOOP ( 'NONE', ( #2343, #2368, #2446, #2950 ) ) ;
#540 = CIRCLE ( 'NONE', #1988, 0.5000000000001669775 ) ;
#541 = DIRECTION ( 'NONE',  ( 0.000000000000000000, 0.000000000000000000, 1.000000000000000000 ) ) ;
#542 = VERTEX_POINT ( 'NONE', #1087 ) ;
#543 = DIRECTION ( 'NONE',  ( 0.000000000000000000, 0.000000000000000000, 1.000000000000000000 ) ) ;
#544 = VERTEX_POINT ( 'NONE', #3116 ) ;
#545 = EDGE_CURVE ( 'NONE', #1601, #2380, #33, .T. ) ;
#546 = PLANE ( 'NONE',  #2158 ) ;
#547 = CARTESIAN_POINT ( 'NONE',  ( 1489.562993581326737, 359.1728227475086896, 0.5000000000000000000 ) ) ;
#548 = DIRECTION ( 'NONE',  ( -0.000000000000000000, -0.000000000000000000, -1.000000000000000000 ) ) ;
#549 = DIRECTION ( 'NONE',  ( 1.000000000000000000, 0.000000000000000000, 0.000000000000000000 ) ) ;
#550 = DIRECTION ( 'NONE',  ( 0.000000000000000000, -0.000000000000000000, -1.000000000000000000 ) ) ;
#551 = DIRECTION ( 'NONE',  ( 1.000000000000000000, 0.000000000000000000, 0.000000000000000000 ) ) ;
#552 = DIRECTION ( 'NONE',  ( 0.000000000000000000, 1.000000000000000000, 0.000000000000000000 ) ) ;
#553 = AXIS2_PLACEMENT_3D ( 'NONE', #2085, #1539, #510 ) ;
#554 = EDGE_CURVE ( 'NONE', #2327, #2778, #2836, .T. ) ;
#555 = ORIENTED_EDGE ( 'NONE', *, *, #3228, .T. ) ;
#556 = AXIS2_PLACEMENT_3D ( 'NONE', #2271, #473, #2990 ) ;
#557 = DIRECTION ( 'NONE',  ( 0.000000000000000000, 0.000000000000000000, 1.000000000000000000 ) ) ;
#558 = VECTOR ( 'NONE', #1806, 1000.000000000000227 ) ;
#559 = VERTEX_POINT ( 'NONE', #2346 ) ;
#560 = ORIENTED_EDGE ( 'NONE', *, *, #446, .T. ) ;
#561 = DIRECTION ( 'NONE',  ( -0.000000000000000000, -0.000000000000000000, -1.000000000000000000 ) ) ;
#562 = CARTESIAN_POINT ( 'NONE',  ( 1495.130822191706102, 368.2728227475087692, 0.5000000000000000000 ) ) ;
#563 = ORIENTED_EDGE ( 'NONE', *, *, #1169, .T. ) ;
#564 = DIRECTION ( 'NONE',  ( 0.000000000000000000, -0.000000000000000000, 1.000000000000000000 ) ) ;
#565 = DIRECTION ( 'NONE',  ( -0.000000000000000000, -0.000000000000000000, -1.000000000000000000 ) ) ;
#566 = VECTOR ( 'NONE', #3157, 1000.000000000000000 ) ;
#567 = FACE_OUTER_BOUND ( 'NONE', #2938, .T. ) ;
#568 = CARTESIAN_POINT ( 'NONE',  ( 1559.462669659926860, 346.7728227475085987, 0.5000000000000000000 ) ) ;
#569 = CARTESIAN_POINT ( 'NONE',  ( 1500.984812422026607, 362.6728227475086896, 0.000000000000000000 ) ) ;
#570 = ADVANCED_FACE ( 'NONE', ( #3099 ), #538, .F. ) ;
#571 = ORIENTED_EDGE ( 'NONE', *, *, #3102, .F. ) ;
#572 = DIRECTION ( 'NONE',  ( 0.000000000000000000, 0.000000000000000000, 1.000000000000000000 ) ) ;
#573 = EDGE_CURVE ( 'NONE', #2476, #2236, #453, .T. ) ;
#574 = ORIENTED_EDGE ( 'NONE', *, *, #1617, .F. ) ;
#575 = VERTEX_POINT ( 'NONE', #2575 ) ;
#576 = DIRECTION ( 'NONE',  ( 0.9396926207848889101, 0.3420201433284699166, -0.000000000000000000 ) ) ;
#577 = ORIENTED_EDGE ( 'NONE', *, *, #2601, .F. ) ;
#578 = CARTESIAN_POINT ( 'NONE',  ( 1511.118900597726906, 346.4067973437088312, 0.5000000000000000000 ) ) ;
#579 = VERTEX_POINT ( 'NONE', #2538 ) ;
#580 = DIRECTION ( 'NONE',  ( -0.000000000000000000, 0.000000000000000000, -1.000000000000000000 ) ) ;
#581 = LINE ( 'NONE', #1391, #776 ) ;
#582 = CARTESIAN_POINT ( 'NONE',  ( 1502.358319245226539, 349.8728227475090193, 0.5000000000000000000 ) ) ;
#583 = CIRCLE ( 'NONE', #466, 0.5000000000001669775 ) ;
#584 = ORIENTED_EDGE ( 'NONE', *, *, #1022, .F. ) ;
#585 = DIRECTION ( 'NONE',  ( 0.5000000000043951509, 0.8660254037819009598, 0.000000000000000000 ) ) ;
#586 = EDGE_CURVE ( 'NONE', #1655, #3217, #1798, .T. ) ;
#587 = EDGE_LOOP ( 'NONE', ( #88, #1027, #264, #2043 ) ) ;
#588 = PRODUCT_RELATED_PRODUCT_CATEGORY ( 'part', '', ( #243 ) ) ;
#589 = VERTEX_POINT ( 'NONE', #489 ) ;
#590 = EDGE_CURVE ( 'NONE', #1901, #1448, #1645, .T. ) ;
#591 = CARTESIAN_POINT ( 'NONE',  ( 1491.406346714926713, 359.5018126759086954, 0.000000000000000000 ) ) ;
#592 = AXIS2_PLACEMENT_3D ( 'NONE', #1902, #1653, #2920 ) ;
#593 = ORIENTED_EDGE ( 'NONE', *, *, #1741, .T. ) ;
#594 = EDGE_CURVE ( 'NONE', #996, #959, #1273, .T. ) ;
#595 = CARTESIAN_POINT ( 'NONE',  ( 1528.118900597726679, 351.7728227475088261, 0.5000000000000000000 ) ) ;
#596 = ORIENTED_EDGE ( 'NONE', *, *, #768, .T. ) ;
#597 = CARTESIAN_POINT ( 'NONE',  ( 1549.831454480526645, 359.5018126759086954, 0.5000000000000000000 ) ) ;
#598 = DIRECTION ( 'NONE',  ( 0.000000000000000000, 0.000000000000000000, 1.000000000000000000 ) ) ;
#599 = DIRECTION ( 'NONE',  ( 1.000000000000000000, 0.000000000000000000, 0.000000000000000000 ) ) ;
#600 = ORIENTED_EDGE ( 'NONE', *, *, #874, .T. ) ;
#601 = DIRECTION ( 'NONE',  ( -0.000000000000000000, -0.000000000000000000, -1.000000000000000000 ) ) ;
#602 = VERTEX_POINT ( 'NONE', #2356 ) ;
#603 = ORIENTED_EDGE ( 'NONE', *, *, #3151, .T. ) ;
#604 = AXIS2_PLACEMENT_3D ( 'NONE', #2301, #1037, #269 ) ;
#605 = CIRCLE ( 'NONE', #1628, 0.4999999999999449329 ) ;
#606 = FACE_OUTER_BOUND ( 'NONE', #3296, .T. ) ;
#607 = FACE_OUTER_BOUND ( 'NONE', #28, .T. ) ;
#608 = VECTOR ( 'NONE', #1299, 1000.000000000000000 ) ;
#609 = EDGE_LOOP ( 'NONE', ( #1148, #1849, #2947, #410 ) ) ;
#610 = EDGE_CURVE ( 'NONE', #1242, #2476, #1307, .T. ) ;
#611 = ORIENTED_EDGE ( 'NONE', *, *, #666, .T. ) ;
#612 = DIRECTION ( 'NONE',  ( 0.3420201433252931245, 0.9396926207860450964, 0.000000000000000000 ) ) ;
#613 = EDGE_CURVE ( 'NONE', #3278, #2670, #2284, .T. ) ;
#614 = LINE ( 'NONE', #2927, #1482 ) ;
#615 = DIRECTION ( 'NONE',  ( 0.000000000000000000, 0.000000000000000000, 1.000000000000000000 ) ) ;
#616 = AXIS2_PLACEMENT_3D ( 'NONE', #1486, #1453, #454 ) ;
#617 = CIRCLE ( 'NONE', #2652, 0.4999999999999449329 ) ;
#618 = ORIENTED_EDGE ( 'NONE', *, *, #1718, .F. ) ;
#619 = DIRECTION ( 'NONE',  ( -1.000000000000000000, 0.000000000000000000, 0.000000000000000000 ) ) ;
#620 = AXIS2_PLACEMENT_3D ( 'NONE', #788, #1814, #2603 ) ;
#621 = ORIENTED_EDGE ( 'NONE', *, *, #2063, .F. ) ;
#622 = ORIENTED_EDGE ( 'NONE', *, *, #1248, .T. ) ;
#623 = LINE ( 'NONE', #3232, #804 ) ;
#624 = PLANE ( 'NONE',  #497 ) ;
#625 = DIRECTION ( 'NONE',  ( -0.000000000000000000, -0.000000000000000000, -1.000000000000000000 ) ) ;
#626 = ORIENTED_EDGE ( 'NONE', *, *, #2208, .T. ) ;
#627 = EDGE_CURVE ( 'NONE', #2750, #1129, #2846, .T. ) ;
#628 = CYLINDRICAL_SURFACE ( 'NONE', #223, 0.4999999999999449329 ) ;
#629 = EDGE_CURVE ( 'NONE', #164, #1888, #1522, .T. ) ;
#630 = CARTESIAN_POINT ( 'NONE',  ( 1494.660975881326522, 344.1018126759089455, 0.5000000000000000000 ) ) ;
#631 = EDGE_CURVE ( 'NONE', #1349, #1615, #1362, .T. ) ;
#632 = CARTESIAN_POINT ( 'NONE',  ( 1489.562993581326737, 353.3728227475089625, 0.5000000000000000000 ) ) ;
#633 = ORIENTED_EDGE ( 'NONE', *, *, #75, .F. ) ;
#634 = AXIS2_PLACEMENT_3D ( 'NONE', #3223, #2222, #3032 ) ;
#635 = CARTESIAN_POINT ( 'NONE',  ( 1546.576825314126609, 368.4438328192086942, 0.000000000000000000 ) ) ;
#636 = VERTEX_POINT ( 'NONE', #782 ) ;
#637 = AXIS2_PLACEMENT_3D ( 'NONE', #1698, #2932, #2179 ) ;
#638 = EDGE_LOOP ( 'NONE', ( #85, #577, #1689, #3105 ) ) ;
#639 = CARTESIAN_POINT ( 'NONE',  ( 1484.886456400926591, 346.2728227475088261, 0.5000000000000000000 ) ) ;
#640 = ORIENTED_EDGE ( 'NONE', *, *, #2378, .T. ) ;
#641 = ORIENTED_EDGE ( 'NONE', *, *, #2325, .F. ) ;
#642 = CYLINDRICAL_SURFACE ( 'NONE', #1207, 0.4999999999999449329 ) ;
#643 = ORIENTED_EDGE ( 'NONE', *, *, #2435, .T. ) ;
#644 = DIRECTION ( 'NONE',  ( -0.000000000000000000, -0.000000000000000000, -1.000000000000000000 ) ) ;
#645 = STYLED_ITEM ( 'NONE', ( #1082 ), #1477 ) ;
#646 = DIRECTION ( 'NONE',  ( -0.000000000000000000, -0.000000000000000000, -1.000000000000000000 ) ) ;
#647 = AXIS2_PLACEMENT_3D ( 'NONE', #2632, #2363, #536 ) ;
#648 = LINE ( 'NONE', #1173, #852 ) ;
#649 = EDGE_LOOP ( 'NONE', ( #2939, #147, #1760, #936 ) ) ;
#650 = LINE ( 'NONE', #2948, #468 ) ;
#651 = EDGE_CURVE ( 'NONE', #2312, #1908, #2807, .T. ) ;
#652 = ORIENTED_EDGE ( 'NONE', *, *, #1026, .T. ) ;
#653 = ORIENTED_EDGE ( 'NONE', *, *, #1580, .F. ) ;
#654 = FACE_OUTER_BOUND ( 'NONE', #1797, .T. ) ;
#655 = VERTEX_POINT ( 'NONE', #2087 ) ;
#656 = EDGE_LOOP ( 'NONE', ( #3236, #2062, #1182, #1032 ) ) ;
#657 = ORIENTED_EDGE ( 'NONE', *, *, #2998, .F. ) ;
#658 = AXIS2_PLACEMENT_3D ( 'NONE', #1476, #1752, #2024 ) ;
#659 = CARTESIAN_POINT ( 'NONE',  ( 1484.886456400934094, 365.7728227475089398, 0.5000000000000000000 ) ) ;
#660 = CIRCLE ( 'NONE', #2529, 2.000000000000001776 ) ;
#661 = CARTESIAN_POINT ( 'NONE',  ( 1546.106979003726565, 368.7728227475088261, 0.5000000000000000000 ) ) ;
#662 = DIRECTION ( 'NONE',  ( 1.000000000000000000, 0.000000000000000000, 0.000000000000000000 ) ) ;
#663 = LINE ( 'NONE', #409, #3006 ) ;
#664 = ORIENTED_EDGE ( 'NONE', *, *, #1718, .T. ) ;
#665 = LINE ( 'NONE', #411, #2080 ) ;
#666 = EDGE_CURVE ( 'NONE', #1612, #3212, #66, .T. ) ;
#667 = ADVANCED_FACE ( 'NONE', ( #1788 ), #1346, .T. ) ;
#668 = AXIS2_PLACEMENT_3D ( 'NONE', #562, #1803, #2821 ) ;
#669 = VERTEX_POINT ( 'NONE', #2558 ) ;
#670 = ADVANCED_FACE ( 'NONE', ( #2339 ), #1289, .F. ) ;
#671 = EDGE_CURVE ( 'NONE', #2099, #789, #435, .T. ) ;
#672 = DIRECTION ( 'NONE',  ( -0.3420201433284305592, 0.9396926207849032320, 0.000000000000000000 ) ) ;
#673 = ORIENTED_EDGE ( 'NONE', *, *, #2999, .T. ) ;
#674 = ORIENTED_EDGE ( 'NONE', *, *, #272, .T. ) ;
#675 = CARTESIAN_POINT ( 'NONE',  ( 1489.562993581318779, 359.6728227475088602, 0.5000000000000000000 ) ) ;
#676 = CARTESIAN_POINT ( 'NONE',  ( 1556.351344794518809, 365.7728227475088261, 0.5000000000000000000 ) ) ;
#677 = DIRECTION ( 'NONE',  ( -0.000000000000000000, -0.000000000000000000, -1.000000000000000000 ) ) ;
#678 = CARTESIAN_POINT ( 'NONE',  ( 1507.943474117134201, 341.7728227475088829, 0.000000000000000000 ) ) ;
#679 = CARTESIAN_POINT ( 'NONE',  ( 1533.294327078218885, 341.7728227475089398, 0.000000000000000000 ) ) ;
#680 = ORIENTED_EDGE ( 'NONE', *, *, #1264, .F. ) ;
#681 = LINE ( 'NONE', #1223, #1759 ) ;
#682 = VERTEX_POINT ( 'NONE', #1558 ) ;
#683 = EDGE_CURVE ( 'NONE', #2421, #137, #23, .T. ) ;
#684 = CARTESIAN_POINT ( 'NONE',  ( 1538.409635639826774, 363.0018126759086954, 0.000000000000000000 ) ) ;
#685 = CIRCLE ( 'NONE', #99, 0.5000000000001669775 ) ;
#686 = ORIENTED_EDGE ( 'NONE', *, *, #1964, .F. ) ;
#687 = ADVANCED_FACE ( 'NONE', ( #1770 ), #2610, .F. ) ;
#688 = ORIENTED_EDGE ( 'NONE', *, *, #939, .F. ) ;
#689 = DIRECTION ( 'NONE',  ( -0.5000000000047607474, -0.8660254037816901285, 0.000000000000000000 ) ) ;
#690 = EDGE_CURVE ( 'NONE', #1498, #575, #792, .T. ) ;
#691 = CARTESIAN_POINT ( 'NONE',  ( 1506.188670798105932, 370.7728227475090534, 0.5000000000000000000 ) ) ;
#692 = CIRCLE ( 'NONE', #2678, 0.4999999999999449329 ) ;
#693 = CARTESIAN_POINT ( 'NONE',  ( 1540.686001475326520, 362.9228227475086896, 0.5000000000000000000 ) ) ;
#694 = DIRECTION ( 'NONE',  ( 1.000000000000000000, 0.000000000000000000, 0.000000000000000000 ) ) ;
#695 = AXIS2_PLACEMENT_3D ( 'NONE', #3134, #2581, #841 ) ;
#696 = DIRECTION ( 'NONE',  ( -0.000000000000000000, -0.000000000000000000, -1.000000000000000000 ) ) ;
#697 = CARTESIAN_POINT ( 'NONE',  ( 1544.352175684626900, 343.7728227475088261, 0.000000000000000000 ) ) ;
#698 = DIRECTION ( 'NONE',  ( -0.000000000000000000, -0.000000000000000000, -1.000000000000000000 ) ) ;
#699 = ORIENTED_EDGE ( 'NONE', *, *, #2929, .F. ) ;
#700 = CARTESIAN_POINT ( 'NONE',  ( 1506.188670798126623, 371.2728227475089966, 0.5000000000000000000 ) ) ;
#701 = CARTESIAN_POINT ( 'NONE',  ( 1543.919162982726448, 368.5228227475088829, 0.000000000000000000 ) ) ;
#702 = ORIENTED_EDGE ( 'NONE', *, *, #167, .F. ) ;
#703 = ORIENTED_EDGE ( 'NONE', *, *, #1801, .F. ) ;
#704 = DIRECTION ( 'NONE',  ( 1.000000000000000000, 0.000000000000000000, 0.000000000000000000 ) ) ;
#705 = VECTOR ( 'NONE', #743, 1000.000000000000000 ) ;
#706 = CYLINDRICAL_SURFACE ( 'NONE', #1906, 0.5000000000001669775 ) ;
#707 = EDGE_CURVE ( 'NONE', #2648, #3156, #1225, .T. ) ;
#708 = VECTOR ( 'NONE', #3125, 1000.000000000000000 ) ;
#709 = EDGE_CURVE ( 'NONE', #2173, #428, #2340, .T. ) ;
#710 = CARTESIAN_POINT ( 'NONE',  ( 1556.351344794518809, 365.7728227475088261, 0.5000000000000000000 ) ) ;
#711 = DIRECTION ( 'NONE',  ( -0.3420201433284437154, -0.9396926207848982360, 0.000000000000000000 ) ) ;
#712 = CARTESIAN_POINT ( 'NONE',  ( 1546.576825314126609, 368.4438328192086942, 0.5000000000000000000 ) ) ;
#713 = LINE ( 'NONE', #3309, #2528 ) ;
#714 = DIRECTION ( 'NONE',  ( -0.4999999999952401963, 0.8660254037871867316, 0.000000000000000000 ) ) ;
#715 = ORIENTED_EDGE ( 'NONE', *, *, #421, .T. ) ;
#716 = CARTESIAN_POINT ( 'NONE',  ( 1528.118900597726679, 353.7728227475088261, 0.000000000000000000 ) ) ;
#717 = CIRCLE ( 'NONE', #2172, 2.000000000000001776 ) ;
#718 = VERTEX_POINT ( 'NONE', #257 ) ;
#719 = ORIENTED_EDGE ( 'NONE', *, *, #2468, .T. ) ;
#720 = DIRECTION ( 'NONE',  ( -0.000000000000000000, -0.000000000000000000, -1.000000000000000000 ) ) ;
#721 = LINE ( 'NONE', #947, #2486 ) ;
#722 = EDGE_CURVE ( 'NONE', #945, #1138, #2322, .T. ) ;
#723 = DIRECTION ( 'NONE',  ( -0.3420201433252698653, -0.9396926207860535341, 0.000000000000000000 ) ) ;
#724 = CARTESIAN_POINT ( 'NONE',  ( 1489.562993581326737, 353.3728227475089625, 0.5000000000000000000 ) ) ;
#725 = EDGE_CURVE ( 'NONE', #2523, #3266, #1842, .T. ) ;
#726 = DIRECTION ( 'NONE',  ( -1.000000000000000000, 0.000000000000000000, 0.000000000000000000 ) ) ;
#727 = CARTESIAN_POINT ( 'NONE',  ( 1508.376486819026695, 341.5228227475088261, 0.5000000000000000000 ) ) ;
#728 = LINE ( 'NONE', #1743, #2403 ) ;
#729 = ORIENTED_EDGE ( 'NONE', *, *, #1801, .T. ) ;
#730 = FACE_OUTER_BOUND ( 'NONE', #500, .T. ) ;
#731 = VERTEX_POINT ( 'NONE', #292 ) ;
#732 = ORIENTED_EDGE ( 'NONE', *, *, #2246, .F. ) ;
#733 = VECTOR ( 'NONE', #1563, 1000.000000000000000 ) ;
#734 = LINE ( 'NONE', #2278, #1254 ) ;
#735 = ORIENTED_EDGE ( 'NONE', *, *, #842, .F. ) ;
#736 = VECTOR ( 'NONE', #160, 1000.000000000000000 ) ;
#737 = CARTESIAN_POINT ( 'NONE',  ( 1558.962669659926860, 346.7728227475088261, 0.000000000000000000 ) ) ;
#738 = ORIENTED_EDGE ( 'NONE', *, *, #1436, .T. ) ;
#739 = DIRECTION ( 'NONE',  ( 1.000000000000000000, 0.000000000000000000, 0.000000000000000000 ) ) ;
#740 = CARTESIAN_POINT ( 'NONE',  ( 1533.294327078218885, 341.7728227475089398, 0.5000000000000000000 ) ) ;
#741 = DIRECTION ( 'NONE',  ( 0.000000000000000000, 0.000000000000000000, 1.000000000000000000 ) ) ;
#742 = DIRECTION ( 'NONE',  ( 0.000000000000000000, 0.000000000000000000, 1.000000000000000000 ) ) ;
#743 = DIRECTION ( 'NONE',  ( 1.000000000000000000, 0.000000000000000000, 0.000000000000000000 ) ) ;
#744 = CARTESIAN_POINT ( 'NONE',  ( 1513.118900597726906, 358.7728227475089398, 0.5000000000000000000 ) ) ;
#745 = DIRECTION ( 'NONE',  ( 0.5000000000092499342, -0.8660254037790982018, 0.000000000000000000 ) ) ;
#746 = VECTOR ( 'NONE', #2304, 1000.000000000000000 ) ;
#747 = ORIENTED_EDGE ( 'NONE', *, *, #858, .T. ) ;
#748 = CYLINDRICAL_SURFACE ( 'NONE', #2731, 0.4999999999999449329 ) ;
#749 = EDGE_CURVE ( 'NONE', #2750, #3266, #399, .T. ) ;
#750 = VERTEX_POINT ( 'NONE', #783 ) ;
#751 = CARTESIAN_POINT ( 'NONE',  ( 1497.318638212626638, 344.0228227475088261, 0.5000000000000000000 ) ) ;
#752 = ORIENTED_EDGE ( 'NONE', *, *, #3193, .T. ) ;
#753 = CARTESIAN_POINT ( 'NONE',  ( 1511.118900597726906, 351.7728227475088261, 0.5000000000000000000 ) ) ;
#754 = ORIENTED_EDGE ( 'NONE', *, *, #1513, .T. ) ;
#755 = CARTESIAN_POINT ( 'NONE',  ( 1558.962669659926632, 366.2728227475088261, 0.5000000000000000000 ) ) ;
#756 = DIRECTION ( 'NONE',  ( -1.000000000000000000, 0.000000000000000000, 0.000000000000000000 ) ) ;
#757 = CARTESIAN_POINT ( 'NONE',  ( 1513.118900597726906, 353.7728227475088261, 0.5000000000000000000 ) ) ;
#758 = DIRECTION ( 'NONE',  ( 0.000000000000000000, 0.000000000000000000, 1.000000000000000000 ) ) ;
#759 = DIRECTION ( 'NONE',  ( 1.000000000000000000, 0.000000000000000000, 0.000000000000000000 ) ) ;
#760 = VECTOR ( 'NONE', #1738, 1000.000000000000000 ) ;
#761 = DIRECTION ( 'NONE',  ( 0.000000000000000000, 0.000000000000000000, 1.000000000000000000 ) ) ;
#762 = VECTOR ( 'NONE', #509, 1000.000000000000000 ) ;
#763 = DIRECTION ( 'NONE',  ( 0.000000000000000000, 0.000000000000000000, 1.000000000000000000 ) ) ;
#764 = CIRCLE ( 'NONE', #74, 0.4999999999999449329 ) ;
#765 = EDGE_LOOP ( 'NONE', ( #2997, #1744, #2837, #2547 ) ) ;
#766 = ADVANCED_FACE ( 'NONE', ( #2808 ), #25, .F. ) ;
#767 = CARTESIAN_POINT ( 'NONE',  ( 1495.130822191726566, 368.7728227475088261, 0.000000000000000000 ) ) ;
#768 = EDGE_CURVE ( 'NONE', #2933, #2416, #512, .T. ) ;
#769 = EDGE_LOOP ( 'NONE', ( #1424, #1512, #3152, #3030 ) ) ;
#770 = EDGE_CURVE ( 'NONE', #2897, #3014, #1577, .T. ) ;
#771 = ORIENTED_EDGE ( 'NONE', *, *, #2468, .F. ) ;
#772 = EDGE_CURVE ( 'NONE', #2476, #137, #1329, .T. ) ;
#773 = CARTESIAN_POINT ( 'NONE',  ( 1491.406346714926713, 353.0438328192087738, 0.000000000000000000 ) ) ;
#774 = ORIENTED_EDGE ( 'NONE', *, *, #3174, .F. ) ;
#775 = DIRECTION ( 'NONE',  ( -1.000000000000000000, 0.000000000000000000, 0.000000000000000000 ) ) ;
#776 = VECTOR ( 'NONE', #142, 1000.000000000000000 ) ;
#777 = ORIENTED_EDGE ( 'NONE', *, *, #2169, .T. ) ;
#778 = LINE ( 'NONE', #2133, #1401 ) ;
#779 = VECTOR ( 'NONE', #548, 1000.000000000000000 ) ;
#780 = FACE_OUTER_BOUND ( 'NONE', #2705, .T. ) ;
#781 = CARTESIAN_POINT ( 'NONE',  ( 1544.352175684618715, 344.2728227475088829, 0.5000000000000000000 ) ) ;
#782 = CARTESIAN_POINT ( 'NONE',  ( 1484.886456400926591, 346.2728227475088261, 0.000000000000000000 ) ) ;
#783 = CARTESIAN_POINT ( 'NONE',  ( 1490.936500404526669, 353.3728227475089056, 0.5000000000000000000 ) ) ;
#784 = DIRECTION ( 'NONE',  ( 1.000000000000000000, 0.000000000000000000, 0.000000000000000000 ) ) ;
#785 = ORIENTED_EDGE ( 'NONE', *, *, #1378, .T. ) ;
#786 = LINE ( 'NONE', #1812, #1880 ) ;
#787 = ORIENTED_EDGE ( 'NONE', *, *, #1889, .F. ) ;
#788 = CARTESIAN_POINT ( 'NONE',  ( 1500.984812422018877, 363.1728227475088033, 0.5000000000000000000 ) ) ;
#789 = VERTEX_POINT ( 'NONE', #1060 ) ;
#790 = EDGE_CURVE ( 'NONE', #2388, #485, #854, .T. ) ;
#791 = DIRECTION ( 'NONE',  ( 0.000000000000000000, 0.000000000000000000, 1.000000000000000000 ) ) ;
#792 = CIRCLE ( 'NONE', #2666, 0.4999999999999449329 ) ;
#793 = ORIENTED_EDGE ( 'NONE', *, *, #2306, .F. ) ;
#794 = CARTESIAN_POINT ( 'NONE',  ( 1513.118900597726906, 351.7728227475088261, 0.5000000000000000000 ) ) ;
#795 = CIRCLE ( 'NONE', #1757, 0.5000000000001669775 ) ;
#796 = ORIENTED_EDGE ( 'NONE', *, *, #1454, .F. ) ;
#797 = DIRECTION ( 'NONE',  ( 0.000000000000000000, 0.000000000000000000, 1.000000000000000000 ) ) ;
#798 = CYLINDRICAL_SURFACE ( 'NONE', #553, 0.4999999999999449329 ) ;
#799 = ADVANCED_FACE ( 'NONE', ( #567 ), #271, .F. ) ;
#800 = AXIS2_PLACEMENT_3D ( 'NONE', #970, #1962, #2025 ) ;
#801 = CARTESIAN_POINT ( 'NONE',  ( 1500.984812422026607, 349.8728227475089625, 0.5000000000000000000 ) ) ;
#802 = CARTESIAN_POINT ( 'NONE',  ( 1546.106979003726337, 343.7728227475091103, 0.5000000000000000000 ) ) ;
#803 = CARTESIAN_POINT ( 'NONE',  ( 1511.118900597726906, 366.1388481513088209, 0.5000000000000000000 ) ) ;
#804 = VECTOR ( 'NONE', #148, 1000.000000000000000 ) ;
#805 = FACE_OUTER_BOUND ( 'NONE', #2899, .T. ) ;
#806 = EDGE_LOOP ( 'NONE', ( #3203, #3069, #2364, #2259 ) ) ;
#807 = CARTESIAN_POINT ( 'NONE',  ( 1551.674807614034535, 359.6728227475087465, 0.5000000000000000000 ) ) ;
#808 = ORIENTED_EDGE ( 'NONE', *, *, #377, .F. ) ;
#809 = VECTOR ( 'NONE', #855, 1000.000000000000000 ) ;
#810 = DIRECTION ( 'NONE',  ( -0.000000000000000000, -0.000000000000000000, -1.000000000000000000 ) ) ;
#811 = ORIENTED_EDGE ( 'NONE', *, *, #709, .T. ) ;
#812 = DIRECTION ( 'NONE',  ( 0.000000000000000000, 0.000000000000000000, 1.000000000000000000 ) ) ;
#813 = VERTEX_POINT ( 'NONE', #1596 ) ;
#814 = CARTESIAN_POINT ( 'NONE',  ( 1556.351344794526540, 366.2728227475087692, 0.5000000000000000000 ) ) ;
#815 = DIRECTION ( 'NONE',  ( 0.000000000000000000, 0.000000000000000000, 1.000000000000000000 ) ) ;
#816 = DIRECTION ( 'NONE',  ( 0.000000000000000000, 0.000000000000000000, 1.000000000000000000 ) ) ;
#817 = EDGE_CURVE ( 'NONE', #1883, #3057, #1039, .T. ) ;
#818 = CARTESIAN_POINT ( 'NONE',  ( 1546.576825314126609, 368.4438328192086942, 0.000000000000000000 ) ) ;
#819 = EDGE_CURVE ( 'NONE', #1930, #1197, #306, .T. ) ;
#820 = CARTESIAN_POINT ( 'NONE',  ( 1544.352175684618715, 344.2728227475088829, 0.000000000000000000 ) ) ;
#821 = AXIS2_PLACEMENT_3D ( 'NONE', #2557, #1288, #2070 ) ;
#822 = VERTEX_POINT ( 'NONE', #1543 ) ;
#823 = CIRCLE ( 'NONE', #2426, 0.4999999999999449329 ) ;
#824 = CARTESIAN_POINT ( 'NONE',  ( 1540.252988773434254, 363.1728227475087465, 0.5000000000000000000 ) ) ;
#825 = AXIS2_PLACEMENT_3D ( 'NONE', #76, #126, #1390 ) ;
#826 = ORIENTED_EDGE ( 'NONE', *, *, #3248, .F. ) ;
#827 = ORIENTED_EDGE ( 'NONE', *, *, #1559, .F. ) ;
#828 = ORIENTED_EDGE ( 'NONE', *, *, #1864, .T. ) ;
#829 = DIRECTION ( 'NONE',  ( 1.000000000000000000, 0.000000000000000000, 0.000000000000000000 ) ) ;
#830 = ORIENTED_EDGE ( 'NONE', *, *, #2394, .T. ) ;
#831 = CARTESIAN_POINT ( 'NONE',  ( 1495.130822191742482, 344.2728227475087692, 0.5000000000000000000 ) ) ;
#832 = AXIS2_PLACEMENT_3D ( 'NONE', #3075, #2106, #1291 ) ;
#833 = PLANE ( 'NONE',  #1379 ) ;
#834 = VECTOR ( 'NONE', #2155, 1000.000000000000000 ) ;
#835 = DIRECTION ( 'NONE',  ( 0.000000000000000000, 0.000000000000000000, 1.000000000000000000 ) ) ;
#836 = DIRECTION ( 'NONE',  ( -0.000000000000000000, -0.000000000000000000, -1.000000000000000000 ) ) ;
#837 = ADVANCED_FACE ( 'NONE', ( #3053 ), #2072, .F. ) ;
#838 = CARTESIAN_POINT ( 'NONE',  ( 1506.188670798126623, 371.2728227475090534, 0.5000000000000000000 ) ) ;
#839 = EDGE_CURVE ( 'NONE', #2687, #542, #2640, .T. ) ;
#840 = VERTEX_POINT ( 'NONE', #1860 ) ;
#841 = DIRECTION ( 'NONE',  ( 0.000000000000000000, -0.000000000000000000, 1.000000000000000000 ) ) ;
#842 = EDGE_CURVE ( 'NONE', #1194, #1105, #2213, .T. ) ;
#843 = ORIENTED_EDGE ( 'NONE', *, *, #1265, .T. ) ;
#844 = ORIENTED_EDGE ( 'NONE', *, *, #274, .T. ) ;
#845 = LINE ( 'NONE', #1886, #2514 ) ;
#846 = ORIENTED_EDGE ( 'NONE', *, *, #1540, .T. ) ;
#847 = ORIENTED_EDGE ( 'NONE', *, *, #978, .T. ) ;
#848 = EDGE_LOOP ( 'NONE', ( #1492, #2949, #1332, #1183 ) ) ;
#849 = DIRECTION ( 'NONE',  ( -0.8660254037816829120, -0.5000000000047731818, 0.000000000000000000 ) ) ;
#850 = DIRECTION ( 'NONE',  ( -0.000000000000000000, -0.000000000000000000, -1.000000000000000000 ) ) ;
#851 = CARTESIAN_POINT ( 'NONE',  ( 1546.106979003747028, 368.2728227475085987, 0.5000000000000000000 ) ) ;
#852 = VECTOR ( 'NONE', #1124, 1000.000000000000000 ) ;
#853 = ORIENTED_EDGE ( 'NONE', *, *, #3022, .F. ) ;
#854 = CIRCLE ( 'NONE', #1396, 0.4999999999999449329 ) ;
#855 = DIRECTION ( 'NONE',  ( -0.000000000000000000, -0.000000000000000000, -1.000000000000000000 ) ) ;
#856 = VERTEX_POINT ( 'NONE', #3308 ) ;
#857 = ORIENTED_EDGE ( 'NONE', *, *, #521, .T. ) ;
#858 = EDGE_CURVE ( 'NONE', #92, #3315, #1097, .T. ) ;
#859 = VECTOR ( 'NONE', #1805, 1000.000000000000000 ) ;
#860 = DIRECTION ( 'NONE',  ( -1.000000000000000000, 0.000000000000000000, 0.000000000000000000 ) ) ;
#861 = FACE_OUTER_BOUND ( 'NONE', #2734, .T. ) ;
#862 = ORIENTED_EDGE ( 'NONE', *, *, #75, .T. ) ;
#863 = LINE ( 'NONE', #1440, #1793 ) ;
#864 = ORIENTED_EDGE ( 'NONE', *, *, #1882, .T. ) ;
#865 = DIRECTION ( 'NONE',  ( 0.000000000000000000, 0.000000000000000000, 1.000000000000000000 ) ) ;
#866 = DIRECTION ( 'NONE',  ( 1.000000000000000000, 0.000000000000000000, 0.000000000000000000 ) ) ;
#867 = CARTESIAN_POINT ( 'NONE',  ( 1530.185887895826454, 346.1567973437088312, 0.000000000000000000 ) ) ;
#868 = PRODUCT_DEFINITION_SHAPE ( 'NONE', 'NONE',  #118 ) ;
#869 = EDGE_LOOP ( 'NONE', ( #2976, #1792, #1497, #907 ) ) ;
#870 = CARTESIAN_POINT ( 'NONE',  ( 1507.943474117126698, 341.2728227475087692, 0.5000000000000000000 ) ) ;
#871 = VECTOR ( 'NONE', #2270, 1000.000000000000114 ) ;
#872 = ORIENTED_EDGE ( 'NONE', *, *, #2125, .F. ) ;
#873 = ORIENTED_EDGE ( 'NONE', *, *, #2164, .F. ) ;
#874 = EDGE_CURVE ( 'NONE', #2163, #3278, #3146, .T. ) ;
#875 = AXIS2_PLACEMENT_3D ( 'NONE', #1521, #741, #1824 ) ;
#876 = VECTOR ( 'NONE', #1594, 1000.000000000000114 ) ;
#877 = EDGE_CURVE ( 'NONE', #1891, #1908, #3196, .T. ) ;
#878 = DIRECTION ( 'NONE',  ( 0.000000000000000000, 0.000000000000000000, 1.000000000000000000 ) ) ;
#879 = SHAPE_DEFINITION_REPRESENTATION ( #868, #3233 ) ;
#880 = ADVANCED_FACE ( 'NONE', ( #360 ), #1381, .F. ) ;
#881 = ORIENTED_EDGE ( 'NONE', *, *, #2325, .T. ) ;
#882 = DIRECTION ( 'NONE',  ( -0.000000000000000000, -0.000000000000000000, -1.000000000000000000 ) ) ;
#883 = VERTEX_POINT ( 'NONE', #2975 ) ;
#884 = CARTESIAN_POINT ( 'NONE',  ( 1511.118900597726906, 351.7728227475088261, 0.000000000000000000 ) ) ;
#885 = DIRECTION ( 'NONE',  ( -1.000000000000000000, 0.000000000000000000, 0.000000000000000000 ) ) ;
#886 = DIRECTION ( 'NONE',  ( 1.000000000000000000, 0.000000000000000000, 0.000000000000000000 ) ) ;
#887 = AXIS2_PLACEMENT_3D ( 'NONE', #2956, #1722, #407 ) ;
#888 = ORIENTED_EDGE ( 'NONE', *, *, #2847, .F. ) ;
#889 = CARTESIAN_POINT ( 'NONE',  ( 1485.319469102826588, 346.5228227475090534, 0.000000000000000000 ) ) ;
#890 = AXIS2_PLACEMENT_3D ( 'NONE', #270, #742, #1576 ) ;
#891 = ORIENTED_EDGE ( 'NONE', *, *, #590, .T. ) ;
#892 = ORIENTED_EDGE ( 'NONE', *, *, #1540, .F. ) ;
#893 = DIRECTION ( 'NONE',  ( -0.000000000000000000, -0.000000000000000000, -1.000000000000000000 ) ) ;
#894 = VERTEX_POINT ( 'NONE', #3036 ) ;
#895 = ORIENTED_EDGE ( 'NONE', *, *, #2511, .F. ) ;
#896 = CARTESIAN_POINT ( 'NONE',  ( 1491.406346714926713, 353.0438328192087738, 0.5000000000000000000 ) ) ;
#897 = ORIENTED_EDGE ( 'NONE', *, *, #2004, .F. ) ;
#898 = CARTESIAN_POINT ( 'NONE',  ( 1535.049130397326508, 341.2728227475091103, 0.000000000000000000 ) ) ;
#899 = DIRECTION ( 'NONE',  ( -0.000000000000000000, -0.000000000000000000, -1.000000000000000000 ) ) ;
#900 = EDGE_CURVE ( 'NONE', #296, #3216, #3005, .T. ) ;
#901 = DIRECTION ( 'NONE',  ( 0.000000000000000000, -0.000000000000000000, -1.000000000000000000 ) ) ;
#902 = ORIENTED_EDGE ( 'NONE', *, *, #2470, .F. ) ;
#903 = AXIS2_PLACEMENT_3D ( 'NONE', #2943, #1627, #2958 ) ;
#904 = CARTESIAN_POINT ( 'NONE',  ( 1502.828165555626583, 349.5438328192087738, 0.5000000000000000000 ) ) ;
#905 = EDGE_LOOP ( 'NONE', ( #2480, #1400, #2580, #2235 ) ) ;
#906 = AXIS2_PLACEMENT_3D ( 'NONE', #1915, #1397, #2963 ) ;
#907 = ORIENTED_EDGE ( 'NONE', *, *, #3286, .T. ) ;
#908 = CARTESIAN_POINT ( 'NONE',  ( 1513.118900597726679, 360.7728227475088261, 0.000000000000000000 ) ) ;
#909 = EDGE_LOOP ( 'NONE', ( #298, #2937, #3096, #862 ) ) ;
#910 = ORIENTED_EDGE ( 'NONE', *, *, #299, .F. ) ;
#911 = ORIENTED_EDGE ( 'NONE', *, *, #2755, .T. ) ;
#912 = DIRECTION ( 'NONE',  ( -0.000000000000000000, -0.000000000000000000, -1.000000000000000000 ) ) ;
#913 = AXIS2_PLACEMENT_3D ( 'NONE', #2703, #2685, #2417 ) ;
#914 = EDGE_CURVE ( 'NONE', #2664, #2132, #1255, .T. ) ;
#915 = LINE ( 'NONE', #3163, #2983 ) ;
#916 = DIRECTION ( 'NONE',  ( -0.000000000000000000, -0.000000000000000000, -1.000000000000000000 ) ) ;
#917 = EDGE_CURVE ( 'NONE', #883, #1699, #3226, .T. ) ;
#918 = EDGE_CURVE ( 'NONE', #3164, #1313, #2209, .T. ) ;
#919 = ORIENTED_EDGE ( 'NONE', *, *, #2378, .F. ) ;
#920 = CYLINDRICAL_SURFACE ( 'NONE', #2192, 0.5000000000001669775 ) ;
#921 = ORIENTED_EDGE ( 'NONE', *, *, #2660, .F. ) ;
#922 = DIRECTION ( 'NONE',  ( -0.4999999999928060324, 0.8660254037885921630, 0.000000000000000000 ) ) ;
#923 = EDGE_LOOP ( 'NONE', ( #3024, #3243, #1701, #2134 ) ) ;
#924 = ORIENTED_EDGE ( 'NONE', *, *, #613, .T. ) ;
#925 = VECTOR ( 'NONE', #1542, 1000.000000000000000 ) ;
#926 = VECTOR ( 'NONE', #2503, 1000.000000000000000 ) ;
#927 = AXIS2_PLACEMENT_3D ( 'NONE', #2006, #3018, #1768 ) ;
#928 = DIRECTION ( 'NONE',  ( -1.265353230805084421E-13, -1.000000000000000000, 0.000000000000000000 ) ) ;
#929 = VECTOR ( 'NONE', #1719, 1000.000000000000000 ) ;
#930 = FACE_OUTER_BOUND ( 'NONE', #1335, .T. ) ;
#931 = AXIS2_PLACEMENT_3D ( 'NONE', #352, #2167, #2875 ) ;
#932 = CARTESIAN_POINT ( 'NONE',  ( 1495.130822191726566, 368.7728227475088261, 0.5000000000000000000 ) ) ;
#933 = CARTESIAN_POINT ( 'NONE',  ( 1544.352175684626900, 343.7728227475088261, 0.5000000000000000000 ) ) ;
#934 = CARTESIAN_POINT ( 'NONE',  ( 1485.319469102826588, 346.5228227475090534, 0.5000000000000000000 ) ) ;
#935 = EDGE_CURVE ( 'NONE', #2840, #2173, #427, .T. ) ;
#936 = ORIENTED_EDGE ( 'NONE', *, *, #2656, .T. ) ;
#937 = AXIS2_PLACEMENT_3D ( 'NONE', #1705, #3002, #2709 ) ;
#938 = CARTESIAN_POINT ( 'NONE',  ( 1513.118900597726906, 353.7728227475088261, 0.000000000000000000 ) ) ;
#939 = EDGE_CURVE ( 'NONE', #3217, #682, #2491, .T. ) ;
#940 = VECTOR ( 'NONE', #885, 1000.000000000000000 ) ;
#941 = ORIENTED_EDGE ( 'NONE', *, *, #3230, .F. ) ;
#942 = CARTESIAN_POINT ( 'NONE',  ( 1506.188670798142311, 341.7728227475087692, 0.5000000000000000000 ) ) ;
#943 = EDGE_CURVE ( 'NONE', #840, #1298, #1781, .T. ) ;
#944 = EDGE_LOOP ( 'NONE', ( #2835, #1920, #3087, #1589 ) ) ;
#945 = VERTEX_POINT ( 'NONE', #490 ) ;
#946 = DIRECTION ( 'NONE',  ( 1.000000000000000000, 0.000000000000000000, 0.000000000000000000 ) ) ;
#947 = CARTESIAN_POINT ( 'NONE',  ( 1532.861314376326618, 371.0228227475088261, 0.000000000000000000 ) ) ;
#948 = CARTESIAN_POINT ( 'NONE',  ( 1532.861314376326618, 341.5228227475088261, 0.5000000000000000000 ) ) ;
#949 = DIRECTION ( 'NONE',  ( -1.000000000000000000, 0.000000000000000000, 0.000000000000000000 ) ) ;
#950 = CARTESIAN_POINT ( 'NONE',  ( 1502.358319245226539, 362.6728227475086896, 0.5000000000000000000 ) ) ;
#951 = DIRECTION ( 'NONE',  ( -0.8660254037791008663, 0.5000000000092454933, 0.000000000000000000 ) ) ;
#952 = CARTESIAN_POINT ( 'NONE',  ( 1497.318638212626638, 368.5228227475088829, 0.000000000000000000 ) ) ;
#953 = ORIENTED_EDGE ( 'NONE', *, *, #502, .T. ) ;
#954 = AXIS2_PLACEMENT_3D ( 'NONE', #3209, #2392, #376 ) ;
#955 = DIRECTION ( 'NONE',  ( 0.000000000000000000, 0.000000000000000000, 1.000000000000000000 ) ) ;
#956 = CIRCLE ( 'NONE', #1079, 0.5000000000001669775 ) ;
#957 = ORIENTED_EDGE ( 'NONE', *, *, #1735, .F. ) ;
#958 = EDGE_CURVE ( 'NONE', #636, #2954, #67, .T. ) ;
#959 = VERTEX_POINT ( 'NONE', #1204 ) ;
#960 = EDGE_CURVE ( 'NONE', #3278, #856, #277, .T. ) ;
#961 = CARTESIAN_POINT ( 'NONE',  ( 1511.051913299626449, 346.1567973437088312, 0.000000000000000000 ) ) ;
#962 = DIRECTION ( 'NONE',  ( -0.000000000000000000, -0.000000000000000000, -1.000000000000000000 ) ) ;
#963 = AXIS2_PLACEMENT_3D ( 'NONE', #2399, #893, #2935 ) ;
#964 = PLANE ( 'NONE',  #2214 ) ;
#965 = CARTESIAN_POINT ( 'NONE',  ( 1497.318638212626638, 368.5228227475088829, 0.5000000000000000000 ) ) ;
#966 = DIRECTION ( 'NONE',  ( 0.000000000000000000, -1.000000000000000000, 0.000000000000000000 ) ) ;
#967 = CIRCLE ( 'NONE', #2994, 0.5000000000001669775 ) ;
#968 = FACE_OUTER_BOUND ( 'NONE', #1879, .T. ) ;
#969 = DIRECTION ( 'NONE',  ( -1.000000000000000000, 0.000000000000000000, 0.000000000000000000 ) ) ;
#970 = CARTESIAN_POINT ( 'NONE',  ( 1482.275131535526725, 365.7728227475088261, 0.5000000000000000000 ) ) ;
#971 = ORIENTED_EDGE ( 'NONE', *, *, #1416, .T. ) ;
#972 = LINE ( 'NONE', #1998, #112 ) ;
#973 = EDGE_LOOP ( 'NONE', ( #1622, #1227, #283, #2669 ) ) ;
#974 = ORIENTED_EDGE ( 'NONE', *, *, #1155, .F. ) ;
#975 = ADVANCED_FACE ( 'NONE', ( #457 ), #3258, .T. ) ;
#976 = ADVANCED_FACE ( 'NONE', ( #2473 ), #176, .F. ) ;
#977 = DIRECTION ( 'NONE',  ( 0.000000000000000000, -0.000000000000000000, 1.000000000000000000 ) ) ;
#978 = EDGE_CURVE ( 'NONE', #2884, #499, #986, .T. ) ;
#979 = VECTOR ( 'NONE', #1306, 1000.000000000000000 ) ;
#980 = CARTESIAN_POINT ( 'NONE',  ( 1551.674807614126621, 353.3728227475089056, 0.000000000000000000 ) ) ;
#981 = AXIS2_PLACEMENT_3D ( 'NONE', #1490, #1790, #3274 ) ;
#982 = AXIS2_PLACEMENT_3D ( 'NONE', #1036, #2051, #3071 ) ;
#983 = DIRECTION ( 'NONE',  ( 1.000000000000000000, 0.000000000000000000, 0.000000000000000000 ) ) ;
#984 = CARTESIAN_POINT ( 'NONE',  ( 1538.879481950226818, 349.8728227475089625, 0.000000000000000000 ) ) ;
#985 = VECTOR ( 'NONE', #1322, 1000.000000000000000 ) ;
#986 = LINE ( 'NONE', #950, #1729 ) ;
#987 = LINE ( 'NONE', #1240, #1149 ) ;
#988 = DIRECTION ( 'NONE',  ( -1.000000000000000000, 0.000000000000000000, 0.000000000000000000 ) ) ;
#989 = ORIENTED_EDGE ( 'NONE', *, *, #1226, .T. ) ;
#990 = CARTESIAN_POINT ( 'NONE',  ( 1500.551799720126610, 349.6228227475089625, 0.000000000000000000 ) ) ;
#991 = VECTOR ( 'NONE', #2296, 1000.000000000000000 ) ;
#992 = ORIENTED_EDGE ( 'NONE', *, *, #3082, .F. ) ;
#993 = ORIENTED_EDGE ( 'NONE', *, *, #419, .T. ) ;
#994 = LINE ( 'NONE', #751, #16 ) ;
#995 = FACE_OUTER_BOUND ( 'NONE', #587, .T. ) ;
#996 = VERTEX_POINT ( 'NONE', #2023 ) ;
#997 = DIRECTION ( 'NONE',  ( -8.503139837832923902E-14, 1.000000000000000000, 0.000000000000000000 ) ) ;
#998 = FACE_OUTER_BOUND ( 'NONE', #1605, .T. ) ;
#999 = CARTESIAN_POINT ( 'NONE',  ( 1556.351344794519036, 346.7728227475087692, 0.5000000000000000000 ) ) ;
#1000 = DIRECTION ( 'NONE',  ( -0.000000000000000000, -0.000000000000000000, -1.000000000000000000 ) ) ;
#1001 = CARTESIAN_POINT ( 'NONE',  ( 1532.861314376326618, 371.0228227475088261, 0.000000000000000000 ) ) ;
#1002 = EDGE_CURVE ( 'NONE', #2840, #2163, #2906, .T. ) ;
#1003 = FACE_OUTER_BOUND ( 'NONE', #638, .T. ) ;
#1004 = ORIENTED_EDGE ( 'NONE', *, *, #3246, .F. ) ;
#1005 = DIRECTION ( 'NONE',  ( -0.5000000000047731818, 0.8660254037816828010, 0.000000000000000000 ) ) ;
#1006 = VERTEX_POINT ( 'NONE', #2505 ) ;
#1007 = ORIENTED_EDGE ( 'NONE', *, *, #461, .F. ) ;
#1008 = AXIS2_PLACEMENT_3D ( 'NONE', #305, #58, #1094 ) ;
#1009 = AXIS2_PLACEMENT_3D ( 'NONE', #3130, #1096, #514 ) ;
#1010 = LINE ( 'NONE', #503, #1952 ) ;
#1011 = DIRECTION ( 'NONE',  ( -1.000000000000000000, 0.000000000000000000, 0.000000000000000000 ) ) ;
#1012 = ORIENTED_EDGE ( 'NONE', *, *, #2369, .T. ) ;
#1013 = DIRECTION ( 'NONE',  ( 0.000000000000000000, 1.000000000000000000, 0.000000000000000000 ) ) ;
#1014 = CARTESIAN_POINT ( 'NONE',  ( 1508.376486819026695, 341.5228227475088261, 0.000000000000000000 ) ) ;
#1015 = CARTESIAN_POINT ( 'NONE',  ( 1510.618900597726451, 366.1388481513217812, 0.000000000000000000 ) ) ;
#1016 = DIRECTION ( 'NONE',  ( 0.000000000000000000, 0.000000000000000000, 1.000000000000000000 ) ) ;
#1017 = LINE ( 'NONE', #2490, #1878 ) ;
#1018 = CARTESIAN_POINT ( 'NONE',  ( 1530.618900597726679, 366.1388481513226338, 0.000000000000000000 ) ) ;
#1019 = ADVANCED_FACE ( 'NONE', ( #968 ), #444, .T. ) ;
#1020 = CARTESIAN_POINT ( 'NONE',  ( 1550.301300790826645, 359.1728227475087465, 0.000000000000000000 ) ) ;
#1021 = AXIS2_PLACEMENT_3D ( 'NONE', #1214, #1528, #1483 ) ;
#1022 = EDGE_CURVE ( 'NONE', #1938, #1891, #190, .T. ) ;
#1023 = ADVANCED_FACE ( 'NONE', ( #1190 ), #1771, .T. ) ;
#1024 = DIRECTION ( 'NONE',  ( 1.000000000000000000, 0.000000000000000000, 0.000000000000000000 ) ) ;
#1025 = CIRCLE ( 'NONE', #1450, 0.5000000000001669775 ) ;
#1026 = EDGE_CURVE ( 'NONE', #1568, #1699, #2787, .T. ) ;
#1027 = ORIENTED_EDGE ( 'NONE', *, *, #9, .F. ) ;
#1028 = LINE ( 'NONE', #3060, #1293 ) ;
#1029 = EDGE_LOOP ( 'NONE', ( #361, #2527, #1567, #1552 ) ) ;
#1030 = EDGE_LOOP ( 'NONE', ( #1985, #462, #857, #250 ) ) ;
#1031 = DIRECTION ( 'NONE',  ( -0.000000000000000000, -0.000000000000000000, -1.000000000000000000 ) ) ;
#1032 = ORIENTED_EDGE ( 'NONE', *, *, #1532, .T. ) ;
#1033 = CYLINDRICAL_SURFACE ( 'NONE', #184, 2.000000000000001776 ) ;
#1034 = ORIENTED_EDGE ( 'NONE', *, *, #9, .T. ) ;
#1035 = LINE ( 'NONE', #2903, #2629 ) ;
#1036 = CARTESIAN_POINT ( 'NONE',  ( 1500.984812422018877, 349.3728227475089056, 0.000000000000000000 ) ) ;
#1037 = DIRECTION ( 'NONE',  ( 0.000000000000000000, 0.000000000000000000, 1.000000000000000000 ) ) ;
#1038 = DIRECTION ( 'NONE',  ( 1.000000000000000000, 0.000000000000000000, 0.000000000000000000 ) ) ;
#1039 = LINE ( 'NONE', #2881, #2202 ) ;
#1040 = AXIS2_PLACEMENT_3D ( 'NONE', #2037, #835, #1809 ) ;
#1041 = DIRECTION ( 'NONE',  ( -0.3420201433252932355, -0.9396926207860450964, 0.000000000000000000 ) ) ;
#1042 = VECTOR ( 'NONE', #2751, 1000.000000000000000 ) ;
#1043 = CARTESIAN_POINT ( 'NONE',  ( 1551.674807614034535, 352.8728227475089056, 0.5000000000000000000 ) ) ;
#1044 = ADVANCED_FACE ( 'NONE', ( #3126 ), #2864, .T. ) ;
#1045 = ORIENTED_EDGE ( 'NONE', *, *, #2923, .T. ) ;
#1046 = ADVANCED_FACE ( 'NONE', ( #1174 ), #2725, .T. ) ;
#1047 = CARTESIAN_POINT ( 'NONE',  ( 1502.358319245247003, 349.3728227475089625, 0.5000000000000000000 ) ) ;
#1048 = ORIENTED_EDGE ( 'NONE', *, *, #1126, .T. ) ;
#1049 = ORIENTED_EDGE ( 'NONE', *, *, #1618, .T. ) ;
#1050 = EDGE_CURVE ( 'NONE', #464, #2922, #1488, .T. ) ;
#1051 = CIRCLE ( 'NONE', #1956, 0.4999999999999449329 ) ;
#1052 = CARTESIAN_POINT ( 'NONE',  ( 1497.318638212626638, 344.0228227475088261, 0.000000000000000000 ) ) ;
#1053 = ORIENTED_EDGE ( 'NONE', *, *, #772, .T. ) ;
#1054 = CARTESIAN_POINT ( 'NONE',  ( 1494.660975881326522, 344.1018126759089455, 0.5000000000000000000 ) ) ;
#1055 = CIRCLE ( 'NONE', #400, 2.000000000000001776 ) ;
#1056 = ORIENTED_EDGE ( 'NONE', *, *, #935, .F. ) ;
#1057 = LINE ( 'NONE', #1014, #1519 ) ;
#1058 = CARTESIAN_POINT ( 'NONE',  ( 1556.351344794526540, 366.2728227475087692, 0.000000000000000000 ) ) ;
#1059 = CARTESIAN_POINT ( 'NONE',  ( 1538.879481950206355, 349.3728227475089056, 0.5000000000000000000 ) ) ;
#1060 = CARTESIAN_POINT ( 'NONE',  ( 1495.130822191726566, 343.7728227475088261, 0.000000000000000000 ) ) ;
#1061 = DIRECTION ( 'NONE',  ( 0.000000000000000000, 0.000000000000000000, 1.000000000000000000 ) ) ;
#1062 = DIRECTION ( 'NONE',  ( 0.000000000000000000, -1.000000000000000000, 0.000000000000000000 ) ) ;
#1063 = ORIENTED_EDGE ( 'NONE', *, *, #2738, .T. ) ;
#1064 = EDGE_LOOP ( 'NONE', ( #3188, #902, #116, #2683 ) ) ;
#1065 = DIRECTION ( 'NONE',  ( 0.000000000000000000, 0.000000000000000000, 1.000000000000000000 ) ) ;
#1066 = ORIENTED_EDGE ( 'NONE', *, *, #3166, .T. ) ;
#1067 = DIRECTION ( 'NONE',  ( -0.000000000000000000, -0.000000000000000000, -1.000000000000000000 ) ) ;
#1068 = VERTEX_POINT ( 'NONE', #2240 ) ;
#1069 = EDGE_CURVE ( 'NONE', #2873, #2648, #1220, .T. ) ;
#1070 = DIRECTION ( 'NONE',  ( -0.000000000000000000, -0.000000000000000000, -1.000000000000000000 ) ) ;
#1071 = EDGE_CURVE ( 'NONE', #27, #1602, #1992, .T. ) ;
#1072 = AXIS2_PLACEMENT_3D ( 'NONE', #3128, #2088, #1560 ) ;
#1073 = ORIENTED_EDGE ( 'NONE', *, *, #573, .F. ) ;
#1074 = DIRECTION ( 'NONE',  ( 1.000000000000000000, 0.000000000000000000, 0.000000000000000000 ) ) ;
#1075 = AXIS2_PLACEMENT_3D ( 'NONE', #948, #1487, #3003 ) ;
#1076 = EDGE_LOOP ( 'NONE', ( #729, #1585, #808, #1405 ) ) ;
#1077 = CARTESIAN_POINT ( 'NONE',  ( 1482.275131535526725, 346.7728227475088261, 0.000000000000000000 ) ) ;
#1078 = CARTESIAN_POINT ( 'NONE',  ( 1496.885625510734371, 368.2728227475087124, 0.5000000000000000000 ) ) ;
#1079 = AXIS2_PLACEMENT_3D ( 'NONE', #2075, #3097, #1586 ) ;
#1080 = CARTESIAN_POINT ( 'NONE',  ( 1550.301300790826645, 353.3728227475089625, 0.5000000000000000000 ) ) ;
#1081 = DIRECTION ( 'NONE',  ( 0.000000000000000000, 0.000000000000000000, 1.000000000000000000 ) ) ;
#1082 = PRESENTATION_STYLE_ASSIGNMENT (( #2108 ) ) ;
#1083 = CARTESIAN_POINT ( 'NONE',  ( 1530.185887895826454, 366.3888481513088209, 0.5000000000000000000 ) ) ;
#1084 = ORIENTED_EDGE ( 'NONE', *, *, #101, .F. ) ;
#1085 = DIRECTION ( 'NONE',  ( -0.000000000000000000, -0.000000000000000000, -1.000000000000000000 ) ) ;
#1086 = ORIENTED_EDGE ( 'NONE', *, *, #858, .F. ) ;
#1087 = CARTESIAN_POINT ( 'NONE',  ( 1505.718824487726579, 370.9438328192089216, 0.5000000000000000000 ) ) ;
#1088 = VERTEX_POINT ( 'NONE', #724 ) ;
#1089 = ADVANCED_FACE ( 'NONE', ( #1724 ), #396, .T. ) ;
#1090 = CARTESIAN_POINT ( 'NONE',  ( 1559.462669659926860, 346.7728227475085987, 0.5000000000000000000 ) ) ;
#1091 = VERTEX_POINT ( 'NONE', #2959 ) ;
#1092 = EDGE_CURVE ( 'NONE', #1763, #1006, #456, .T. ) ;
#1093 = LINE ( 'NONE', #1326, #558 ) ;
#1094 = DIRECTION ( 'NONE',  ( -1.000000000000000000, 0.000000000000000000, 0.000000000000000000 ) ) ;
#1095 = DIRECTION ( 'NONE',  ( -1.000000000000000000, 0.000000000000000000, 0.000000000000000000 ) ) ;
#1096 = DIRECTION ( 'NONE',  ( 0.000000000000000000, 0.000000000000000000, 1.000000000000000000 ) ) ;
#1097 = CIRCLE ( 'NONE', #1413, 0.4999999999999449329 ) ;
#1098 = ORIENTED_EDGE ( 'NONE', *, *, #1372, .T. ) ;
#1099 = VECTOR ( 'NONE', #1726, 1000.000000000000000 ) ;
#1100 = CARTESIAN_POINT ( 'NONE',  ( 1538.879481950242734, 363.1728227475088602, 0.000000000000000000 ) ) ;
#1101 = VECTOR ( 'NONE', #689, 1000.000000000000114 ) ;
#1102 = VERTEX_POINT ( 'NONE', #2252 ) ;
#1103 = ORIENTED_EDGE ( 'NONE', *, *, #2598, .F. ) ;
#1104 = CARTESIAN_POINT ( 'NONE',  ( 1551.674807614034535, 352.8728227475089056, 0.000000000000000000 ) ) ;
#1105 = VERTEX_POINT ( 'NONE', #3004 ) ;
#1106 = DIRECTION ( 'NONE',  ( 0.000000000000000000, 0.000000000000000000, 1.000000000000000000 ) ) ;
#1107 = AXIS2_PLACEMENT_3D ( 'NONE', #72, #1388, #2637 ) ;
#1108 = VERTEX_POINT ( 'NONE', #2711 ) ;
#1109 = CARTESIAN_POINT ( 'NONE',  ( 1559.462669659926860, 346.7728227475085987, 0.5000000000000000000 ) ) ;
#1110 = DIRECTION ( 'NONE',  ( 0.000000000000000000, 0.000000000000000000, 1.000000000000000000 ) ) ;
#1111 = LINE ( 'NONE', #632, #3034 ) ;
#1112 = EDGE_CURVE ( 'NONE', #1194, #2965, #1428, .T. ) ;
#1113 = ADVANCED_FACE ( 'NONE', ( #1189 ), #2472, .F. ) ;
#1114 = ORIENTED_EDGE ( 'NONE', *, *, #2555, .F. ) ;
#1115 = CARTESIAN_POINT ( 'NONE',  ( 1497.318638212626638, 344.0228227475088261, 0.000000000000000000 ) ) ;
#1116 = VERTEX_POINT ( 'NONE', #3240 ) ;
#1117 = ORIENTED_EDGE ( 'NONE', *, *, #3145, .F. ) ;
#1118 = LINE ( 'NONE', #2535, #2945 ) ;
#1119 = ORIENTED_EDGE ( 'NONE', *, *, #3082, .T. ) ;
#1120 = VERTEX_POINT ( 'NONE', #2458 ) ;
#1121 = ORIENTED_EDGE ( 'NONE', *, *, #2901, .T. ) ;
#1122 = DIRECTION ( 'NONE',  ( -0.000000000000000000, -0.000000000000000000, -1.000000000000000000 ) ) ;
#1123 = PLANE ( 'NONE',  #2061 ) ;
#1124 = DIRECTION ( 'NONE',  ( -0.000000000000000000, -0.000000000000000000, -1.000000000000000000 ) ) ;
#1125 = AXIS2_PLACEMENT_3D ( 'NONE', #3195, #2710, #599 ) ;
#1126 = EDGE_CURVE ( 'NONE', #894, #430, #663, .T. ) ;
#1127 = DIRECTION ( 'NONE',  ( 0.8660254037871841781, -0.4999999999952446927, 0.000000000000000000 ) ) ;
#1128 = ADVANCED_FACE ( 'NONE', ( #203 ), #2988, .F. ) ;
#1129 = VERTEX_POINT ( 'NONE', #156 ) ;
#1130 = CARTESIAN_POINT ( 'NONE',  ( 1558.962669659926632, 366.2728227475088261, 0.000000000000000000 ) ) ;
#1131 = EDGE_CURVE ( 'NONE', #1116, #1403, #2206, .T. ) ;
#1132 = ORIENTED_EDGE ( 'NONE', *, *, #1378, .F. ) ;
#1133 = ORIENTED_EDGE ( 'NONE', *, *, #3041, .F. ) ;
#1134 = CIRCLE ( 'NONE', #2567, 0.5000000000001669775 ) ;
#1135 = CYLINDRICAL_SURFACE ( 'NONE', #535, 0.4999999999999449329 ) ;
#1136 = DIRECTION ( 'NONE',  ( -0.3420201433284698611, 0.9396926207848887991, 0.000000000000000000 ) ) ;
#1137 = VECTOR ( 'NONE', #225, 1000.000000000000000 ) ;
#1138 = VERTEX_POINT ( 'NONE', #933 ) ;
#1139 = CARTESIAN_POINT ( 'NONE',  ( 1510.618900597726679, 346.4067973436958709, 0.5000000000000000000 ) ) ;
#1140 = ORIENTED_EDGE ( 'NONE', *, *, #2682, .T. ) ;
#1141 = DIRECTION ( 'NONE',  ( -1.000000000000000000, 1.265353230805084169E-13, 0.000000000000000000 ) ) ;
#1142 = CARTESIAN_POINT ( 'NONE',  ( 1507.943474117134201, 370.7728227475086555, 0.5000000000000000000 ) ) ;
#1143 = DIRECTION ( 'NONE',  ( -0.000000000000000000, -0.000000000000000000, -1.000000000000000000 ) ) ;
#1144 = VERTEX_POINT ( 'NONE', #984 ) ;
#1145 = CARTESIAN_POINT ( 'NONE',  ( 1546.106979003726565, 368.7728227475088261, 0.5000000000000000000 ) ) ;
#1146 = EDGE_CURVE ( 'NONE', #3187, #2583, #1958, .T. ) ;
#1147 = EDGE_LOOP ( 'NONE', ( #2483, #1671, #1443, #465 ) ) ;
#1148 = ORIENTED_EDGE ( 'NONE', *, *, #459, .F. ) ;
#1149 = VECTOR ( 'NONE', #2009, 1000.000000000000114 ) ;
#1150 = VECTOR ( 'NONE', #3050, 1000.000000000000000 ) ;
#1151 = LINE ( 'NONE', #3186, #318 ) ;
#1152 = VERTEX_POINT ( 'NONE', #1707 ) ;
#1153 = VECTOR ( 'NONE', #17, 1000.000000000000000 ) ;
#1154 = EDGE_LOOP ( 'NONE', ( #226, #1103, #1527, #2599 ) ) ;
#1155 = EDGE_CURVE ( 'NONE', #1602, #1536, #3271, .T. ) ;
#1156 = CARTESIAN_POINT ( 'NONE',  ( 1546.576825314126836, 344.1018126759086044, 0.000000000000000000 ) ) ;
#1157 = ORIENTED_EDGE ( 'NONE', *, *, #2929, .T. ) ;
#1158 = DIRECTION ( 'NONE',  ( -0.3420201433284287829, -0.9396926207849038981, 0.000000000000000000 ) ) ;
#1159 = LINE ( 'NONE', #1626, #940 ) ;
#1160 = CARTESIAN_POINT ( 'NONE',  ( 1538.879481950242734, 363.1728227475088602, 0.5000000000000000000 ) ) ;
#1161 = AXIS2_PLACEMENT_3D ( 'NONE', #2250, #422, #166 ) ;
#1162 = EDGE_LOOP ( 'NONE', ( #432, #2162, #1802, #652 ) ) ;
#1163 = LINE ( 'NONE', #889, #46 ) ;
#1164 = ORIENTED_EDGE ( 'NONE', *, *, #1981, .T. ) ;
#1165 = EDGE_LOOP ( 'NONE', ( #1970, #478, #1117, #555 ) ) ;
#1166 = CARTESIAN_POINT ( 'NONE',  ( 1535.049130397326280, 371.2728227475090534, 0.5000000000000000000 ) ) ;
#1167 = ORIENTED_EDGE ( 'NONE', *, *, #167, .T. ) ;
#1168 = ORIENTED_EDGE ( 'NONE', *, *, #2130, .F. ) ;
#1169 = EDGE_CURVE ( 'NONE', #1916, #1667, #2045, .T. ) ;
#1170 = EDGE_LOOP ( 'NONE', ( #699, #350, #2449, #715 ) ) ;
#1171 = LINE ( 'NONE', #1109, #2316 ) ;
#1172 = ADVANCED_FACE ( 'NONE', ( #1473 ), #189, .F. ) ;
#1173 = CARTESIAN_POINT ( 'NONE',  ( 1535.518976707726551, 370.9438328192090921, 0.5000000000000000000 ) ) ;
#1174 = FACE_OUTER_BOUND ( 'NONE', #2280, .T. ) ;
#1175 = EDGE_LOOP ( 'NONE', ( #864, #774, #8, #303 ) ) ;
#1176 = AXIS2_PLACEMENT_3D ( 'NONE', #2073, #763, #2578 ) ;
#1177 = CARTESIAN_POINT ( 'NONE',  ( 1555.918332092626542, 366.0228227475088829, 0.000000000000000000 ) ) ;
#1178 = APPLICATION_CONTEXT ( 'automotive_design' ) ;
#1179 = VECTOR ( 'NONE', #1944, 1000.000000000000000 ) ;
#1180 = ORIENTED_EDGE ( 'NONE', *, *, #707, .F. ) ;
#1181 = CARTESIAN_POINT ( 'NONE',  ( 1508.376486819026695, 341.5228227475088261, 0.000000000000000000 ) ) ;
#1182 = ORIENTED_EDGE ( 'NONE', *, *, #2532, .F. ) ;
#1183 = ORIENTED_EDGE ( 'NONE', *, *, #2698, .T. ) ;
#1184 = DIRECTION ( 'NONE',  ( 0.000000000000000000, 0.000000000000000000, 1.000000000000000000 ) ) ;
#1185 = ADVANCED_FACE ( 'NONE', ( #3290 ), #798, .T. ) ;
#1186 = CARTESIAN_POINT ( 'NONE',  ( 1550.301300790942605, 359.6728227475087465, 0.5000000000000000000 ) ) ;
#1187 = EDGE_CURVE ( 'NONE', #1105, #1068, #237, .T. ) ;
#1188 = DIRECTION ( 'NONE',  ( 0.4999999999928060879, -0.8660254037885921630, 0.000000000000000000 ) ) ;
#1189 = FACE_OUTER_BOUND ( 'NONE', #1147, .T. ) ;
#1190 = FACE_OUTER_BOUND ( 'NONE', #3067, .T. ) ;
#1191 = EDGE_CURVE ( 'NONE', #559, #524, #488, .T. ) ;
#1192 = ORIENTED_EDGE ( 'NONE', *, *, #1511, .T. ) ;
#1193 = DIRECTION ( 'NONE',  ( -0.000000000000000000, -0.000000000000000000, -1.000000000000000000 ) ) ;
#1194 = VERTEX_POINT ( 'NONE', #2845 ) ;
#1195 = FACE_OUTER_BOUND ( 'NONE', #180, .T. ) ;
#1196 = VERTEX_POINT ( 'NONE', #1787 ) ;
#1197 = VERTEX_POINT ( 'NONE', #2574 ) ;
#1198 = AXIS2_PLACEMENT_3D ( 'NONE', #2395, #1127, #2241 ) ;
#1199 = DIRECTION ( 'NONE',  ( 1.000000000000000000, 0.000000000000000000, 0.000000000000000000 ) ) ;
#1200 = CIRCLE ( 'NONE', #1582, 0.4999999999999449329 ) ;
#1201 = CARTESIAN_POINT ( 'NONE',  ( 1538.879481950206355, 349.3728227475089056, 0.5000000000000000000 ) ) ;
#1202 = LINE ( 'NONE', #171, #1661 ) ;
#1203 = DIRECTION ( 'NONE',  ( -0.000000000000000000, -0.000000000000000000, -1.000000000000000000 ) ) ;
#1204 = CARTESIAN_POINT ( 'NONE',  ( 1552.107820315926574, 359.4228227475086896, 0.000000000000000000 ) ) ;
#1205 = LINE ( 'NONE', #3259, #1309 ) ;
#1206 = VERTEX_POINT ( 'NONE', #2825 ) ;
#1207 = AXIS2_PLACEMENT_3D ( 'NONE', #1890, #2387, #1638 ) ;
#1208 = EDGE_CURVE ( 'NONE', #731, #2309, #528, .T. ) ;
#1209 = DIRECTION ( 'NONE',  ( 1.000000000000000000, 0.000000000000000000, 0.000000000000000000 ) ) ;
#1210 = EDGE_CURVE ( 'NONE', #1938, #2312, #3, .T. ) ;
#1211 = AXIS2_PLACEMENT_3D ( 'NONE', #1571, #1553, #1074 ) ;
#1212 = VERTEX_POINT ( 'NONE', #1575 ) ;
#1213 = VECTOR ( 'NONE', #1336, 1000.000000000000000 ) ;
#1214 = CARTESIAN_POINT ( 'NONE',  ( 1497.318638212626638, 344.0228227475088261, 0.5000000000000000000 ) ) ;
#1215 = ORIENTED_EDGE ( 'NONE', *, *, #1641, .F. ) ;
#1216 = ORIENTED_EDGE ( 'NONE', *, *, #1885, .F. ) ;
#1217 = DIRECTION ( 'NONE',  ( 1.000000000000000000, 0.000000000000000000, 0.000000000000000000 ) ) ;
#1218 = CARTESIAN_POINT ( 'NONE',  ( 1494.660975881326522, 368.4438328192086942, 0.5000000000000000000 ) ) ;
#1219 = FACE_OUTER_BOUND ( 'NONE', #1170, .T. ) ;
#1220 = LINE ( 'NONE', #3257, #2584 ) ;
#1221 = DIRECTION ( 'NONE',  ( 0.000000000000000000, 1.000000000000000000, 0.000000000000000000 ) ) ;
#1222 = FACE_OUTER_BOUND ( 'NONE', #145, .T. ) ;
#1223 = CARTESIAN_POINT ( 'NONE',  ( 1506.188670798126623, 341.2728227475088261, 0.5000000000000000000 ) ) ;
#1224 = ADVANCED_FACE ( 'NONE', ( #1557 ), #3109, .F. ) ;
#1225 = CIRCLE ( 'NONE', #1072, 0.4999999999999449329 ) ;
#1226 = EDGE_CURVE ( 'NONE', #2277, #301, #2857, .T. ) ;
#1227 = ORIENTED_EDGE ( 'NONE', *, *, #315, .F. ) ;
#1228 = AXIS2_PLACEMENT_3D ( 'NONE', #2361, #2882, #2560 ) ;
#1229 = EDGE_CURVE ( 'NONE', #1763, #2607, #2478, .T. ) ;
#1230 = DIRECTION ( 'NONE',  ( 1.000000000000000000, 0.000000000000000000, 0.000000000000000000 ) ) ;
#1231 = VECTOR ( 'NONE', #363, 1000.000000000000000 ) ;
#1232 = ORIENTED_EDGE ( 'NONE', *, *, #1924, .F. ) ;
#1233 = FACE_OUTER_BOUND ( 'NONE', #2397, .T. ) ;
#1234 = DIRECTION ( 'NONE',  ( -1.000000000000000000, 0.000000000000000000, 0.000000000000000000 ) ) ;
#1235 = VECTOR ( 'NONE', #672, 1000.000000000000114 ) ;
#1236 = CARTESIAN_POINT ( 'NONE',  ( 1556.351344794526540, 346.2728227475088261, 0.5000000000000000000 ) ) ;
#1237 = CARTESIAN_POINT ( 'NONE',  ( 1546.576825314126836, 344.1018126759086044, 0.5000000000000000000 ) ) ;
#1238 = VECTOR ( 'NONE', #1005, 1000.000000000000114 ) ;
#1239 = CARTESIAN_POINT ( 'NONE',  ( 1535.518976707726551, 370.9438328192090921, 0.000000000000000000 ) ) ;
#1240 = CARTESIAN_POINT ( 'NONE',  ( 1532.861314376326618, 341.5228227475088261, 0.5000000000000000000 ) ) ;
#1241 = CARTESIAN_POINT ( 'NONE',  ( 1528.118900597726679, 360.7728227475088261, 0.000000000000000000 ) ) ;
#1242 = VERTEX_POINT ( 'NONE', #2283 ) ;
#1243 = CARTESIAN_POINT ( 'NONE',  ( 1495.130822191726566, 343.7728227475088261, 0.5000000000000000000 ) ) ;
#1244 = ORIENTED_EDGE ( 'NONE', *, *, #2287, .F. ) ;
#1245 = ORIENTED_EDGE ( 'NONE', *, *, #2306, .T. ) ;
#1246 = CARTESIAN_POINT ( 'NONE',  ( 1546.106979003726337, 343.7728227475091671, 0.5000000000000000000 ) ) ;
#1247 = AXIS2_PLACEMENT_3D ( 'NONE', #2225, #1000, #3241 ) ;
#1248 = EDGE_CURVE ( 'NONE', #296, #1138, #2157, .T. ) ;
#1249 = DIRECTION ( 'NONE',  ( 1.000000000000000000, 0.000000000000000000, 0.000000000000000000 ) ) ;
#1250 = AXIS2_PLACEMENT_3D ( 'NONE', #1015, #2519, #3033 ) ;
#1251 = VECTOR ( 'NONE', #644, 1000.000000000000000 ) ;
#1252 = DIRECTION ( 'NONE',  ( 1.000000000000000000, 0.000000000000000000, 0.000000000000000000 ) ) ;
#1253 = DIRECTION ( 'NONE',  ( 1.000000000000000000, 0.000000000000000000, 0.000000000000000000 ) ) ;
#1254 = VECTOR ( 'NONE', #3298, 1000.000000000000000 ) ;
#1255 = LINE ( 'NONE', #2008, #3173 ) ;
#1256 = CYLINDRICAL_SURFACE ( 'NONE', #556, 0.4999999999999449329 ) ;
#1257 = DIRECTION ( 'NONE',  ( 0.000000000000000000, 0.000000000000000000, 1.000000000000000000 ) ) ;
#1258 = VERTEX_POINT ( 'NONE', #1058 ) ;
#1259 = DIRECTION ( 'NONE',  ( -0.000000000000000000, -0.000000000000000000, -1.000000000000000000 ) ) ;
#1260 = AXIS2_PLACEMENT_3D ( 'NONE', #2441, #646, #1660 ) ;
#1261 = ORIENTED_EDGE ( 'NONE', *, *, #749, .T. ) ;
#1262 = VERTEX_POINT ( 'NONE', #471 ) ;
#1263 = DIRECTION ( 'NONE',  ( 1.000000000000000000, 0.000000000000000000, 0.000000000000000000 ) ) ;
#1264 = EDGE_CURVE ( 'NONE', #53, #718, #1843, .T. ) ;
#1265 = EDGE_CURVE ( 'NONE', #2712, #2146, #1327, .T. ) ;
#1266 = CARTESIAN_POINT ( 'NONE',  ( 1528.118900597726679, 358.7728227475088261, 0.5000000000000000000 ) ) ;
#1267 = EDGE_CURVE ( 'NONE', #65, #2664, #280, .T. ) ;
#1268 = ORIENTED_EDGE ( 'NONE', *, *, #2208, .F. ) ;
#1269 = DIRECTION ( 'NONE',  ( -1.000000000000000000, -8.503139837832923902E-14, 0.000000000000000000 ) ) ;
#1270 = ADVANCED_FACE ( 'NONE', ( #289 ), #2021, .T. ) ;
#1271 = LINE ( 'NONE', #3088, #708 ) ;
#1272 = CARTESIAN_POINT ( 'NONE',  ( 1535.518976707726324, 341.6018126759088318, 0.5000000000000000000 ) ) ;
#1273 = LINE ( 'NONE', #1808, #779 ) ;
#1274 = DIRECTION ( 'NONE',  ( -0.000000000000000000, -0.000000000000000000, -1.000000000000000000 ) ) ;
#1275 = CARTESIAN_POINT ( 'NONE',  ( 1502.828165555626583, 349.5438328192087738, 0.5000000000000000000 ) ) ;
#1276 = DIRECTION ( 'NONE',  ( 1.581691538506555392E-13, -1.000000000000000000, 0.000000000000000000 ) ) ;
#1277 = ORIENTED_EDGE ( 'NONE', *, *, #749, .F. ) ;
#1278 = DIRECTION ( 'NONE',  ( 0.000000000000000000, -0.000000000000000000, -1.000000000000000000 ) ) ;
#1279 = ORIENTED_EDGE ( 'NONE', *, *, #3103, .F. ) ;
#1280 = ORIENTED_EDGE ( 'NONE', *, *, #1620, .F. ) ;
#1281 = VECTOR ( 'NONE', #474, 1000.000000000000000 ) ;
#1282 = CARTESIAN_POINT ( 'NONE',  ( 1508.376486819026695, 371.0228227475088261, 0.000000000000000000 ) ) ;
#1283 = DIRECTION ( 'NONE',  ( -0.5000000000043915982, 0.8660254037819031803, 0.000000000000000000 ) ) ;
#1284 = ORIENTED_EDGE ( 'NONE', *, *, #790, .F. ) ;
#1285 = PLANE ( 'NONE',  #1828 ) ;
#1286 = EDGE_CURVE ( 'NONE', #2614, #1262, #2745, .T. ) ;
#1287 = DIRECTION ( 'NONE',  ( -0.000000000000000000, -0.000000000000000000, -1.000000000000000000 ) ) ;
#1288 = DIRECTION ( 'NONE',  ( -0.000000000000000000, -0.000000000000000000, -1.000000000000000000 ) ) ;
#1289 = CYLINDRICAL_SURFACE ( 'NONE', #1302, 0.5000000000001669775 ) ;
#1290 = ADVANCED_FACE ( 'NONE', ( #1769 ), #2785, .F. ) ;
#1291 = DIRECTION ( 'NONE',  ( 1.000000000000000000, 0.000000000000000000, 0.000000000000000000 ) ) ;
#1292 = DIRECTION ( 'NONE',  ( -0.000000000000000000, -0.000000000000000000, -1.000000000000000000 ) ) ;
#1293 = VECTOR ( 'NONE', #3043, 1000.000000000000114 ) ;
#1294 = EDGE_CURVE ( 'NONE', #750, #1088, #1205, .T. ) ;
#1295 = EDGE_LOOP ( 'NONE', ( #3115, #1933, #2135, #596 ) ) ;
#1296 = DIRECTION ( 'NONE',  ( 0.000000000000000000, 1.000000000000000000, 0.000000000000000000 ) ) ;
#1297 = ORIENTED_EDGE ( 'NONE', *, *, #2265, .F. ) ;
#1298 = VERTEX_POINT ( 'NONE', #2521 ) ;
#1299 = DIRECTION ( 'NONE',  ( -1.000000000000000000, -1.581691538506555392E-13, 0.000000000000000000 ) ) ;
#1300 = CARTESIAN_POINT ( 'NONE',  ( 1495.130822191726566, 368.7728227475088261, 0.5000000000000000000 ) ) ;
#1301 = ORIENTED_EDGE ( 'NONE', *, *, #31, .F. ) ;
#1302 = AXIS2_PLACEMENT_3D ( 'NONE', #1059, #2071, #2593 ) ;
#1303 = LINE ( 'NONE', #89, #2992 ) ;
#1304 = VECTOR ( 'NONE', #77, 1000.000000000000000 ) ;
#1305 = CARTESIAN_POINT ( 'NONE',  ( 1505.718824487726579, 341.6018126759088318, 0.000000000000000000 ) ) ;
#1306 = DIRECTION ( 'NONE',  ( -0.000000000000000000, -0.000000000000000000, -1.000000000000000000 ) ) ;
#1307 = LINE ( 'NONE', #1080, #186 ) ;
#1308 = DIRECTION ( 'NONE',  ( -0.000000000000000000, -0.000000000000000000, -1.000000000000000000 ) ) ;
#1309 = VECTOR ( 'NONE', #969, 1000.000000000000000 ) ;
#1310 = CARTESIAN_POINT ( 'NONE',  ( 1495.130822191726566, 343.7728227475088261, 0.5000000000000000000 ) ) ;
#1311 = AXIS2_PLACEMENT_3D ( 'NONE', #710, #2487, #216 ) ;
#1312 = CARTESIAN_POINT ( 'NONE',  ( 1511.118900597726906, 351.7728227475088261, 0.5000000000000000000 ) ) ;
#1313 = VERTEX_POINT ( 'NONE', #1275 ) ;
#1314 = ADVANCED_FACE ( 'NONE', ( #2743 ), #3242, .T. ) ;
#1315 = EDGE_LOOP ( 'NONE', ( #2695, #353, #2244, #366 ) ) ;
#1316 = PLANE ( 'NONE',  #2516 ) ;
#1317 = EDGE_CURVE ( 'NONE', #2765, #2132, #125, .T. ) ;
#1318 = ORIENTED_EDGE ( 'NONE', *, *, #1822, .T. ) ;
#1319 = CARTESIAN_POINT ( 'NONE',  ( 1485.319469102826588, 366.0228227475088829, 0.5000000000000000000 ) ) ;
#1320 = ORIENTED_EDGE ( 'NONE', *, *, #2470, .T. ) ;
#1321 = CIRCLE ( 'NONE', #1742, 0.4999999999999449329 ) ;
#1322 = DIRECTION ( 'NONE',  ( -0.000000000000000000, -0.000000000000000000, -1.000000000000000000 ) ) ;
#1323 = ORIENTED_EDGE ( 'NONE', *, *, #3245, .F. ) ;
#1324 = LINE ( 'NONE', #2082, #2224 ) ;
#1325 = ORIENTED_EDGE ( 'NONE', *, *, #627, .F. ) ;
#1326 = CARTESIAN_POINT ( 'NONE',  ( 1485.319469102826588, 366.0228227475088829, 0.000000000000000000 ) ) ;
#1327 = LINE ( 'NONE', #2592, #3009 ) ;
#1328 = DIRECTION ( 'NONE',  ( 1.000000000000000000, 0.000000000000000000, 0.000000000000000000 ) ) ;
#1329 = LINE ( 'NONE', #2357, #2358 ) ;
#1330 = CARTESIAN_POINT ( 'NONE',  ( 1543.919162982726448, 344.0228227475088261, 0.000000000000000000 ) ) ;
#1331 =( NAMED_UNIT ( * ) SI_UNIT ( $, .STERADIAN. ) SOLID_ANGLE_UNIT ( ) );
#1332 = ORIENTED_EDGE ( 'NONE', *, *, #314, .F. ) ;
#1333 = DIRECTION ( 'NONE',  ( 1.000000000000000000, 0.000000000000000000, 0.000000000000000000 ) ) ;
#1334 = ADVANCED_FACE ( 'NONE', ( #1222 ), #1256, .F. ) ;
#1335 = EDGE_LOOP ( 'NONE', ( #2079, #1951, #3175, #2184 ) ) ;
#1336 = DIRECTION ( 'NONE',  ( 1.000000000000000000, 0.000000000000000000, 0.000000000000000000 ) ) ;
#1337 = ORIENTED_EDGE ( 'NONE', *, *, #419, .F. ) ;
#1338 = EDGE_CURVE ( 'NONE', #1634, #996, #2000, .T. ) ;
#1339 = LINE ( 'NONE', #1514, #2748 ) ;
#1340 = ORIENTED_EDGE ( 'NONE', *, *, #690, .T. ) ;
#1341 = DIRECTION ( 'NONE',  ( -1.000000000000000000, 0.000000000000000000, 0.000000000000000000 ) ) ;
#1342 = VECTOR ( 'NONE', #2896, 1000.000000000000000 ) ;
#1343 = ORIENTED_EDGE ( 'NONE', *, *, #2452, .F. ) ;
#1344 = DIRECTION ( 'NONE',  ( 0.000000000000000000, 1.000000000000000000, 0.000000000000000000 ) ) ;
#1345 = AXIS2_PLACEMENT_3D ( 'NONE', #1899, #2477, #2762 ) ;
#1346 = PLANE ( 'NONE',  #1945 ) ;
#1347 = DIRECTION ( 'NONE',  ( -1.000000000000000000, -1.581691538506555392E-13, 0.000000000000000000 ) ) ;
#1348 = LINE ( 'NONE', #838, #2885 ) ;
#1349 = VERTEX_POINT ( 'NONE', #2242 ) ;
#1350 = CIRCLE ( 'NONE', #110, 0.4999999999999449329 ) ;
#1351 = DIRECTION ( 'NONE',  ( 1.000000000000000000, 0.000000000000000000, 0.000000000000000000 ) ) ;
#1352 = ORIENTED_EDGE ( 'NONE', *, *, #707, .T. ) ;
#1353 = EDGE_LOOP ( 'NONE', ( #2122, #247, #2066, #382, #2816, #1570, #2925, #2096, #754, #1437, #278, #2430, #1608, #2582, #1939, #2934, #2968, #957, #140, #1119, #2145, #1746, #1277, #641, #2466, #3231, #2861, #626, #320, #3139, #3250, #2444, #1371, #3149, #2433, #3199, #2764, #194, #3185, #534, #412, #404, #1777, #2068, #1761, #2952, #622, #1421, #369, #2014, #2348, #2195, #771, #3314, #1796, #2384, #1098, #3158, #2617, #777, #87, #1665, #2276, #1297, #1368, #2074, #131, #600, #34, #266, #2219, #2513, #2362, #2274, #611, #3042, #2631, #234, #49, #664, #895, #796, #64, #150, #891, #1280, #560, #386, #3184, #1140, #1084, #1865, #2460, #2886, #1593, #2874 ) ) ;
#1354 =( NAMED_UNIT ( * ) PLANE_ANGLE_UNIT ( ) SI_UNIT ( $, .RADIAN. ) );
#1355 = ORIENTED_EDGE ( 'NONE', *, *, #1910, .F. ) ;
#1356 = CARTESIAN_POINT ( 'NONE',  ( 1495.130822191706102, 368.2728227475087692, 0.000000000000000000 ) ) ;
#1357 = ORIENTED_EDGE ( 'NONE', *, *, #3268, .T. ) ;
#1358 = DIRECTION ( 'NONE',  ( -0.3420201433284305592, 0.9396926207849032320, 0.000000000000000000 ) ) ;
#1359 = EDGE_CURVE ( 'NONE', #2017, #1601, #390, .T. ) ;
#1360 = CARTESIAN_POINT ( 'NONE',  ( 1500.551799720126610, 362.9228227475086896, 0.5000000000000000000 ) ) ;
#1361 = DIRECTION ( 'NONE',  ( 1.000000000000000000, 0.000000000000000000, 0.000000000000000000 ) ) ;
#1362 = CIRCLE ( 'NONE', #3220, 0.4999999999999449329 ) ;
#1363 = VECTOR ( 'NONE', #916, 1000.000000000000000 ) ;
#1364 = VECTOR ( 'NONE', #1358, 1000.000000000000114 ) ;
#1365 = EDGE_LOOP ( 'NONE', ( #1904, #2569, #1835, #2686 ) ) ;
#1366 = DIRECTION ( 'NONE',  ( 0.000000000000000000, 0.000000000000000000, 1.000000000000000000 ) ) ;
#1367 = VERTEX_POINT ( 'NONE', #192 ) ;
#1368 = ORIENTED_EDGE ( 'NONE', *, *, #170, .F. ) ;
#1369 = CARTESIAN_POINT ( 'NONE',  ( 1489.562993581318779, 359.6728227475088602, 0.000000000000000000 ) ) ;
#1370 = CARTESIAN_POINT ( 'NONE',  ( 1507.943474117126698, 341.2728227475087692, 0.5000000000000000000 ) ) ;
#1371 = ORIENTED_EDGE ( 'NONE', *, *, #274, .F. ) ;
#1372 = EDGE_CURVE ( 'NONE', #1804, #14, #823, .T. ) ;
#1373 = CARTESIAN_POINT ( 'NONE',  ( 1535.049130397326508, 341.2728227475090534, 0.000000000000000000 ) ) ;
#1374 = EDGE_CURVE ( 'NONE', #313, #2327, #3007, .T. ) ;
#1375 = LINE ( 'NONE', #2942, #834 ) ;
#1376 = CIRCLE ( 'NONE', #1211, 0.4999999999999449329 ) ;
#1377 = ADVANCED_FACE ( 'NONE', ( #2506 ), #445, .T. ) ;
#1378 = EDGE_CURVE ( 'NONE', #2388, #92, #713, .T. ) ;
#1379 = AXIS2_PLACEMENT_3D ( 'NONE', #1409, #1859, #1110 ) ;
#1380 = CYLINDRICAL_SURFACE ( 'NONE', #2027, 0.5000000000001669775 ) ;
#1381 = PLANE ( 'NONE',  #1198 ) ;
#1382 = DIRECTION ( 'NONE',  ( 0.000000000000000000, -1.000000000000000000, 0.000000000000000000 ) ) ;
#1383 = VERTEX_POINT ( 'NONE', #1740 ) ;
#1384 = ORIENTED_EDGE ( 'NONE', *, *, #2204, .T. ) ;
#1385 = CARTESIAN_POINT ( 'NONE',  ( 1551.674807614034535, 352.8728227475089056, 0.5000000000000000000 ) ) ;
#1386 =( NAMED_UNIT ( * ) SI_UNIT ( $, .STERADIAN. ) SOLID_ANGLE_UNIT ( ) );
#1387 = ORIENTED_EDGE ( 'NONE', *, *, #2964, .F. ) ;
#1388 = DIRECTION ( 'NONE',  ( -0.000000000000000000, -0.000000000000000000, -1.000000000000000000 ) ) ;
#1389 = VERTEX_POINT ( 'NONE', #2228 ) ;
#1390 = DIRECTION ( 'NONE',  ( 0.4999999999928022576, 0.8660254037885942724, 0.000000000000000000 ) ) ;
#1391 = CARTESIAN_POINT ( 'NONE',  ( 1533.294327078226615, 341.2728227475088261, 0.5000000000000000000 ) ) ;
#1392 = ADVANCED_FACE ( 'NONE', ( #2493 ), #2761, .F. ) ;
#1393 = CARTESIAN_POINT ( 'NONE',  ( 1490.936500404526669, 353.3728227475089625, 0.5000000000000000000 ) ) ;
#1394 = CIRCLE ( 'NONE', #2672, 2.000000000000001776 ) ;
#1395 = ORIENTED_EDGE ( 'NONE', *, *, #1419, .F. ) ;
#1396 = AXIS2_PLACEMENT_3D ( 'NONE', #42, #1081, #59 ) ;
#1397 = DIRECTION ( 'NONE',  ( 0.000000000000000000, 1.000000000000000000, 0.000000000000000000 ) ) ;
#1398 = EDGE_CURVE ( 'NONE', #65, #2765, #2772, .T. ) ;
#1399 = ORIENTED_EDGE ( 'NONE', *, *, #610, .F. ) ;
#1400 = ORIENTED_EDGE ( 'NONE', *, *, #1863, .F. ) ;
#1401 = VECTOR ( 'NONE', #251, 1000.000000000000000 ) ;
#1402 = FACE_OUTER_BOUND ( 'NONE', #1064, .T. ) ;
#1403 = VERTEX_POINT ( 'NONE', #1001 ) ;
#1404 = CIRCLE ( 'NONE', #1720, 0.5000000000001669775 ) ;
#1405 = ORIENTED_EDGE ( 'NONE', *, *, #31, .T. ) ;
#1406 = CARTESIAN_POINT ( 'NONE',  ( 1485.319469102826588, 366.0228227475088829, 0.5000000000000000000 ) ) ;
#1407 = ORIENTED_EDGE ( 'NONE', *, *, #3246, .T. ) ;
#1408 = CARTESIAN_POINT ( 'NONE',  ( 1482.275131535526725, 346.7728227475088261, 0.5000000000000000000 ) ) ;
#1409 = CARTESIAN_POINT ( 'NONE',  ( 1481.775131535526725, 346.7728227475088261, 0.5000000000000000000 ) ) ;
#1410 = CARTESIAN_POINT ( 'NONE',  ( 1482.275131535526725, 346.2728227475088261, 0.5000000000000000000 ) ) ;
#1411 = ORIENTED_EDGE ( 'NONE', *, *, #3107, .T. ) ;
#1412 = CARTESIAN_POINT ( 'NONE',  ( 1546.576825314126836, 344.1018126759086044, 0.5000000000000000000 ) ) ;
#1413 = AXIS2_PLACEMENT_3D ( 'NONE', #1018, #2142, #2914 ) ;
#1414 = VERTEX_POINT ( 'NONE', #697 ) ;
#1415 = ORIENTED_EDGE ( 'NONE', *, *, #1267, .F. ) ;
#1416 = EDGE_CURVE ( 'NONE', #3124, #3187, #987, .T. ) ;
#1417 = VECTOR ( 'NONE', #2038, 1000.000000000000114 ) ;
#1418 = CIRCLE ( 'NONE', #1782, 0.4999999999999449329 ) ;
#1419 = EDGE_CURVE ( 'NONE', #579, #2415, #3037, .T. ) ;
#1420 = LINE ( 'NONE', #402, #1235 ) ;
#1421 = ORIENTED_EDGE ( 'NONE', *, *, #722, .F. ) ;
#1422 = VERTEX_POINT ( 'NONE', #1020 ) ;
#1423 = DIRECTION ( 'NONE',  ( 0.000000000000000000, 0.000000000000000000, 1.000000000000000000 ) ) ;
#1424 = ORIENTED_EDGE ( 'NONE', *, *, #1967, .F. ) ;
#1425 = LINE ( 'NONE', #2879, #2643 ) ;
#1426 = CYLINDRICAL_SURFACE ( 'NONE', #1260, 0.4999999999999449329 ) ;
#1427 = CARTESIAN_POINT ( 'NONE',  ( 1550.301300790826645, 353.3728227475089625, 0.5000000000000000000 ) ) ;
#1428 = LINE ( 'NONE', #1942, #3221 ) ;
#1429 = VECTOR ( 'NONE', #625, 1000.000000000000000 ) ;
#1430 = ORIENTED_EDGE ( 'NONE', *, *, #2777, .F. ) ;
#1431 = CARTESIAN_POINT ( 'NONE',  ( 1494.660975881326522, 344.1018126759089455, 0.000000000000000000 ) ) ;
#1432 = ORIENTED_EDGE ( 'NONE', *, *, #2579, .T. ) ;
#1433 = EDGE_CURVE ( 'NONE', #2712, #996, #493, .T. ) ;
#1434 = CARTESIAN_POINT ( 'NONE',  ( 1482.275131535526725, 346.2728227475088261, 0.5000000000000000000 ) ) ;
#1435 = EDGE_LOOP ( 'NONE', ( #1245, #3154, #2706, #846 ) ) ;
#1436 = EDGE_CURVE ( 'NONE', #1242, #1549, #3120, .T. ) ;
#1437 = ORIENTED_EDGE ( 'NONE', *, *, #238, .F. ) ;
#1438 = FACE_OUTER_BOUND ( 'NONE', #197, .T. ) ;
#1439 = EDGE_CURVE ( 'NONE', #2878, #1116, #440, .T. ) ;
#1440 = CARTESIAN_POINT ( 'NONE',  ( 1535.049130397326280, 371.2728227475090534, 0.000000000000000000 ) ) ;
#1441 = LINE ( 'NONE', #932, #331 ) ;
#1442 = DIRECTION ( 'NONE',  ( -0.9396926207848983470, 0.3420201433284437709, 0.000000000000000000 ) ) ;
#1443 = ORIENTED_EDGE ( 'NONE', *, *, #1508, .T. ) ;
#1444 = CIRCLE ( 'NONE', #1926, 0.4999999999999449329 ) ;
#1445 = DIRECTION ( 'NONE',  ( 1.000000000000000000, 0.000000000000000000, 0.000000000000000000 ) ) ;
#1446 = ORIENTED_EDGE ( 'NONE', *, *, #3001, .T. ) ;
#1447 = CARTESIAN_POINT ( 'NONE',  ( 1497.318638212626638, 368.5228227475088829, 0.5000000000000000000 ) ) ;
#1448 = VERTEX_POINT ( 'NONE', #60 ) ;
#1449 = ORIENTED_EDGE ( 'NONE', *, *, #1966, .T. ) ;
#1450 = AXIS2_PLACEMENT_3D ( 'NONE', #1700, #2464, #367 ) ;
#1451 = DIRECTION ( 'NONE',  ( -1.000000000000000000, 0.000000000000000000, 0.000000000000000000 ) ) ;
#1452 = CIRCLE ( 'NONE', #3316, 0.4999999999999449329 ) ;
#1453 = DIRECTION ( 'NONE',  ( 0.000000000000000000, 0.000000000000000000, 1.000000000000000000 ) ) ;
#1454 = EDGE_CURVE ( 'NONE', #313, #1832, #1544, .T. ) ;
#1455 = DIRECTION ( 'NONE',  ( -0.000000000000000000, -0.000000000000000000, -1.000000000000000000 ) ) ;
#1456 = DIRECTION ( 'NONE',  ( -0.000000000000000000, -0.000000000000000000, -1.000000000000000000 ) ) ;
#1457 = CARTESIAN_POINT ( 'NONE',  ( 1495.130822191726566, 368.7728227475088261, 0.5000000000000000000 ) ) ;
#1458 = LINE ( 'NONE', #700, #3160 ) ;
#1459 = ORIENTED_EDGE ( 'NONE', *, *, #138, .F. ) ;
#1460 = CARTESIAN_POINT ( 'NONE',  ( 1482.275131535526725, 346.2728227475088261, 0.000000000000000000 ) ) ;
#1461 = ORIENTED_EDGE ( 'NONE', *, *, #2265, .T. ) ;
#1462 = VECTOR ( 'NONE', #3224, 1000.000000000000000 ) ;
#1463 = DIRECTION ( 'NONE',  ( -0.000000000000000000, -0.000000000000000000, -1.000000000000000000 ) ) ;
#1464 = EDGE_LOOP ( 'NONE', ( #403, #1530, #312, #2962 ) ) ;
#1465 = EDGE_LOOP ( 'NONE', ( #2047, #106, #618, #354 ) ) ;
#1466 = AXIS2_PLACEMENT_3D ( 'NONE', #679, #1708, #218 ) ;
#1467 = AXIS2_PLACEMENT_3D ( 'NONE', #675, #1184, #704 ) ;
#1468 = DIRECTION ( 'NONE',  ( -0.000000000000000000, -0.000000000000000000, -1.000000000000000000 ) ) ;
#1469 = CARTESIAN_POINT ( 'NONE',  ( 1481.775131535526725, 346.7728227475088261, 0.5000000000000000000 ) ) ;
#1470 = ADVANCED_FACE ( 'NONE', ( #293 ), #2595, .F. ) ;
#1471 = EDGE_CURVE ( 'NONE', #14, #2017, #273, .T. ) ;
#1472 = CARTESIAN_POINT ( 'NONE',  ( 1550.301300790826645, 359.1728227475087465, 0.5000000000000000000 ) ) ;
#1473 = FACE_OUTER_BOUND ( 'NONE', #3235, .T. ) ;
#1474 = EDGE_CURVE ( 'NONE', #1914, #789, #43, .T. ) ;
#1475 = DIRECTION ( 'NONE',  ( 0.3420201433252614831, -0.9396926207860566427, 0.000000000000000000 ) ) ;
#1476 = CARTESIAN_POINT ( 'NONE',  ( 1507.943474117134201, 341.7728227475088829, 0.5000000000000000000 ) ) ;
#1477 = MANIFOLD_SOLID_BREP ( 'Boss-Extrude1', #2649 ) ;
#1478 = CIRCLE ( 'NONE', #24, 0.5000000000001669775 ) ;
#1479 = CARTESIAN_POINT ( 'NONE',  ( 1559.462669659926860, 346.7728227475085987, 0.000000000000000000 ) ) ;
#1480 = VECTOR ( 'NONE', #2067, 1000.000000000000000 ) ;
#1481 = ORIENTED_EDGE ( 'NONE', *, *, #2902, .F. ) ;
#1482 = VECTOR ( 'NONE', #324, 1000.000000000000000 ) ;
#1483 = DIRECTION ( 'NONE',  ( -0.5000000000043951509, -0.8660254037819009598, 0.000000000000000000 ) ) ;
#1484 = ORIENTED_EDGE ( 'NONE', *, *, #316, .F. ) ;
#1485 = CARTESIAN_POINT ( 'NONE',  ( 1532.861314376326618, 341.5228227475088261, 0.5000000000000000000 ) ) ;
#1486 = CARTESIAN_POINT ( 'NONE',  ( 1502.358319245210623, 363.1728227475087465, 0.5000000000000000000 ) ) ;
#1487 = DIRECTION ( 'NONE',  ( -0.8660254037871867316, -0.4999999999952401963, 0.000000000000000000 ) ) ;
#1488 = LINE ( 'NONE', #2443, #926 ) ;
#1489 = DIRECTION ( 'NONE',  ( 0.000000000000000000, -0.000000000000000000, 1.000000000000000000 ) ) ;
#1490 = CARTESIAN_POINT ( 'NONE',  ( 1535.518976707726551, 370.9438328192090921, 0.5000000000000000000 ) ) ;
#1491 = CARTESIAN_POINT ( 'NONE',  ( 1489.562993581326737, 353.3728227475089625, 0.000000000000000000 ) ) ;
#1492 = ORIENTED_EDGE ( 'NONE', *, *, #80, .T. ) ;
#1493 = CIRCLE ( 'NONE', #3305, 0.4999999999999449329 ) ;
#1494 = CARTESIAN_POINT ( 'NONE',  ( 1507.943474117126698, 371.2728227475088261, 0.5000000000000000000 ) ) ;
#1495 = EDGE_CURVE ( 'NONE', #3315, #1102, #1017, .T. ) ;
#1496 = AXIS2_PLACEMENT_3D ( 'NONE', #2774, #698, #988 ) ;
#1497 = ORIENTED_EDGE ( 'NONE', *, *, #1191, .T. ) ;
#1498 = VERTEX_POINT ( 'NONE', #3272 ) ;
#1499 = CARTESIAN_POINT ( 'NONE',  ( 1496.885625510726641, 368.7728227475088261, 0.000000000000000000 ) ) ;
#1500 = DIRECTION ( 'NONE',  ( 0.000000000000000000, 0.000000000000000000, 1.000000000000000000 ) ) ;
#1501 = CARTESIAN_POINT ( 'NONE',  ( 1496.885625510726641, 343.7728227475087692, 0.000000000000000000 ) ) ;
#1502 = DIRECTION ( 'NONE',  ( -1.000000000000000000, 0.000000000000000000, 0.000000000000000000 ) ) ;
#1503 = CARTESIAN_POINT ( 'NONE',  ( 1484.886456400934321, 346.7728227475088829, 0.000000000000000000 ) ) ;
#1504 = DIRECTION ( 'NONE',  ( -0.000000000000000000, -0.000000000000000000, -1.000000000000000000 ) ) ;
#1505 = CARTESIAN_POINT ( 'NONE',  ( 1540.686001475326520, 349.6228227475089625, 0.000000000000000000 ) ) ;
#1506 = ORIENTED_EDGE ( 'NONE', *, *, #651, .F. ) ;
#1507 = VECTOR ( 'NONE', #1274, 1000.000000000000000 ) ;
#1508 = EDGE_CURVE ( 'NONE', #1091, #313, #3261, .T. ) ;
#1509 = CARTESIAN_POINT ( 'NONE',  ( 1528.118900597726679, 358.7728227475088261, 0.5000000000000000000 ) ) ;
#1510 = ORIENTED_EDGE ( 'NONE', *, *, #1092, .F. ) ;
#1511 = EDGE_CURVE ( 'NONE', #2687, #1498, #1458, .T. ) ;
#1512 = ORIENTED_EDGE ( 'NONE', *, *, #3228, .F. ) ;
#1513 = EDGE_CURVE ( 'NONE', #1152, #2564, #2839, .T. ) ;
#1514 = CARTESIAN_POINT ( 'NONE',  ( 1538.879481950226818, 349.8728227475089625, 0.5000000000000000000 ) ) ;
#1515 = AXIS2_PLACEMENT_3D ( 'NONE', #1503, #1739, #1976 ) ;
#1516 = CARTESIAN_POINT ( 'NONE',  ( 1489.129980879426512, 353.1228227475089625, 0.000000000000000000 ) ) ;
#1517 = ORIENTED_EDGE ( 'NONE', *, *, #1433, .F. ) ;
#1518 = FACE_OUTER_BOUND ( 'NONE', #973, .T. ) ;
#1519 = VECTOR ( 'NONE', #2034, 1000.000000000000227 ) ;
#1520 = PLANE ( 'NONE',  #1579 ) ;
#1521 = CARTESIAN_POINT ( 'NONE',  ( 1507.943474117134201, 341.7728227475088829, 0.5000000000000000000 ) ) ;
#1522 = LINE ( 'NONE', #1825, #2212 ) ;
#1523 = AXIS2_PLACEMENT_3D ( 'NONE', #2119, #1903, #317 ) ;
#1524 = DIRECTION ( 'NONE',  ( 0.000000000000000000, 0.000000000000000000, 1.000000000000000000 ) ) ;
#1525 = CARTESIAN_POINT ( 'NONE',  ( 1558.962669659926632, 365.7728227475088261, 0.5000000000000000000 ) ) ;
#1526 = CARTESIAN_POINT ( 'NONE',  ( 1508.376486819026695, 371.0228227475088261, 0.000000000000000000 ) ) ;
#1527 = ORIENTED_EDGE ( 'NONE', *, *, #590, .F. ) ;
#1528 = DIRECTION ( 'NONE',  ( -0.8660254037819010708, 0.5000000000043952619, 0.000000000000000000 ) ) ;
#1529 = AXIS2_PLACEMENT_3D ( 'NONE', #1142, #598, #128 ) ;
#1530 = ORIENTED_EDGE ( 'NONE', *, *, #2510, .F. ) ;
#1531 = EDGE_LOOP ( 'NONE', ( #1969, #2131, #1649, #1869 ) ) ;
#1532 = EDGE_CURVE ( 'NONE', #718, #1667, #778, .T. ) ;
#1533 = DIRECTION ( 'NONE',  ( -1.000000000000000000, -1.581691538506154777E-13, 0.000000000000000000 ) ) ;
#1534 = EDGE_CURVE ( 'NONE', #433, #2919, #1118, .T. ) ;
#1535 = CARTESIAN_POINT ( 'NONE',  ( 1489.129980879426512, 359.4228227475086896, 0.5000000000000000000 ) ) ;
#1536 = VERTEX_POINT ( 'NONE', #2033 ) ;
#1537 = DIRECTION ( 'NONE',  ( -0.000000000000000000, -0.000000000000000000, -1.000000000000000000 ) ) ;
#1538 = DIRECTION ( 'NONE',  ( 1.000000000000000000, 0.000000000000000000, 0.000000000000000000 ) ) ;
#1539 = DIRECTION ( 'NONE',  ( -0.000000000000000000, -0.000000000000000000, -1.000000000000000000 ) ) ;
#1540 = EDGE_CURVE ( 'NONE', #2017, #2049, #1635, .T. ) ;
#1541 = UNCERTAINTY_MEASURE_WITH_UNIT (LENGTH_MEASURE( 1.000000000000000082E-05 ), #1844, 'distance_accuracy_value', 'NONE');
#1542 = DIRECTION ( 'NONE',  ( -0.000000000000000000, -0.000000000000000000, -1.000000000000000000 ) ) ;
#1543 = CARTESIAN_POINT ( 'NONE',  ( 1538.409635639826774, 349.5438328192090580, 0.000000000000000000 ) ) ;
#1544 = LINE ( 'NONE', #2323, #476 ) ;
#1545 = LINE ( 'NONE', #803, #45 ) ;
#1546 = CARTESIAN_POINT ( 'NONE',  ( 1538.879481950206355, 349.3728227475089056, 0.000000000000000000 ) ) ;
#1547 = ORIENTED_EDGE ( 'NONE', *, *, #173, .F. ) ;
#1548 = VECTOR ( 'NONE', #2457, 1000.000000000000000 ) ;
#1549 = VERTEX_POINT ( 'NONE', #235 ) ;
#1550 = CIRCLE ( 'NONE', #2400, 0.4999999999999449329 ) ;
#1551 = CARTESIAN_POINT ( 'NONE',  ( 1546.106979003726337, 343.7728227475091103, 0.000000000000000000 ) ) ;
#1552 = ORIENTED_EDGE ( 'NONE', *, *, #315, .T. ) ;
#1553 = DIRECTION ( 'NONE',  ( 0.000000000000000000, 0.000000000000000000, 1.000000000000000000 ) ) ;
#1554 = ORIENTED_EDGE ( 'NONE', *, *, #1778, .T. ) ;
#1555 = CARTESIAN_POINT ( 'NONE',  ( 1544.352175684618715, 368.2728227475090534, 0.5000000000000000000 ) ) ;
#1556 = CARTESIAN_POINT ( 'NONE',  ( 1505.718824487726579, 370.9438328192089216, 0.5000000000000000000 ) ) ;
#1557 = FACE_OUTER_BOUND ( 'NONE', #448, .T. ) ;
#1558 = CARTESIAN_POINT ( 'NONE',  ( 1489.129980879426512, 353.1228227475089625, 0.5000000000000000000 ) ) ;
#1559 = EDGE_CURVE ( 'NONE', #1804, #3123, #845, .T. ) ;
#1560 = DIRECTION ( 'NONE',  ( 1.000000000000000000, 0.000000000000000000, 0.000000000000000000 ) ) ;
#1561 = VECTOR ( 'NONE', #922, 1000.000000000000114 ) ;
#1562 = EDGE_CURVE ( 'NONE', #542, #575, #3070, .T. ) ;
#1563 = DIRECTION ( 'NONE',  ( -0.000000000000000000, -0.000000000000000000, -1.000000000000000000 ) ) ;
#1564 = VECTOR ( 'NONE', #2093, 1000.000000000000000 ) ;
#1565 = ORIENTED_EDGE ( 'NONE', *, *, #170, .T. ) ;
#1566 = CYLINDRICAL_SURFACE ( 'NONE', #2680, 0.4999999999999449329 ) ;
#1567 = ORIENTED_EDGE ( 'NONE', *, *, #526, .T. ) ;
#1568 = VERTEX_POINT ( 'NONE', #332 ) ;
#1569 = CARTESIAN_POINT ( 'NONE',  ( 1535.049130397347199, 370.7728227475091103, 0.000000000000000000 ) ) ;
#1570 = ORIENTED_EDGE ( 'NONE', *, *, #526, .F. ) ;
#1571 = CARTESIAN_POINT ( 'NONE',  ( 1490.936500404547360, 352.8728227475090193, 0.000000000000000000 ) ) ;
#1572 = ORIENTED_EDGE ( 'NONE', *, *, #2126, .T. ) ;
#1573 = AXIS2_PLACEMENT_3D ( 'NONE', #2052, #253, #217 ) ;
#1574 = DIRECTION ( 'NONE',  ( 0.9396926207860535341, -0.3420201433252698653, 0.000000000000000000 ) ) ;
#1575 = CARTESIAN_POINT ( 'NONE',  ( 1538.879481950226818, 349.8728227475089625, 0.5000000000000000000 ) ) ;
#1576 = DIRECTION ( 'NONE',  ( 1.000000000000000000, 0.000000000000000000, 0.000000000000000000 ) ) ;
#1577 = LINE ( 'NONE', #2828, #746 ) ;
#1578 = ADVANCED_FACE ( 'NONE', ( #2783 ), #2888, .T. ) ;
#1579 = AXIS2_PLACEMENT_3D ( 'NONE', #56, #756, #236 ) ;
#1580 = EDGE_CURVE ( 'NONE', #2884, #579, #2281, .T. ) ;
#1581 = CARTESIAN_POINT ( 'NONE',  ( 1502.828165555626583, 363.0018126759086954, 0.000000000000000000 ) ) ;
#1582 = AXIS2_PLACEMENT_3D ( 'NONE', #1569, #541, #2351 ) ;
#1583 = ADVANCED_FACE ( 'NONE', ( #2651 ), #1285, .T. ) ;
#1584 = ORIENTED_EDGE ( 'NONE', *, *, #319, .T. ) ;
#1585 = ORIENTED_EDGE ( 'NONE', *, *, #1981, .F. ) ;
#1586 = DIRECTION ( 'NONE',  ( 1.000000000000000000, 0.000000000000000000, 0.000000000000000000 ) ) ;
#1587 = ORIENTED_EDGE ( 'NONE', *, *, #2494, .T. ) ;
#1588 = DIRECTION ( 'NONE',  ( 0.4999999999949055196, -0.8660254037873799104, 0.000000000000000000 ) ) ;
#1589 = ORIENTED_EDGE ( 'NONE', *, *, #2308, .T. ) ;
#1590 = VECTOR ( 'NONE', #1347, 1000.000000000000000 ) ;
#1591 = CARTESIAN_POINT ( 'NONE',  ( 1550.301300790942605, 359.6728227475087465, 0.000000000000000000 ) ) ;
#1592 = FACE_OUTER_BOUND ( 'NONE', #1295, .T. ) ;
#1593 = ORIENTED_EDGE ( 'NONE', *, *, #1229, .T. ) ;
#1594 = DIRECTION ( 'NONE',  ( -0.3420201433252804124, 0.9396926207860497593, 0.000000000000000000 ) ) ;
#1595 = DIRECTION ( 'NONE',  ( -0.000000000000000000, -0.000000000000000000, -1.000000000000000000 ) ) ;
#1596 = CARTESIAN_POINT ( 'NONE',  ( 1506.188670798126623, 341.2728227475088261, 0.000000000000000000 ) ) ;
#1597 = FILL_AREA_STYLE_COLOUR ( '', #423 ) ;
#1598 = PLANE ( 'NONE',  #1009 ) ;
#1599 = ORIENTED_EDGE ( 'NONE', *, *, #418, .T. ) ;
#1600 = DIRECTION ( 'NONE',  ( 1.000000000000000000, 0.000000000000000000, 0.000000000000000000 ) ) ;
#1601 = VERTEX_POINT ( 'NONE', #755 ) ;
#1602 = VERTEX_POINT ( 'NONE', #2050 ) ;
#1603 = EDGE_CURVE ( 'NONE', #3168, #2309, #1134, .T. ) ;
#1604 =( LENGTH_UNIT ( ) NAMED_UNIT ( * ) SI_UNIT ( .MILLI., .METRE. ) );
#1605 = EDGE_LOOP ( 'NONE', ( #2448, #1838, #881, #2462 ) ) ;
#1606 = CARTESIAN_POINT ( 'NONE',  ( 1533.294327078226615, 371.2728227475088829, 0.5000000000000000000 ) ) ;
#1607 = CIRCLE ( 'NONE', #2722, 0.5000000000001669775 ) ;
#1608 = ORIENTED_EDGE ( 'NONE', *, *, #586, .T. ) ;
#1609 = FACE_OUTER_BOUND ( 'NONE', #2775, .T. ) ;
#1610 = FACE_OUTER_BOUND ( 'NONE', #1953, .T. ) ;
#1611 = LINE ( 'NONE', #1810, #254 ) ;
#1612 = VERTEX_POINT ( 'NONE', #2385 ) ;
#1613 = AXIS2_PLACEMENT_3D ( 'NONE', #1555, #2366, #3049 ) ;
#1614 = CARTESIAN_POINT ( 'NONE',  ( 1507.943474117126698, 341.2728227475087692, 0.000000000000000000 ) ) ;
#1615 = VERTEX_POINT ( 'NONE', #591 ) ;
#1616 = ORIENTED_EDGE ( 'NONE', *, *, #339, .F. ) ;
#1617 = EDGE_CURVE ( 'NONE', #3123, #2132, #486, .T. ) ;
#1618 = EDGE_CURVE ( 'NONE', #602, #2583, #692, .T. ) ;
#1619 = CARTESIAN_POINT ( 'NONE',  ( 1530.618900597726679, 346.4067973436950751, 0.000000000000000000 ) ) ;
#1620 = EDGE_CURVE ( 'NONE', #451, #1448, #1303, .T. ) ;
#1621 = EDGE_CURVE ( 'NONE', #122, #137, #1350, .T. ) ;
#1622 = ORIENTED_EDGE ( 'NONE', *, *, #1603, .F. ) ;
#1623 = DIRECTION ( 'NONE',  ( 0.000000000000000000, 0.000000000000000000, 1.000000000000000000 ) ) ;
#1624 = ORIENTED_EDGE ( 'NONE', *, *, #1317, .F. ) ;
#1625 = CARTESIAN_POINT ( 'NONE',  ( 1555.918332092626770, 346.5228227475085987, 0.5000000000000000000 ) ) ;
#1626 = CARTESIAN_POINT ( 'NONE',  ( 1502.358319245226539, 349.8728227475089625, 0.000000000000000000 ) ) ;
#1627 = DIRECTION ( 'NONE',  ( -0.000000000000000000, -0.000000000000000000, -1.000000000000000000 ) ) ;
#1628 = AXIS2_PLACEMENT_3D ( 'NONE', #185, #3253, #165 ) ;
#1629 = CARTESIAN_POINT ( 'NONE',  ( 1528.118900597726679, 353.7728227475088261, 0.5000000000000000000 ) ) ;
#1630 = ORIENTED_EDGE ( 'NONE', *, *, #1735, .T. ) ;
#1631 = PLANE ( 'NONE',  #365 ) ;
#1632 = VECTOR ( 'NONE', #720, 1000.000000000000000 ) ;
#1633 = ORIENTED_EDGE ( 'NONE', *, *, #1620, .T. ) ;
#1634 = VERTEX_POINT ( 'NONE', #2804 ) ;
#1635 = LINE ( 'NONE', #3031, #3211 ) ;
#1636 = CARTESIAN_POINT ( 'NONE',  ( 1555.918332092626542, 366.0228227475088829, 0.5000000000000000000 ) ) ;
#1637 = ADVANCED_FACE ( 'NONE', ( #1518 ), #508, .F. ) ;
#1638 = DIRECTION ( 'NONE',  ( -1.000000000000000000, 0.000000000000000000, 0.000000000000000000 ) ) ;
#1639 = AXIS2_PLACEMENT_3D ( 'NONE', #1139, #1106, #3219 ) ;
#1640 = ORIENTED_EDGE ( 'NONE', *, *, #1559, .T. ) ;
#1641 = EDGE_CURVE ( 'NONE', #1196, #2318, #1035, .T. ) ;
#1642 = LINE ( 'NONE', #3218, #1101 ) ;
#1643 = CARTESIAN_POINT ( 'NONE',  ( 1485.319469102826588, 346.5228227475090534, 0.5000000000000000000 ) ) ;
#1644 = AXIS2_PLACEMENT_3D ( 'NONE', #1820, #2841, #286 ) ;
#1645 = CIRCLE ( 'NONE', #2227, 0.5000000000003890221 ) ;
#1646 = ADVANCED_FACE ( 'NONE', ( #606 ), #2182, .T. ) ;
#1647 = CARTESIAN_POINT ( 'NONE',  ( 1511.118900597726906, 366.1388481513088209, 0.000000000000000000 ) ) ;
#1648 = CARTESIAN_POINT ( 'NONE',  ( 1546.106979003726565, 368.7728227475088261, 0.5000000000000000000 ) ) ;
#1649 = ORIENTED_EDGE ( 'NONE', *, *, #1664, .T. ) ;
#1650 = FACE_OUTER_BOUND ( 'NONE', #1651, .T. ) ;
#1651 = EDGE_LOOP ( 'NONE', ( #3011, #888, #2013, #516 ) ) ;
#1652 = EDGE_LOOP ( 'NONE', ( #1855, #2684, #992, #1690 ) ) ;
#1653 = DIRECTION ( 'NONE',  ( 0.000000000000000000, 0.000000000000000000, 1.000000000000000000 ) ) ;
#1654 = ORIENTED_EDGE ( 'NONE', *, *, #1495, .F. ) ;
#1655 = VERTEX_POINT ( 'NONE', #639 ) ;
#1656 = CYLINDRICAL_SURFACE ( 'NONE', #2753, 2.000000000000001776 ) ;
#1657 = ORIENTED_EDGE ( 'NONE', *, *, #1621, .F. ) ;
#1658 = PLANE ( 'NONE',  #3277 ) ;
#1659 = VECTOR ( 'NONE', #2285, 1000.000000000000227 ) ;
#1660 = DIRECTION ( 'NONE',  ( -1.000000000000000000, 0.000000000000000000, 0.000000000000000000 ) ) ;
#1661 = VECTOR ( 'NONE', #1723, 1000.000000000000000 ) ;
#1662 = DIRECTION ( 'NONE',  ( -0.000000000000000000, -0.000000000000000000, -1.000000000000000000 ) ) ;
#1663 = ADVANCED_FACE ( 'NONE', ( #654 ), #1135, .F. ) ;
#1664 = EDGE_CURVE ( 'NONE', #296, #1196, #2667, .T. ) ;
#1665 = ORIENTED_EDGE ( 'NONE', *, *, #1433, .T. ) ;
#1666 = DIRECTION ( 'NONE',  ( 0.000000000000000000, -0.000000000000000000, -1.000000000000000000 ) ) ;
#1667 = VERTEX_POINT ( 'NONE', #1181 ) ;
#1668 = ORIENTED_EDGE ( 'NONE', *, *, #2867, .F. ) ;
#1669 = VECTOR ( 'NONE', #1670, 1000.000000000000000 ) ;
#1670 = DIRECTION ( 'NONE',  ( -1.000000000000000000, -1.265353230805084169E-13, 0.000000000000000000 ) ) ;
#1671 = ORIENTED_EDGE ( 'NONE', *, *, #418, .F. ) ;
#1672 = VECTOR ( 'NONE', #1259, 1000.000000000000000 ) ;
#1673 = EDGE_LOOP ( 'NONE', ( #1922, #117, #2076, #830 ) ) ;
#1674 = CARTESIAN_POINT ( 'NONE',  ( 1530.118900597726679, 346.4067973437088312, 0.5000000000000000000 ) ) ;
#1675 = ORIENTED_EDGE ( 'NONE', *, *, #2248, .T. ) ;
#1676 = LINE ( 'NONE', #2627, #2746 ) ;
#1677 = CARTESIAN_POINT ( 'NONE',  ( 1502.358319245226539, 362.6728227475086896, 0.000000000000000000 ) ) ;
#1678 = LINE ( 'NONE', #113, #198 ) ;
#1679 = EDGE_CURVE ( 'NONE', #15, #2327, #1986, .T. ) ;
#1680 = VERTEX_POINT ( 'NONE', #1688 ) ;
#1681 = CARTESIAN_POINT ( 'NONE',  ( 1482.275131535526725, 365.7728227475088261, 0.000000000000000000 ) ) ;
#1682 = ADVANCED_FACE ( 'NONE', ( #1402 ), #1918, .T. ) ;
#1683 = VECTOR ( 'NONE', #1807, 1000.000000000000114 ) ;
#1684 = EDGE_LOOP ( 'NONE', ( #1784, #1215, #911, #2619 ) ) ;
#1685 = ORIENTED_EDGE ( 'NONE', *, *, #1026, .F. ) ;
#1686 = AXIS2_PLACEMENT_3D ( 'NONE', #2537, #2035, #3051 ) ;
#1687 = AXIS2_PLACEMENT_3D ( 'NONE', #1706, #1957, #983 ) ;
#1688 = CARTESIAN_POINT ( 'NONE',  ( 1507.943474117126698, 371.2728227475088261, 0.000000000000000000 ) ) ;
#1689 = ORIENTED_EDGE ( 'NONE', *, *, #1513, .F. ) ;
#1690 = ORIENTED_EDGE ( 'NONE', *, *, #1474, .T. ) ;
#1691 = ORIENTED_EDGE ( 'NONE', *, *, #2946, .F. ) ;
#1692 = DIRECTION ( 'NONE',  ( 0.000000000000000000, 0.000000000000000000, 1.000000000000000000 ) ) ;
#1693 = CARTESIAN_POINT ( 'NONE',  ( 1502.358319245226539, 349.8728227475090193, 0.5000000000000000000 ) ) ;
#1694 = DIRECTION ( 'NONE',  ( -1.000000000000000000, 0.000000000000000000, 0.000000000000000000 ) ) ;
#1695 = CARTESIAN_POINT ( 'NONE',  ( 1481.775131535526725, 346.7728227475088261, 0.5000000000000000000 ) ) ;
#1696 = VECTOR ( 'NONE', #1341, 1000.000000000000000 ) ;
#1697 = ORIENTED_EDGE ( 'NONE', *, *, #2598, .T. ) ;
#1698 = CARTESIAN_POINT ( 'NONE',  ( 1496.885625510734371, 368.2728227475087124, 0.000000000000000000 ) ) ;
#1699 = VERTEX_POINT ( 'NONE', #684 ) ;
#1700 = CARTESIAN_POINT ( 'NONE',  ( 1546.106979003747028, 368.2728227475085987, 0.000000000000000000 ) ) ;
#1701 = ORIENTED_EDGE ( 'NONE', *, *, #1338, .T. ) ;
#1702 = ORIENTED_EDGE ( 'NONE', *, *, #1146, .F. ) ;
#1703 = ADVANCED_FACE ( 'NONE', ( #2166 ), #2951, .F. ) ;
#1704 = CARTESIAN_POINT ( 'NONE',  ( 1490.936500404510980, 359.6728227475088033, 0.5000000000000000000 ) ) ;
#1705 = CARTESIAN_POINT ( 'NONE',  ( 1502.358319245247003, 349.3728227475089625, 0.000000000000000000 ) ) ;
#1706 = CARTESIAN_POINT ( 'NONE',  ( 1544.352175684618715, 368.2728227475090534, 0.000000000000000000 ) ) ;
#1707 = CARTESIAN_POINT ( 'NONE',  ( 1482.275131535526725, 366.2728227475088261, 0.5000000000000000000 ) ) ;
#1708 = DIRECTION ( 'NONE',  ( 0.000000000000000000, 0.000000000000000000, 1.000000000000000000 ) ) ;
#1709 = EDGE_LOOP ( 'NONE', ( #574, #827, #246, #2526 ) ) ;
#1710 = VECTOR ( 'NONE', #552, 1000.000000000000000 ) ;
#1711 = DIRECTION ( 'NONE',  ( -1.000000000000000000, 0.000000000000000000, 0.000000000000000000 ) ) ;
#1712 = ORIENTED_EDGE ( 'NONE', *, *, #1924, .T. ) ;
#1713 = DIRECTION ( 'NONE',  ( -1.000000000000000000, 0.000000000000000000, 0.000000000000000000 ) ) ;
#1714 = ORIENTED_EDGE ( 'NONE', *, *, #2451, .T. ) ;
#1715 = EDGE_LOOP ( 'NONE', ( #1430, #3094, #1999, #1983 ) ) ;
#1716 = EDGE_CURVE ( 'NONE', #3014, #433, #1935, .T. ) ;
#1717 = VECTOR ( 'NONE', #836, 1000.000000000000000 ) ;
#1718 = EDGE_CURVE ( 'NONE', #485, #1206, #623, .T. ) ;
#1719 = DIRECTION ( 'NONE',  ( 1.000000000000000000, 0.000000000000000000, 0.000000000000000000 ) ) ;
#1720 = AXIS2_PLACEMENT_3D ( 'NONE', #1100, #1366, #1351 ) ;
#1721 = ADVANCED_FACE ( 'NONE', ( #1950 ), #104, .F. ) ;
#1722 = DIRECTION ( 'NONE',  ( -0.000000000000000000, -0.000000000000000000, -1.000000000000000000 ) ) ;
#1723 = DIRECTION ( 'NONE',  ( -0.000000000000000000, -0.000000000000000000, -1.000000000000000000 ) ) ;
#1724 = FACE_OUTER_BOUND ( 'NONE', #1435, .T. ) ;
#1725 = CARTESIAN_POINT ( 'NONE',  ( 1535.049130397347199, 370.7728227475091103, 0.5000000000000000000 ) ) ;
#1726 = DIRECTION ( 'NONE',  ( -0.000000000000000000, -0.000000000000000000, -1.000000000000000000 ) ) ;
#1727 = DIRECTION ( 'NONE',  ( 1.000000000000000000, 0.000000000000000000, 0.000000000000000000 ) ) ;
#1728 = ORIENTED_EDGE ( 'NONE', *, *, #1818, .T. ) ;
#1729 = VECTOR ( 'NONE', #2459, 1000.000000000000000 ) ;
#1730 = CARTESIAN_POINT ( 'NONE',  ( 1511.118900597726906, 366.1388481513088209, 0.5000000000000000000 ) ) ;
#1731 = ORIENTED_EDGE ( 'NONE', *, *, #95, .F. ) ;
#1732 = AXIS2_PLACEMENT_3D ( 'NONE', #999, #2769, #1253 ) ;
#1733 = CARTESIAN_POINT ( 'NONE',  ( 1490.936500404526669, 353.3728227475089056, 0.000000000000000000 ) ) ;
#1734 = AXIS2_PLACEMENT_3D ( 'NONE', #659, #2002, #1217 ) ;
#1735 = EDGE_CURVE ( 'NONE', #287, #62, #1420, .T. ) ;
#1736 = FACE_OUTER_BOUND ( 'NONE', #2185, .T. ) ;
#1737 = DIRECTION ( 'NONE',  ( -0.000000000000000000, -0.000000000000000000, -1.000000000000000000 ) ) ;
#1738 = DIRECTION ( 'NONE',  ( 0.000000000000000000, 1.000000000000000000, 0.000000000000000000 ) ) ;
#1739 = DIRECTION ( 'NONE',  ( 0.000000000000000000, 0.000000000000000000, 1.000000000000000000 ) ) ;
#1740 = CARTESIAN_POINT ( 'NONE',  ( 1540.252988773426750, 349.8728227475090193, 0.5000000000000000000 ) ) ;
#1741 = EDGE_CURVE ( 'NONE', #2173, #655, #1025, .T. ) ;
#1742 = AXIS2_PLACEMENT_3D ( 'NONE', #2469, #201, #469 ) ;
#1743 = CARTESIAN_POINT ( 'NONE',  ( 1550.301300790826645, 359.1728227475087465, 0.5000000000000000000 ) ) ;
#1744 = ORIENTED_EDGE ( 'NONE', *, *, #3207, .F. ) ;
#1745 = DIRECTION ( 'NONE',  ( -1.000000000000000000, 0.000000000000000000, 0.000000000000000000 ) ) ;
#1746 = ORIENTED_EDGE ( 'NONE', *, *, #725, .T. ) ;
#1747 = CARTESIAN_POINT ( 'NONE',  ( 1490.936500404547360, 352.8728227475090193, 0.5000000000000000000 ) ) ;
#1748 = CARTESIAN_POINT ( 'NONE',  ( 1500.984812422018877, 363.1728227475088033, 0.5000000000000000000 ) ) ;
#1749 = CARTESIAN_POINT ( 'NONE',  ( 1491.406346714926713, 359.5018126759086954, 0.5000000000000000000 ) ) ;
#1750 = DIRECTION ( 'NONE',  ( -1.000000000000000000, 0.000000000000000000, 0.000000000000000000 ) ) ;
#1751 = CARTESIAN_POINT ( 'NONE',  ( 1543.919162982726448, 344.0228227475088261, 0.5000000000000000000 ) ) ;
#1752 = DIRECTION ( 'NONE',  ( -0.000000000000000000, -0.000000000000000000, -1.000000000000000000 ) ) ;
#1753 = EDGE_CURVE ( 'NONE', #2544, #1655, #120, .T. ) ;
#1754 = DIRECTION ( 'NONE',  ( 1.000000000000000000, 1.581691538506555392E-13, 0.000000000000000000 ) ) ;
#1755 = EDGE_CURVE ( 'NONE', #575, #2416, #1151, .T. ) ;
#1756 = ORIENTED_EDGE ( 'NONE', *, *, #819, .T. ) ;
#1757 = AXIS2_PLACEMENT_3D ( 'NONE', #3293, #1257, #2288 ) ;
#1758 = FACE_OUTER_BOUND ( 'NONE', #2247, .T. ) ;
#1759 = VECTOR ( 'NONE', #2789, 1000.000000000000000 ) ;
#1760 = ORIENTED_EDGE ( 'NONE', *, *, #586, .F. ) ;
#1761 = ORIENTED_EDGE ( 'NONE', *, *, #2755, .F. ) ;
#1762 = CARTESIAN_POINT ( 'NONE',  ( 1552.107820315926574, 353.1228227475089625, 0.5000000000000000000 ) ) ;
#1763 = VERTEX_POINT ( 'NONE', #1447 ) ;
#1764 = DIRECTION ( 'NONE',  ( -0.000000000000000000, -0.000000000000000000, -1.000000000000000000 ) ) ;
#1765 = ORIENTED_EDGE ( 'NONE', *, *, #1947, .T. ) ;
#1766 = VECTOR ( 'NONE', #2432, 1000.000000000000000 ) ;
#1767 = DIRECTION ( 'NONE',  ( -0.000000000000000000, -0.000000000000000000, -1.000000000000000000 ) ) ;
#1768 = DIRECTION ( 'NONE',  ( 0.000000000000000000, -0.000000000000000000, -1.000000000000000000 ) ) ;
#1769 = FACE_OUTER_BOUND ( 'NONE', #1652, .T. ) ;
#1770 = FACE_OUTER_BOUND ( 'NONE', #2181, .T. ) ;
#1771 = PLANE ( 'NONE',  #2313 ) ;
#1772 = DIRECTION ( 'NONE',  ( 0.000000000000000000, 0.000000000000000000, 1.000000000000000000 ) ) ;
#1773 = CYLINDRICAL_SURFACE ( 'NONE', #800, 0.4999999999999449329 ) ;
#1774 = ADVANCED_FACE ( 'NONE', ( #1195 ), #2217, .T. ) ;
#1775 = EDGE_CURVE ( 'NONE', #3212, #2878, #1968, .T. ) ;
#1776 = LINE ( 'NONE', #3295, #1137 ) ;
#1777 = ORIENTED_EDGE ( 'NONE', *, *, #211, .F. ) ;
#1778 = EDGE_CURVE ( 'NONE', #3124, #840, #2979, .T. ) ;
#1779 = DIRECTION ( 'NONE',  ( -0.000000000000000000, -0.000000000000000000, -1.000000000000000000 ) ) ;
#1780 = AXIS2_PLACEMENT_3D ( 'NONE', #511, #3110, #2827 ) ;
#1781 = CIRCLE ( 'NONE', #1466, 0.5000000000001669775 ) ;
#1782 = AXIS2_PLACEMENT_3D ( 'NONE', #1077, #2084, #1786 ) ;
#1783 = CARTESIAN_POINT ( 'NONE',  ( 1513.118900597726906, 351.7728227475088261, 0.5000000000000000000 ) ) ;
#1784 = ORIENTED_EDGE ( 'NONE', *, *, #2550, .F. ) ;
#1785 = DIRECTION ( 'NONE',  ( 0.000000000000000000, 0.000000000000000000, 1.000000000000000000 ) ) ;
#1786 = DIRECTION ( 'NONE',  ( 1.000000000000000000, 0.000000000000000000, 0.000000000000000000 ) ) ;
#1787 = CARTESIAN_POINT ( 'NONE',  ( 1540.686001475326520, 349.6228227475089625, 0.5000000000000000000 ) ) ;
#1788 = FACE_OUTER_BOUND ( 'NONE', #1715, .T. ) ;
#1789 = CARTESIAN_POINT ( 'NONE',  ( 1502.358319245226539, 362.6728227475086896, 0.5000000000000000000 ) ) ;
#1790 = DIRECTION ( 'NONE',  ( 0.9396926207860566427, 0.3420201433252614831, -0.000000000000000000 ) ) ;
#1791 = CARTESIAN_POINT ( 'NONE',  ( 1530.118900597726679, 346.4067973437088312, 0.000000000000000000 ) ) ;
#1792 = ORIENTED_EDGE ( 'NONE', *, *, #78, .F. ) ;
#1793 = VECTOR ( 'NONE', #2736, 1000.000000000000000 ) ;
#1794 = DIRECTION ( 'NONE',  ( -0.4999999999928022576, -0.8660254037885941614, 0.000000000000000000 ) ) ;
#1795 = AXIS2_PLACEMENT_3D ( 'NONE', #3086, #543, #37 ) ;
#1796 = ORIENTED_EDGE ( 'NONE', *, *, #1267, .T. ) ;
#1797 = EDGE_LOOP ( 'NONE', ( #1657, #826, #719, #2180 ) ) ;
#1798 = CIRCLE ( 'NONE', #2064, 0.4999999999999449329 ) ;
#1799 = ADVANCED_FACE ( 'NONE', ( #730 ), #2233, .F. ) ;
#1800 = CARTESIAN_POINT ( 'NONE',  ( 1530.185887895826454, 346.1567973437088312, 0.5000000000000000000 ) ) ;
#1801 = EDGE_CURVE ( 'NONE', #496, #262, #2275, .T. ) ;
#1802 = ORIENTED_EDGE ( 'NONE', *, *, #3058, .T. ) ;
#1803 = DIRECTION ( 'NONE',  ( 0.000000000000000000, 0.000000000000000000, 1.000000000000000000 ) ) ;
#1804 = VERTEX_POINT ( 'NONE', #2291 ) ;
#1805 = DIRECTION ( 'NONE',  ( -0.000000000000000000, -0.000000000000000000, -1.000000000000000000 ) ) ;
#1806 = DIRECTION ( 'NONE',  ( 0.4999999999949055196, -0.8660254037873799104, 0.000000000000000000 ) ) ;
#1807 = DIRECTION ( 'NONE',  ( 0.3420201433252931245, 0.9396926207860450964, 0.000000000000000000 ) ) ;
#1808 = CARTESIAN_POINT ( 'NONE',  ( 1552.107820315926574, 359.4228227475086896, 0.5000000000000000000 ) ) ;
#1809 = DIRECTION ( 'NONE',  ( 1.000000000000000000, 0.000000000000000000, 0.000000000000000000 ) ) ;
#1810 = CARTESIAN_POINT ( 'NONE',  ( 1505.718824487726579, 341.6018126759087181, 0.5000000000000000000 ) ) ;
#1811 = VERTEX_POINT ( 'NONE', #990 ) ;
#1812 = CARTESIAN_POINT ( 'NONE',  ( 1500.551799720126610, 349.6228227475089625, 0.5000000000000000000 ) ) ;
#1813 = ORIENTED_EDGE ( 'NONE', *, *, #1755, .T. ) ;
#1814 = DIRECTION ( 'NONE',  ( 0.000000000000000000, 0.000000000000000000, 1.000000000000000000 ) ) ;
#1815 = ORIENTED_EDGE ( 'NONE', *, *, #2946, .T. ) ;
#1816 = CIRCLE ( 'NONE', #637, 0.5000000000001669775 ) ;
#1817 = CARTESIAN_POINT ( 'NONE',  ( 1485.319469102826588, 346.5228227475090534, 0.5000000000000000000 ) ) ;
#1818 = EDGE_CURVE ( 'NONE', #65, #2168, #2545, .T. ) ;
#1819 = ADVANCED_FACE ( 'NONE', ( #1758 ), #2525, .F. ) ;
#1820 = CARTESIAN_POINT ( 'NONE',  ( 1502.358319245210623, 363.1728227475087465, 0.5000000000000000000 ) ) ;
#1821 = ORIENTED_EDGE ( 'NONE', *, *, #1910, .T. ) ;
#1822 = EDGE_CURVE ( 'NONE', #750, #3117, #2028, .T. ) ;
#1823 = CARTESIAN_POINT ( 'NONE',  ( 1528.118900597726679, 358.7728227475088261, 0.000000000000000000 ) ) ;
#1824 = DIRECTION ( 'NONE',  ( 1.000000000000000000, 0.000000000000000000, 0.000000000000000000 ) ) ;
#1825 = CARTESIAN_POINT ( 'NONE',  ( 1494.660975881326522, 368.4438328192086942, 0.5000000000000000000 ) ) ;
#1826 = CARTESIAN_POINT ( 'NONE',  ( 1497.318638212626638, 344.0228227475088261, 0.5000000000000000000 ) ) ;
#1827 = CARTESIAN_POINT ( 'NONE',  ( 1535.518976707726324, 341.6018126759088318, 0.5000000000000000000 ) ) ;
#1828 = AXIS2_PLACEMENT_3D ( 'NONE', #3287, #997, #1269 ) ;
#1829 = DIRECTION ( 'NONE',  ( 1.000000000000000000, 0.000000000000000000, 0.000000000000000000 ) ) ;
#1830 = AXIS2_PLACEMENT_3D ( 'NONE', #3025, #3265, #1278 ) ;
#1831 = VERTEX_POINT ( 'NONE', #3249 ) ;
#1832 = VERTEX_POINT ( 'NONE', #1509 ) ;
#1833 = CYLINDRICAL_SURFACE ( 'NONE', #647, 0.5000000000001669775 ) ;
#1834 = ORIENTED_EDGE ( 'NONE', *, *, #2944, .T. ) ;
#1835 = ORIENTED_EDGE ( 'NONE', *, *, #2549, .F. ) ;
#1836 = LINE ( 'NONE', #483, #2264 ) ;
#1837 = DIRECTION ( 'NONE',  ( -0.4999999999928022576, -0.8660254037885941614, 0.000000000000000000 ) ) ;
#1838 = ORIENTED_EDGE ( 'NONE', *, *, #135, .F. ) ;
#1839 = VECTOR ( 'NONE', #345, 1000.000000000000000 ) ;
#1840 = CARTESIAN_POINT ( 'NONE',  ( 1528.118900597726679, 351.7728227475088261, 0.5000000000000000000 ) ) ;
#1841 = CARTESIAN_POINT ( 'NONE',  ( 1551.674807614126621, 353.3728227475089056, 0.5000000000000000000 ) ) ;
#1842 = LINE ( 'NONE', #1826, #2437 ) ;
#1843 = CIRCLE ( 'NONE', #875, 0.5000000000001669775 ) ;
#1844 =( LENGTH_UNIT ( ) NAMED_UNIT ( * ) SI_UNIT ( .MILLI., .METRE. ) );
#1845 = AXIS2_PLACEMENT_3D ( 'NONE', #1840, #2863, #2556 ) ;
#1846 = DIRECTION ( 'NONE',  ( 0.000000000000000000, 0.000000000000000000, 1.000000000000000000 ) ) ;
#1847 = AXIS2_PLACEMENT_3D ( 'NONE', #1747, #2467, #2030 ) ;
#1848 = ADVANCED_FACE ( 'NONE', ( #2498 ), #2793, .T. ) ;
#1849 = ORIENTED_EDGE ( 'NONE', *, *, #1511, .F. ) ;
#1850 = CARTESIAN_POINT ( 'NONE',  ( 1485.319469102826588, 366.0228227475088261, 0.5000000000000000000 ) ) ;
#1851 = ORIENTED_EDGE ( 'NONE', *, *, #2234, .F. ) ;
#1852 = AXIS2_PLACEMENT_3D ( 'NONE', #691, #2221, #2266 ) ;
#1853 = EDGE_LOOP ( 'NONE', ( #3085, #2371, #3247, #1320 ) ) ;
#1854 = VECTOR ( 'NONE', #2201, 1000.000000000000000 ) ;
#1855 = ORIENTED_EDGE ( 'NONE', *, *, #1907, .T. ) ;
#1856 = PLANE ( 'NONE',  #3074 ) ;
#1857 = ORIENTED_EDGE ( 'NONE', *, *, #2981, .F. ) ;
#1858 = LINE ( 'NONE', #2536, #1150 ) ;
#1859 = DIRECTION ( 'NONE',  ( -1.000000000000000000, 0.000000000000000000, 0.000000000000000000 ) ) ;
#1860 = CARTESIAN_POINT ( 'NONE',  ( 1532.861314376326618, 341.5228227475088261, 0.000000000000000000 ) ) ;
#1861 = CARTESIAN_POINT ( 'NONE',  ( 1494.660975881326522, 368.4438328192086942, 0.5000000000000000000 ) ) ;
#1862 = EDGE_CURVE ( 'NONE', #2544, #2229, #1776, .T. ) ;
#1863 = EDGE_CURVE ( 'NONE', #3251, #1680, #3313, .T. ) ;
#1864 = EDGE_CURVE ( 'NONE', #1763, #464, #1028, .T. ) ;
#1865 = ORIENTED_EDGE ( 'NONE', *, *, #1580, .T. ) ;
#1866 = CARTESIAN_POINT ( 'NONE',  ( 1555.918332092626770, 346.5228227475085987, 0.000000000000000000 ) ) ;
#1867 = ADVANCED_FACE ( 'NONE', ( #2481 ), #748, .F. ) ;
#1868 = ORIENTED_EDGE ( 'NONE', *, *, #1741, .F. ) ;
#1869 = ORIENTED_EDGE ( 'NONE', *, *, #1641, .T. ) ;
#1870 = CARTESIAN_POINT ( 'NONE',  ( 1502.358319245226539, 362.6728227475086896, 0.5000000000000000000 ) ) ;
#1871 = ORIENTED_EDGE ( 'NONE', *, *, #2454, .F. ) ;
#1872 = CARTESIAN_POINT ( 'NONE',  ( 1513.118900597726906, 351.7728227475088261, 0.000000000000000000 ) ) ;
#1873 = CIRCLE ( 'NONE', #1125, 0.4999999999999449329 ) ;
#1874 = ORIENTED_EDGE ( 'NONE', *, *, #1603, .T. ) ;
#1875 = LINE ( 'NONE', #2389, #2109 ) ;
#1876 = LINE ( 'NONE', #2894, #2810 ) ;
#1877 = DIRECTION ( 'NONE',  ( 0.000000000000000000, -0.000000000000000000, 1.000000000000000000 ) ) ;
#1878 = VECTOR ( 'NONE', #966, 1000.000000000000000 ) ;
#1879 = EDGE_LOOP ( 'NONE', ( #159, #2940, #2790, #1432 ) ) ;
#1880 = VECTOR ( 'NONE', #30, 1000.000000000000000 ) ;
#1881 = LINE ( 'NONE', #870, #2773 ) ;
#1882 = EDGE_CURVE ( 'NONE', #55, #2236, #2041, .T. ) ;
#1883 = VERTEX_POINT ( 'NONE', #767 ) ;
#1884 = VERTEX_POINT ( 'NONE', #463 ) ;
#1885 = EDGE_CURVE ( 'NONE', #1901, #2614, #431, .T. ) ;
#1886 = CARTESIAN_POINT ( 'NONE',  ( 1558.962669659926632, 346.2728227475088261, 0.5000000000000000000 ) ) ;
#1887 = PLANE ( 'NONE',  #2112 ) ;
#1888 = VERTEX_POINT ( 'NONE', #181 ) ;
#1889 = EDGE_CURVE ( 'NONE', #3124, #589, #967, .T. ) ;
#1890 = CARTESIAN_POINT ( 'NONE',  ( 1556.351344794519036, 346.7728227475087692, 0.5000000000000000000 ) ) ;
#1891 = VERTEX_POINT ( 'NONE', #3280 ) ;
#1892 = DIRECTION ( 'NONE',  ( 1.000000000000000000, 0.000000000000000000, 0.000000000000000000 ) ) ;
#1893 = LINE ( 'NONE', #1911, #84 ) ;
#1894 = AXIS2_PLACEMENT_3D ( 'NONE', #2577, #1524, #2540 ) ;
#1895 = LINE ( 'NONE', #2913, #1975 ) ;
#1896 = AXIS2_PLACEMENT_3D ( 'NONE', #3054, #761, #551 ) ;
#1897 = CIRCLE ( 'NONE', #1734, 0.5000000000001669775 ) ;
#1898 = ORIENTED_EDGE ( 'NONE', *, *, #1471, .F. ) ;
#1899 = CARTESIAN_POINT ( 'NONE',  ( 1484.886456400934321, 346.7728227475088829, 0.5000000000000000000 ) ) ;
#1900 = EDGE_LOOP ( 'NONE', ( #2982, #1395, #653, #847 ) ) ;
#1901 = VERTEX_POINT ( 'NONE', #2245 ) ;
#1902 = CARTESIAN_POINT ( 'NONE',  ( 1510.618900597726679, 346.4067973436958709, 0.000000000000000000 ) ) ;
#1903 = DIRECTION ( 'NONE',  ( 0.000000000000000000, 1.000000000000000000, 0.000000000000000000 ) ) ;
#1904 = ORIENTED_EDGE ( 'NONE', *, *, #671, .T. ) ;
#1905 = DIRECTION ( 'NONE',  ( -0.000000000000000000, -0.000000000000000000, -1.000000000000000000 ) ) ;
#1906 = AXIS2_PLACEMENT_3D ( 'NONE', #1748, #1955, #1234 ) ;
#1907 = EDGE_CURVE ( 'NONE', #789, #2648, #972, .T. ) ;
#1908 = VERTEX_POINT ( 'NONE', #716 ) ;
#1909 = FACE_OUTER_BOUND ( 'NONE', #2813, .T. ) ;
#1910 = EDGE_CURVE ( 'NONE', #2689, #1422, #2512, .T. ) ;
#1911 = CARTESIAN_POINT ( 'NONE',  ( 1506.188670798126623, 371.2728227475090534, 0.000000000000000000 ) ) ;
#1912 = AXIS2_PLACEMENT_3D ( 'NONE', #3143, #517, #2187 ) ;
#1913 = LINE ( 'NONE', #2379, #1342 ) ;
#1914 = VERTEX_POINT ( 'NONE', #1243 ) ;
#1915 = CARTESIAN_POINT ( 'NONE',  ( 1506.188670798126623, 341.2728227475088261, 0.5000000000000000000 ) ) ;
#1916 = VERTEX_POINT ( 'NONE', #1614 ) ;
#1917 = ORIENTED_EDGE ( 'NONE', *, *, #877, .T. ) ;
#1918 = CYLINDRICAL_SURFACE ( 'NONE', #963, 0.5000000000001669775 ) ;
#1919 = ORIENTED_EDGE ( 'NONE', *, *, #191, .T. ) ;
#1920 = ORIENTED_EDGE ( 'NONE', *, *, #343, .F. ) ;
#1921 = DIRECTION ( 'NONE',  ( -1.000000000000000000, 0.000000000000000000, 0.000000000000000000 ) ) ;
#1922 = ORIENTED_EDGE ( 'NONE', *, *, #2902, .T. ) ;
#1923 = CARTESIAN_POINT ( 'NONE',  ( 1502.828165555626583, 363.0018126759086954, 0.5000000000000000000 ) ) ;
#1924 = EDGE_CURVE ( 'NONE', #1699, #3300, #1404, .T. ) ;
#1925 = PLANE ( 'NONE',  #3132 ) ;
#1926 = AXIS2_PLACEMENT_3D ( 'NONE', #2176, #615, #886 ) ;
#1927 = ADVANCED_FACE ( 'NONE', ( #805 ), #1833, .T. ) ;
#1928 = FACE_OUTER_BOUND ( 'NONE', #539, .T. ) ;
#1929 = CIRCLE ( 'NONE', #200, 0.4999999999999449329 ) ;
#1930 = VERTEX_POINT ( 'NONE', #1850 ) ;
#1931 = DIRECTION ( 'NONE',  ( -0.000000000000000000, -0.000000000000000000, -1.000000000000000000 ) ) ;
#1932 = ORIENTED_EDGE ( 'NONE', *, *, #610, .T. ) ;
#1933 = ORIENTED_EDGE ( 'NONE', *, *, #978, .F. ) ;
#1934 = AXIS2_PLACEMENT_3D ( 'NONE', #1789, #2848, #550 ) ;
#1935 = CIRCLE ( 'NONE', #592, 0.5000000000001669775 ) ;
#1936 = DIRECTION ( 'NONE',  ( -1.000000000000000000, 0.000000000000000000, 0.000000000000000000 ) ) ;
#1937 = ORIENTED_EDGE ( 'NONE', *, *, #343, .T. ) ;
#1938 = VERTEX_POINT ( 'NONE', #2059 ) ;
#1939 = ORIENTED_EDGE ( 'NONE', *, *, #2616, .F. ) ;
#1940 = DIRECTION ( 'NONE',  ( 0.000000000000000000, 0.000000000000000000, 1.000000000000000000 ) ) ;
#1941 = DIRECTION ( 'NONE',  ( 0.000000000000000000, 1.000000000000000000, 0.000000000000000000 ) ) ;
#1942 = CARTESIAN_POINT ( 'NONE',  ( 1535.049130397326508, 341.2728227475090534, 0.5000000000000000000 ) ) ;
#1943 = ORIENTED_EDGE ( 'NONE', *, *, #2100, .T. ) ;
#1944 = DIRECTION ( 'NONE',  ( -0.000000000000000000, -0.000000000000000000, -1.000000000000000000 ) ) ;
#1945 = AXIS2_PLACEMENT_3D ( 'NONE', #291, #530, #3052 ) ;
#1946 = AXIS2_PLACEMENT_3D ( 'NONE', #1457, #2253, #1489 ) ;
#1947 = EDGE_CURVE ( 'NONE', #1105, #20, #2883, .T. ) ;
#1948 = ORIENTED_EDGE ( 'NONE', *, *, #477, .T. ) ;
#1949 = AXIS2_PLACEMENT_3D ( 'NONE', #152, #1940, #3283 ) ;
#1950 = FACE_OUTER_BOUND ( 'NONE', #1673, .T. ) ;
#1951 = ORIENTED_EDGE ( 'NONE', *, *, #1265, .F. ) ;
#1952 = VECTOR ( 'NONE', #1533, 1000.000000000000000 ) ;
#1953 = EDGE_LOOP ( 'NONE', ( #1857, #481, #1630, #1063 ) ) ;
#1954 = CARTESIAN_POINT ( 'NONE',  ( 1496.885625510726641, 368.7728227475088261, 0.5000000000000000000 ) ) ;
#1955 = DIRECTION ( 'NONE',  ( -0.000000000000000000, -0.000000000000000000, -1.000000000000000000 ) ) ;
#1956 = AXIS2_PLACEMENT_3D ( 'NONE', #153, #1500, #3255 ) ;
#1957 = DIRECTION ( 'NONE',  ( 0.000000000000000000, 0.000000000000000000, 1.000000000000000000 ) ) ;
#1958 = LINE ( 'NONE', #172, #330 ) ;
#1959 = CIRCLE ( 'NONE', #1795, 0.4999999999999449329 ) ;
#1960 = DIRECTION ( 'NONE',  ( -0.3420201433252804124, 0.9396926207860497593, 0.000000000000000000 ) ) ;
#1961 = EDGE_LOOP ( 'NONE', ( #1668, #1325, #1261, #2159 ) ) ;
#1962 = DIRECTION ( 'NONE',  ( -0.000000000000000000, -0.000000000000000000, -1.000000000000000000 ) ) ;
#1963 = EDGE_CURVE ( 'NONE', #813, #1916, #48, .T. ) ;
#1964 = EDGE_CURVE ( 'NONE', #3156, #1811, #2310, .T. ) ;
#1965 = ORIENTED_EDGE ( 'NONE', *, *, #256, .T. ) ;
#1966 = EDGE_CURVE ( 'NONE', #2431, #2714, #540, .T. ) ;
#1967 = EDGE_CURVE ( 'NONE', #1144, #822, #3263, .T. ) ;
#1968 = LINE ( 'NONE', #1166, #1669 ) ;
#1969 = ORIENTED_EDGE ( 'NONE', *, *, #2372, .F. ) ;
#1970 = ORIENTED_EDGE ( 'NONE', *, *, #2452, .T. ) ;
#1971 = LINE ( 'NONE', #1246, #2911 ) ;
#1972 = DIRECTION ( 'NONE',  ( -0.000000000000000000, -0.000000000000000000, -1.000000000000000000 ) ) ;
#1973 = DIRECTION ( 'NONE',  ( -0.8660254037885921630, -0.4999999999928060879, 0.000000000000000000 ) ) ;
#1974 = DIRECTION ( 'NONE',  ( 0.000000000000000000, 0.000000000000000000, 1.000000000000000000 ) ) ;
#1975 = VECTOR ( 'NONE', #357, 1000.000000000000000 ) ;
#1976 = DIRECTION ( 'NONE',  ( 1.000000000000000000, 0.000000000000000000, 0.000000000000000000 ) ) ;
#1977 = CARTESIAN_POINT ( 'NONE',  ( 1558.962669659926860, 346.7728227475088261, 0.5000000000000000000 ) ) ;
#1978 = VECTOR ( 'NONE', #1711, 1000.000000000000000 ) ;
#1979 = LINE ( 'NONE', #1526, #3254 ) ;
#1980 = ORIENTED_EDGE ( 'NONE', *, *, #2022, .T. ) ;
#1981 = EDGE_CURVE ( 'NONE', #2714, #262, #2129, .T. ) ;
#1982 = CARTESIAN_POINT ( 'NONE',  ( 1490.936500404526669, 353.3728227475089056, 0.5000000000000000000 ) ) ;
#1983 = ORIENTED_EDGE ( 'NONE', *, *, #2063, .T. ) ;
#1984 = ADVANCED_FACE ( 'NONE', ( #2615 ), #1566, .T. ) ;
#1985 = ORIENTED_EDGE ( 'NONE', *, *, #256, .F. ) ;
#1986 = CIRCLE ( 'NONE', #2409, 1.999999999999779732 ) ;
#1987 = CARTESIAN_POINT ( 'NONE',  ( 1505.718824487726579, 341.6018126759087181, 0.000000000000000000 ) ) ;
#1988 = AXIS2_PLACEMENT_3D ( 'NONE', #824, #1065, #1333 ) ;
#1989 = ADVANCED_FACE ( 'NONE', ( #3114 ), #327, .F. ) ;
#1990 = DIRECTION ( 'NONE',  ( 0.000000000000000000, 0.000000000000000000, 1.000000000000000000 ) ) ;
#1991 = CARTESIAN_POINT ( 'NONE',  ( 1555.918332092626542, 366.0228227475088829, 0.5000000000000000000 ) ) ;
#1992 = LINE ( 'NONE', #1695, #2792 ) ;
#1993 = DIRECTION ( 'NONE',  ( 0.000000000000000000, -0.000000000000000000, 1.000000000000000000 ) ) ;
#1994 = DIRECTION ( 'NONE',  ( 1.000000000000000000, 0.000000000000000000, 0.000000000000000000 ) ) ;
#1995 = DIRECTION ( 'NONE',  ( -0.000000000000000000, -0.000000000000000000, -1.000000000000000000 ) ) ;
#1996 = ORIENTED_EDGE ( 'NONE', *, *, #1050, .T. ) ;
#1997 = AXIS2_PLACEMENT_3D ( 'NONE', #1237, #1442, #711 ) ;
#1998 = CARTESIAN_POINT ( 'NONE',  ( 1495.130822191726566, 343.7728227475088261, 0.000000000000000000 ) ) ;
#1999 = ORIENTED_EDGE ( 'NONE', *, *, #918, .T. ) ;
#2000 = CIRCLE ( 'NONE', #3276, 0.4999999999999449329 ) ;
#2001 = AXIS2_PLACEMENT_3D ( 'NONE', #831, #1287, #2300 ) ;
#2002 = DIRECTION ( 'NONE',  ( 0.000000000000000000, 0.000000000000000000, 1.000000000000000000 ) ) ;
#2003 = FACE_OUTER_BOUND ( 'NONE', #1030, .T. ) ;
#2004 = EDGE_CURVE ( 'NONE', #2765, #122, #2834, .T. ) ;
#2005 = ADVANCED_FACE ( 'NONE', ( #2563 ), #86, .F. ) ;
#2006 = CARTESIAN_POINT ( 'NONE',  ( 1502.358319245226539, 349.8728227475089625, 0.5000000000000000000 ) ) ;
#2007 = DIRECTION ( 'NONE',  ( -0.000000000000000000, -0.000000000000000000, -1.000000000000000000 ) ) ;
#2008 = CARTESIAN_POINT ( 'NONE',  ( 1556.351344794526540, 346.2728227475088261, 0.5000000000000000000 ) ) ;
#2009 = DIRECTION ( 'NONE',  ( -0.4999999999952401963, 0.8660254037871867316, 0.000000000000000000 ) ) ;
#2010 = FACE_OUTER_BOUND ( 'NONE', #2336, .T. ) ;
#2011 = ORIENTED_EDGE ( 'NONE', *, *, #2164, .T. ) ;
#2012 = DIRECTION ( 'NONE',  ( -0.000000000000000000, -0.000000000000000000, -1.000000000000000000 ) ) ;
#2013 = ORIENTED_EDGE ( 'NONE', *, *, #2169, .F. ) ;
#2014 = ORIENTED_EDGE ( 'NONE', *, *, #2967, .T. ) ;
#2015 = CARTESIAN_POINT ( 'NONE',  ( 1544.352175684626900, 368.7728227475090534, 0.5000000000000000000 ) ) ;
#2016 = LINE ( 'NONE', #630, #2272 ) ;
#2017 = VERTEX_POINT ( 'NONE', #2344 ) ;
#2018 = DIRECTION ( 'NONE',  ( -1.000000000000000000, 0.000000000000000000, 0.000000000000000000 ) ) ;
#2019 = ADVANCED_FACE ( 'NONE', ( #515 ), #1316, .T. ) ;
#2020 = PLANE ( 'NONE',  #927 ) ;
#2021 = CYLINDRICAL_SURFACE ( 'NONE', #2859, 0.5000000000003890221 ) ;
#2022 = EDGE_CURVE ( 'NONE', #1313, #2439, #1452, .T. ) ;
#2023 = CARTESIAN_POINT ( 'NONE',  ( 1552.107820315926574, 359.4228227475086896, 0.5000000000000000000 ) ) ;
#2024 = DIRECTION ( 'NONE',  ( -1.000000000000000000, 0.000000000000000000, 0.000000000000000000 ) ) ;
#2025 = DIRECTION ( 'NONE',  ( -1.000000000000000000, 0.000000000000000000, 0.000000000000000000 ) ) ;
#2026 = EDGE_LOOP ( 'NONE', ( #1045, #3182, #2092, #1765 ) ) ;
#2027 = AXIS2_PLACEMENT_3D ( 'NONE', #851, #2407, #1694 ) ;
#2028 = LINE ( 'NONE', #1982, #375 ) ;
#2029 = ORIENTED_EDGE ( 'NONE', *, *, #839, .F. ) ;
#2030 = DIRECTION ( 'NONE',  ( 1.000000000000000000, 0.000000000000000000, 0.000000000000000000 ) ) ;
#2031 = DIRECTION ( 'NONE',  ( -0.000000000000000000, -0.000000000000000000, -1.000000000000000000 ) ) ;
#2032 = EDGE_LOOP ( 'NONE', ( #108, #328, #787, #1554 ) ) ;
#2033 = CARTESIAN_POINT ( 'NONE',  ( 1481.775131535526725, 365.7728227475088261, 0.000000000000000000 ) ) ;
#2034 = DIRECTION ( 'NONE',  ( 0.5000000000092453822, 0.8660254037791007553, 0.000000000000000000 ) ) ;
#2035 = DIRECTION ( 'NONE',  ( 0.000000000000000000, 1.000000000000000000, 0.000000000000000000 ) ) ;
#2036 = CARTESIAN_POINT ( 'NONE',  ( 1513.118900597726906, 353.7728227475088261, 0.000000000000000000 ) ) ;
#2037 = CARTESIAN_POINT ( 'NONE',  ( 1506.188670798105932, 370.7728227475090534, 0.5000000000000000000 ) ) ;
#2038 = DIRECTION ( 'NONE',  ( -0.5000000000047607474, -0.8660254037816901285, 0.000000000000000000 ) ) ;
#2039 = CARTESIAN_POINT ( 'NONE',  ( 1540.252988773426750, 362.6728227475086896, 0.5000000000000000000 ) ) ;
#2040 = EDGE_CURVE ( 'NONE', #3266, #1811, #786, .T. ) ;
#2041 = LINE ( 'NONE', #2995, #3162 ) ;
#2042 = ORIENTED_EDGE ( 'NONE', *, *, #1210, .T. ) ;
#2043 = ORIENTED_EDGE ( 'NONE', *, *, #3038, .T. ) ;
#2044 = LINE ( 'NONE', #3066, #2531 ) ;
#2045 = CIRCLE ( 'NONE', #437, 0.5000000000001669775 ) ;
#2046 = CIRCLE ( 'NONE', #982, 0.5000000000001669775 ) ;
#2047 = ORIENTED_EDGE ( 'NONE', *, *, #1495, .T. ) ;
#2048 = DIRECTION ( 'NONE',  ( -0.000000000000000000, -0.000000000000000000, -1.000000000000000000 ) ) ;
#2049 = VERTEX_POINT ( 'NONE', #2600 ) ;
#2050 = CARTESIAN_POINT ( 'NONE',  ( 1481.775131535526725, 346.7728227475088261, 0.000000000000000000 ) ) ;
#2051 = DIRECTION ( 'NONE',  ( 0.000000000000000000, 0.000000000000000000, 1.000000000000000000 ) ) ;
#2052 = CARTESIAN_POINT ( 'NONE',  ( 1559.462669659926860, 346.7728227475085987, 0.5000000000000000000 ) ) ;
#2053 = DIRECTION ( 'NONE',  ( 1.000000000000000000, 0.000000000000000000, 0.000000000000000000 ) ) ;
#2054 = CARTESIAN_POINT ( 'NONE',  ( 1485.319469102826588, 366.0228227475088261, 0.5000000000000000000 ) ) ;
#2055 = DIRECTION ( 'NONE',  ( 0.000000000000000000, 0.000000000000000000, 1.000000000000000000 ) ) ;
#2056 = DIRECTION ( 'NONE',  ( 0.000000000000000000, 0.000000000000000000, 1.000000000000000000 ) ) ;
#2057 = ORIENTED_EDGE ( 'NONE', *, *, #2086, .T. ) ;
#2058 = EDGE_CURVE ( 'NONE', #1197, #430, #956, .T. ) ;
#2059 = CARTESIAN_POINT ( 'NONE',  ( 1513.118900597726906, 353.7728227475088261, 0.5000000000000000000 ) ) ;
#2060 = EDGE_CURVE ( 'NONE', #2380, #1258, #295, .T. ) ;
#2061 = AXIS2_PLACEMENT_3D ( 'NONE', #393, #2912, #342 ) ;
#2062 = ORIENTED_EDGE ( 'NONE', *, *, #770, .F. ) ;
#2063 = EDGE_CURVE ( 'NONE', #1313, #260, #2144, .T. ) ;
#2064 = AXIS2_PLACEMENT_3D ( 'NONE', #2321, #758, #2053 ) ;
#2065 = CARTESIAN_POINT ( 'NONE',  ( 1543.919162982726448, 344.0228227475088261, 0.000000000000000000 ) ) ;
#2066 = ORIENTED_EDGE ( 'NONE', *, *, #3107, .F. ) ;
#2067 = DIRECTION ( 'NONE',  ( -0.000000000000000000, -0.000000000000000000, -1.000000000000000000 ) ) ;
#2068 = ORIENTED_EDGE ( 'NONE', *, *, #3145, .T. ) ;
#2069 = FACE_OUTER_BOUND ( 'NONE', #1365, .T. ) ;
#2070 = DIRECTION ( 'NONE',  ( -1.000000000000000000, 0.000000000000000000, 0.000000000000000000 ) ) ;
#2071 = DIRECTION ( 'NONE',  ( -0.000000000000000000, -0.000000000000000000, -1.000000000000000000 ) ) ;
#2072 = CYLINDRICAL_SURFACE ( 'NONE', #2909, 0.4999999999999449329 ) ;
#2073 = CARTESIAN_POINT ( 'NONE',  ( 1540.252988773434254, 363.1728227475087465, 0.000000000000000000 ) ) ;
#2074 = ORIENTED_EDGE ( 'NONE', *, *, #2086, .F. ) ;
#2075 = CARTESIAN_POINT ( 'NONE',  ( 1484.886456400934094, 365.7728227475089398, 0.000000000000000000 ) ) ;
#2076 = ORIENTED_EDGE ( 'NONE', *, *, #629, .F. ) ;
#2077 = CARTESIAN_POINT ( 'NONE',  ( 1558.962669659926632, 366.2728227475088261, 0.5000000000000000000 ) ) ;
#2078 = AXIS2_PLACEMENT_3D ( 'NONE', #740, #1455, #470 ) ;
#2079 = ORIENTED_EDGE ( 'NONE', *, *, #138, .T. ) ;
#2080 = VECTOR ( 'NONE', #1445, 1000.000000000000000 ) ;
#2081 = DIRECTION ( 'NONE',  ( 1.000000000000000000, 0.000000000000000000, 0.000000000000000000 ) ) ;
#2082 = CARTESIAN_POINT ( 'NONE',  ( 1543.919162982726448, 368.5228227475088829, 0.5000000000000000000 ) ) ;
#2083 = EDGE_LOOP ( 'NONE', ( #2354, #2650, #1415, #2924 ) ) ;
#2084 = DIRECTION ( 'NONE',  ( 0.000000000000000000, 0.000000000000000000, 1.000000000000000000 ) ) ;
#2085 = CARTESIAN_POINT ( 'NONE',  ( 1530.618900597726679, 366.1388481513226338, 0.5000000000000000000 ) ) ;
#2086 = EDGE_CURVE ( 'NONE', #2840, #2953, #398, .T. ) ;
#2087 = CARTESIAN_POINT ( 'NONE',  ( 1546.106979003726565, 368.7728227475088261, 0.000000000000000000 ) ) ;
#2088 = DIRECTION ( 'NONE',  ( 0.000000000000000000, 0.000000000000000000, 1.000000000000000000 ) ) ;
#2089 = SURFACE_SIDE_STYLE ('',( #2359 ) ) ;
#2090 = AXIS2_PLACEMENT_3D ( 'NONE', #1827, #532, #1041 ) ;
#2091 = DIRECTION ( 'NONE',  ( -0.000000000000000000, -0.000000000000000000, -1.000000000000000000 ) ) ;
#2092 = ORIENTED_EDGE ( 'NONE', *, *, #1187, .F. ) ;
#2093 = DIRECTION ( 'NONE',  ( -0.000000000000000000, -0.000000000000000000, -1.000000000000000000 ) ) ;
#2094 = ORIENTED_EDGE ( 'NONE', *, *, #1755, .F. ) ;
#2095 = DIRECTION ( 'NONE',  ( -1.000000000000000000, 0.000000000000000000, 0.000000000000000000 ) ) ;
#2096 = ORIENTED_EDGE ( 'NONE', *, *, #479, .F. ) ;
#2097 = FACE_OUTER_BOUND ( 'NONE', #3135, .T. ) ;
#2098 = LINE ( 'NONE', #578, #3285 ) ;
#2099 = VERTEX_POINT ( 'NONE', #1431 ) ;
#2100 = EDGE_CURVE ( 'NONE', #2954, #301, #1163, .T. ) ;
#2101 = VECTOR ( 'NONE', #3291, 1000.000000000000000 ) ;
#2102 = CARTESIAN_POINT ( 'NONE',  ( 1500.984812422026607, 349.8728227475089625, 0.5000000000000000000 ) ) ;
#2103 = DIRECTION ( 'NONE',  ( -0.5000000000092499342, 0.8660254037790983128, 0.000000000000000000 ) ) ;
#2104 = DIRECTION ( 'NONE',  ( -0.000000000000000000, -0.000000000000000000, -1.000000000000000000 ) ) ;
#2105 = ADVANCED_FACE ( 'NONE', ( #1650 ), #380, .F. ) ;
#2106 = DIRECTION ( 'NONE',  ( 0.000000000000000000, 0.000000000000000000, 1.000000000000000000 ) ) ;
#2107 = AXIS2_PLACEMENT_3D ( 'NONE', #781, #815, #2320 ) ;
#2108 = SURFACE_STYLE_USAGE ( .BOTH. , #2089 ) ;
#2109 = VECTOR ( 'NONE', #1122, 1000.000000000000000 ) ;
#2110 = ADVANCED_FACE ( 'NONE', ( #2696 ), #3198, .F. ) ;
#2111 = LINE ( 'NONE', #1861, #3153 ) ;
#2112 = AXIS2_PLACEMENT_3D ( 'NONE', #2622, #576, #1136 ) ;
#2113 = EDGE_LOOP ( 'NONE', ( #1813, #2673, #2436, #90 ) ) ;
#2114 = CARTESIAN_POINT ( 'NONE',  ( 1506.188670798126623, 341.2728227475088261, 0.000000000000000000 ) ) ;
#2115 = ORIENTED_EDGE ( 'NONE', *, *, #135, .T. ) ;
#2116 = ORIENTED_EDGE ( 'NONE', *, *, #2165, .T. ) ;
#2117 = DIRECTION ( 'NONE',  ( -0.000000000000000000, -0.000000000000000000, -1.000000000000000000 ) ) ;
#2118 = VECTOR ( 'NONE', #899, 1000.000000000000000 ) ;
#2119 = CARTESIAN_POINT ( 'NONE',  ( 1538.879481950226818, 362.6728227475086896, 0.5000000000000000000 ) ) ;
#2120 = EDGE_LOOP ( 'NONE', ( #910, #224, #603, #1318 ) ) ;
#2121 = ORIENTED_EDGE ( 'NONE', *, *, #1002, .F. ) ;
#2122 = ORIENTED_EDGE ( 'NONE', *, *, #314, .T. ) ;
#2123 = CARTESIAN_POINT ( 'NONE',  ( 1535.518976707726324, 341.6018126759088318, 0.000000000000000000 ) ) ;
#2124 = PLANE ( 'NONE',  #1912 ) ;
#2125 = EDGE_CURVE ( 'NONE', #1006, #3057, #1816, .T. ) ;
#2126 = EDGE_CURVE ( 'NONE', #2733, #3300, #650, .T. ) ;
#2127 = DIRECTION ( 'NONE',  ( 0.5000000000092453822, 0.8660254037791007553, 0.000000000000000000 ) ) ;
#2128 = EDGE_CURVE ( 'NONE', #894, #1536, #1929, .T. ) ;
#2129 = LINE ( 'NONE', #261, #809 ) ;
#2130 = EDGE_CURVE ( 'NONE', #1367, #55, #146, .T. ) ;
#2131 = ORIENTED_EDGE ( 'NONE', *, *, #900, .F. ) ;
#2132 = VERTEX_POINT ( 'NONE', #2663 ) ;
#2133 = CARTESIAN_POINT ( 'NONE',  ( 1508.376486819026695, 341.5228227475088261, 0.5000000000000000000 ) ) ;
#2134 = ORIENTED_EDGE ( 'NONE', *, *, #594, .T. ) ;
#2135 = ORIENTED_EDGE ( 'NONE', *, *, #101, .T. ) ;
#2136 = AXIS2_PLACEMENT_3D ( 'NONE', #1043, #2056, #784 ) ;
#2137 = ORIENTED_EDGE ( 'NONE', *, *, #2408, .T. ) ;
#2138 = DIRECTION ( 'NONE',  ( 0.3420201433284436598, 0.9396926207848983470, 0.000000000000000000 ) ) ;
#2139 = LINE ( 'NONE', #2880, #2118 ) ;
#2140 = CARTESIAN_POINT ( 'NONE',  ( 1508.376486819026695, 341.5228227475088261, 0.5000000000000000000 ) ) ;
#2141 = VECTOR ( 'NONE', #2018, 1000.000000000000000 ) ;
#2142 = DIRECTION ( 'NONE',  ( 0.000000000000000000, 0.000000000000000000, 1.000000000000000000 ) ) ;
#2143 = VECTOR ( 'NONE', #585, 1000.000000000000114 ) ;
#2144 = LINE ( 'NONE', #904, #1231 ) ;
#2145 = ORIENTED_EDGE ( 'NONE', *, *, #3102, .T. ) ;
#2146 = VERTEX_POINT ( 'NONE', #1177 ) ;
#2147 = ADVANCED_FACE ( 'NONE', ( #3213 ), #920, .T. ) ;
#2148 = EDGE_CURVE ( 'NONE', #1068, #822, #2898, .T. ) ;
#2149 = DIRECTION ( 'NONE',  ( -0.000000000000000000, -0.000000000000000000, -1.000000000000000000 ) ) ;
#2150 = CARTESIAN_POINT ( 'NONE',  ( 1538.879481950226818, 362.6728227475086328, 0.000000000000000000 ) ) ;
#2151 = ORIENTED_EDGE ( 'NONE', *, *, #770, .T. ) ;
#2152 = ORIENTED_EDGE ( 'NONE', *, *, #2410, .T. ) ;
#2153 = ORIENTED_EDGE ( 'NONE', *, *, #2246, .T. ) ;
#2154 = DIRECTION ( 'NONE',  ( -1.000000000000000000, 0.000000000000000000, 0.000000000000000000 ) ) ;
#2155 = DIRECTION ( 'NONE',  ( 0.000000000000000000, 1.000000000000000000, 0.000000000000000000 ) ) ;
#2156 = CARTESIAN_POINT ( 'NONE',  ( 1489.562993581318779, 352.8728227475089625, 0.5000000000000000000 ) ) ;
#2157 = CIRCLE ( 'NONE', #2107, 0.5000000000001669775 ) ;
#2158 = AXIS2_PLACEMENT_3D ( 'NONE', #21, #1344, #564 ) ;
#2159 = ORIENTED_EDGE ( 'NONE', *, *, #2040, .T. ) ;
#2160 = FACE_OUTER_BOUND ( 'NONE', #2534, .T. ) ;
#2161 = AXIS2_PLACEMENT_3D ( 'NONE', #300, #1031, #2548 ) ;
#2162 = ORIENTED_EDGE ( 'NONE', *, *, #2579, .F. ) ;
#2163 = VERTEX_POINT ( 'NONE', #1145 ) ;
#2164 = EDGE_CURVE ( 'NONE', #53, #1916, #1881, .T. ) ;
#2165 = EDGE_CURVE ( 'NONE', #2733, #2431, #665, .T. ) ;
#2166 = FACE_OUTER_BOUND ( 'NONE', #944, .T. ) ;
#2167 = DIRECTION ( 'NONE',  ( 0.000000000000000000, 0.000000000000000000, 1.000000000000000000 ) ) ;
#2168 = VERTEX_POINT ( 'NONE', #2461 ) ;
#2169 = EDGE_CURVE ( 'NONE', #1601, #1120, #2647, .T. ) ;
#2170 = EDGE_LOOP ( 'NONE', ( #2418, #1337, #1565, #1821 ) ) ;
#2171 = ORIENTED_EDGE ( 'NONE', *, *, #2867, .T. ) ;
#2172 = AXIS2_PLACEMENT_3D ( 'NONE', #1872, #1423, #829 ) ;
#2173 = VERTEX_POINT ( 'NONE', #635 ) ;
#2174 = DIRECTION ( 'NONE',  ( -0.000000000000000000, -0.000000000000000000, -1.000000000000000000 ) ) ;
#2175 = CARTESIAN_POINT ( 'NONE',  ( 1543.919162982726448, 368.5228227475088829, 0.000000000000000000 ) ) ;
#2176 = CARTESIAN_POINT ( 'NONE',  ( 1495.130822191742482, 344.2728227475087692, 0.5000000000000000000 ) ) ;
#2177 = DIRECTION ( 'NONE',  ( -1.000000000000000000, 1.265353230805084169E-13, 0.000000000000000000 ) ) ;
#2178 = ORIENTED_EDGE ( 'NONE', *, *, #1112, .T. ) ;
#2179 = DIRECTION ( 'NONE',  ( 1.000000000000000000, 0.000000000000000000, 0.000000000000000000 ) ) ;
#2180 = ORIENTED_EDGE ( 'NONE', *, *, #683, .T. ) ;
#2181 = EDGE_LOOP ( 'NONE', ( #3227, #3294, #1449, #1164 ) ) ;
#2182 = CYLINDRICAL_SURFACE ( 'NONE', #157, 0.4999999999999449329 ) ;
#2183 = ORIENTED_EDGE ( 'NONE', *, *, #276, .T. ) ;
#2184 = ORIENTED_EDGE ( 'NONE', *, *, #2847, .T. ) ;
#2185 = EDGE_LOOP ( 'NONE', ( #1340, #2398, #2029, #1192 ) ) ;
#2186 = LINE ( 'NONE', #2123, #2261 ) ;
#2187 = DIRECTION ( 'NONE',  ( 0.000000000000000000, 0.000000000000000000, 1.000000000000000000 ) ) ;
#2188 = AXIS2_PLACEMENT_3D ( 'NONE', #26, #2630, #1829 ) ;
#2189 = ADVANCED_FACE ( 'NONE', ( #2160 ), #1631, .F. ) ;
#2190 = CARTESIAN_POINT ( 'NONE',  ( 1540.252988773434254, 349.3728227475090193, 0.000000000000000000 ) ) ;
#2191 = CARTESIAN_POINT ( 'NONE',  ( 1558.962669659926632, 365.7728227475088261, 0.5000000000000000000 ) ) ;
#2192 = AXIS2_PLACEMENT_3D ( 'NONE', #2713, #601, #619 ) ;
#2193 = ORIENTED_EDGE ( 'NONE', *, *, #3208, .T. ) ;
#2194 = DIRECTION ( 'NONE',  ( 0.3420201433284698611, -0.9396926207848887991, 0.000000000000000000 ) ) ;
#2195 = ORIENTED_EDGE ( 'NONE', *, *, #461, .T. ) ;
#2196 = AXIS2_PLACEMENT_3D ( 'NONE', #942, #2149, #1713 ) ;
#2197 = DIRECTION ( 'NONE',  ( -0.000000000000000000, -0.000000000000000000, -1.000000000000000000 ) ) ;
#2198 = ORIENTED_EDGE ( 'NONE', *, *, #960, .F. ) ;
#2199 = ORIENTED_EDGE ( 'NONE', *, *, #1618, .F. ) ;
#2200 = FACE_OUTER_BOUND ( 'NONE', #1961, .T. ) ;
#2201 = DIRECTION ( 'NONE',  ( -0.000000000000000000, -0.000000000000000000, -1.000000000000000000 ) ) ;
#2202 = VECTOR ( 'NONE', #2611, 1000.000000000000000 ) ;
#2203 = ADVANCED_FACE ( 'NONE', ( #2681 ), #3165, .T. ) ;
#2204 = EDGE_CURVE ( 'NONE', #1349, #2309, #206, .T. ) ;
#2205 = FACE_OUTER_BOUND ( 'NONE', #2032, .T. ) ;
#2206 = LINE ( 'NONE', #2223, #1462 ) ;
#2207 = ADVANCED_FACE ( 'NONE', ( #1003 ), #1773, .T. ) ;
#2208 = EDGE_CURVE ( 'NONE', #1884, #53, #681, .T. ) ;
#2209 = LINE ( 'NONE', #3273, #219 ) ;
#2210 = ORIENTED_EDGE ( 'NONE', *, *, #2287, .T. ) ;
#2211 = CARTESIAN_POINT ( 'NONE',  ( 1558.962669659926632, 366.2728227475088261, 0.5000000000000000000 ) ) ;
#2212 = VECTOR ( 'NONE', #3073, 999.9999999999998863 ) ;
#2213 = CIRCLE ( 'NONE', #1894, 0.4999999999999449329 ) ;
#2214 = AXIS2_PLACEMENT_3D ( 'NONE', #3256, #1973, #1188 ) ;
#2215 = ORIENTED_EDGE ( 'NONE', *, *, #175, .T. ) ;
#2216 = VECTOR ( 'NONE', #810, 1000.000000000000000 ) ;
#2217 = CYLINDRICAL_SURFACE ( 'NONE', #2196, 0.4999999999999449329 ) ;
#2218 = EDGE_LOOP ( 'NONE', ( #563, #2855, #680, #2011 ) ) ;
#2219 = ORIENTED_EDGE ( 'NONE', *, *, #1966, .F. ) ;
#2220 = PLANE ( 'NONE',  #441 ) ;
#2221 = DIRECTION ( 'NONE',  ( -0.000000000000000000, -0.000000000000000000, -1.000000000000000000 ) ) ;
#2222 = DIRECTION ( 'NONE',  ( 1.581691538506154777E-13, -1.000000000000000000, 0.000000000000000000 ) ) ;
#2223 = CARTESIAN_POINT ( 'NONE',  ( 1532.861314376326618, 371.0228227475088261, 0.5000000000000000000 ) ) ;
#2224 = VECTOR ( 'NONE', #1837, 1000.000000000000114 ) ;
#2225 = CARTESIAN_POINT ( 'NONE',  ( 1490.936500404547360, 352.8728227475090193, 0.5000000000000000000 ) ) ;
#2226 = EDGE_CURVE ( 'NONE', #2778, #1102, #1394, .T. ) ;
#2227 = AXIS2_PLACEMENT_3D ( 'NONE', #3090, #239, #1038 ) ;
#2228 = CARTESIAN_POINT ( 'NONE',  ( 1540.252988773426750, 362.6728227475086896, 0.000000000000000000 ) ) ;
#2229 = VERTEX_POINT ( 'NONE', #1460 ) ;
#2230 = FACE_OUTER_BOUND ( 'NONE', #1853, .T. ) ;
#2231 = ADVANCED_FACE ( 'NONE', ( #2010 ), #242, .T. ) ;
#2232 = ORIENTED_EDGE ( 'NONE', *, *, #2058, .F. ) ;
#2233 = PLANE ( 'NONE',  #1021 ) ;
#2234 = EDGE_CURVE ( 'NONE', #840, #2583, #429, .T. ) ;
#2235 = ORIENTED_EDGE ( 'NONE', *, *, #2964, .T. ) ;
#2236 = VERTEX_POINT ( 'NONE', #179 ) ;
#2237 = DIRECTION ( 'NONE',  ( 1.000000000000000000, 0.000000000000000000, 0.000000000000000000 ) ) ;
#2238 = CYLINDRICAL_SURFACE ( 'NONE', #2438, 0.4999999999999449329 ) ;
#2239 = PLANE ( 'NONE',  #634 ) ;
#2240 = CARTESIAN_POINT ( 'NONE',  ( 1538.409635639826774, 349.5438328192090580, 0.5000000000000000000 ) ) ;
#2241 = DIRECTION ( 'NONE',  ( 0.4999999999952446927, 0.8660254037871841781, 0.000000000000000000 ) ) ;
#2242 = CARTESIAN_POINT ( 'NONE',  ( 1490.936500404526669, 359.1728227475087465, 0.000000000000000000 ) ) ;
#2243 = CARTESIAN_POINT ( 'NONE',  ( 1507.943474117134201, 370.7728227475086555, 0.000000000000000000 ) ) ;
#2244 = ORIENTED_EDGE ( 'NONE', *, *, #1294, .T. ) ;
#2245 = CARTESIAN_POINT ( 'NONE',  ( 1511.118900597726906, 366.1388481513088209, 0.5000000000000000000 ) ) ;
#2246 = EDGE_CURVE ( 'NONE', #3197, #1262, #1979, .T. ) ;
#2247 = EDGE_LOOP ( 'NONE', ( #18, #3063, #872, #1675, #1965, #1616, #752, #2094, #2931, #3262, #2908, #2153, #134, #2193, #2297, #2719, #346, #1654, #1086, #2604, #919, #2331, #1323, #3281, #1712, #2210, #2137, #703, #2499, #1691, #1868, #811, #1357, #3078, #2183, #3048, #1459, #329, #793, #2419, #208, #2624, #1624, #161, #2871, #2900, #2602, #2634, #702, #3026, #1871, #3098, #2434, #1343, #2256, #3297, #212, #1157, #2546, #397, #2199, #2152, #673, #1506, #2497, #416, #389, #2803, #2428, #2589, #103, #3044, #1919, #1948, #2171, #686, #1180, #71, #2382, #227, #518, #1714, #989, #133, #32, #1133, #2782, #2292, #2717, #1048, #2232, #2730, #1874, #3015, #2727, #1481 ) ) ;
#2248 = EDGE_CURVE ( 'NONE', #1006, #2922, #2273, .T. ) ;
#2249 = PLANE ( 'NONE',  #334 ) ;
#2250 = CARTESIAN_POINT ( 'NONE',  ( 1535.049130397326280, 371.2728227475090534, 0.5000000000000000000 ) ) ;
#2251 = CARTESIAN_POINT ( 'NONE',  ( 1505.718824487726579, 370.9438328192089216, 0.5000000000000000000 ) ) ;
#2252 = CARTESIAN_POINT ( 'NONE',  ( 1530.118900597726679, 360.7728227475088261, 0.000000000000000000 ) ) ;
#2253 = DIRECTION ( 'NONE',  ( 0.000000000000000000, 1.000000000000000000, 0.000000000000000000 ) ) ;
#2254 = DIRECTION ( 'NONE',  ( -0.000000000000000000, -0.000000000000000000, -1.000000000000000000 ) ) ;
#2255 = LINE ( 'NONE', #3275, #1281 ) ;
#2256 = ORIENTED_EDGE ( 'NONE', *, *, #1967, .T. ) ;
#2257 = AXIS2_PLACEMENT_3D ( 'NONE', #2488, #2757, #949 ) ;
#2258 = CARTESIAN_POINT ( 'NONE',  ( 1489.562993581318779, 352.8728227475089625, 0.5000000000000000000 ) ) ;
#2259 = ORIENTED_EDGE ( 'NONE', *, *, #3148, .T. ) ;
#2260 = AXIS2_PLACEMENT_3D ( 'NONE', #1525, #3021, #1994 ) ;
#2261 = VECTOR ( 'NONE', #612, 1000.000000000000114 ) ;
#2262 = ADVANCED_FACE ( 'NONE', ( #2991 ), #2543, .T. ) ;
#2263 = CYLINDRICAL_SURFACE ( 'NONE', #2697, 0.5000000000001669775 ) ;
#2264 = VECTOR ( 'NONE', #2081, 1000.000000000000000 ) ;
#2265 = EDGE_CURVE ( 'NONE', #2689, #1634, #728, .T. ) ;
#2266 = DIRECTION ( 'NONE',  ( -1.000000000000000000, 0.000000000000000000, 0.000000000000000000 ) ) ;
#2267 = DIRECTION ( 'NONE',  ( -0.000000000000000000, -0.000000000000000000, -1.000000000000000000 ) ) ;
#2268 = PLANE ( 'NONE',  #1075 ) ;
#2269 = CARTESIAN_POINT ( 'NONE',  ( 1530.118900597726679, 346.4067973437088312, 0.5000000000000000000 ) ) ;
#2270 = DIRECTION ( 'NONE',  ( 0.4999999999949212848, 0.8660254037873708066, 0.000000000000000000 ) ) ;
#2271 = CARTESIAN_POINT ( 'NONE',  ( 1502.358319245247003, 349.3728227475089625, 0.5000000000000000000 ) ) ;
#2272 = VECTOR ( 'NONE', #79, 1000.000000000000000 ) ;
#2273 = LINE ( 'NONE', #952, #529 ) ;
#2274 = ORIENTED_EDGE ( 'NONE', *, *, #3058, .F. ) ;
#2275 = LINE ( 'NONE', #701, #3312 ) ;
#2276 = ORIENTED_EDGE ( 'NONE', *, *, #1338, .F. ) ;
#2277 = VERTEX_POINT ( 'NONE', #1491 ) ;
#2278 = CARTESIAN_POINT ( 'NONE',  ( 1530.118900597726679, 351.7728227475088261, 0.5000000000000000000 ) ) ;
#2279 = DIRECTION ( 'NONE',  ( 0.000000000000000000, 0.000000000000000000, 1.000000000000000000 ) ) ;
#2280 = EDGE_LOOP ( 'NONE', ( #2996, #3080, #735, #2178 ) ) ;
#2281 = LINE ( 'NONE', #1870, #2729 ) ;
#2282 = LINE ( 'NONE', #1305, #876 ) ;
#2283 = CARTESIAN_POINT ( 'NONE',  ( 1550.301300790826645, 353.3728227475089625, 0.5000000000000000000 ) ) ;
#2284 = LINE ( 'NONE', #3306, #2373 ) ;
#2285 = DIRECTION ( 'NONE',  ( 0.3420201433284698611, -0.9396926207848887991, 0.000000000000000000 ) ) ;
#2286 = DIRECTION ( 'NONE',  ( 1.000000000000000000, 0.000000000000000000, 0.000000000000000000 ) ) ;
#2287 = EDGE_CURVE ( 'NONE', #3300, #1389, #2522, .T. ) ;
#2288 = DIRECTION ( 'NONE',  ( 1.000000000000000000, 0.000000000000000000, 0.000000000000000000 ) ) ;
#2289 = EDGE_LOOP ( 'NONE', ( #178, #1301, #2198, #924 ) ) ;
#2290 = VECTOR ( 'NONE', #2127, 1000.000000000000227 ) ;
#2291 = CARTESIAN_POINT ( 'NONE',  ( 1558.962669659926632, 346.2728227475088261, 0.5000000000000000000 ) ) ;
#2292 = ORIENTED_EDGE ( 'NONE', *, *, #1155, .T. ) ;
#2293 = ORIENTED_EDGE ( 'NONE', *, *, #3174, .T. ) ;
#2294 = CARTESIAN_POINT ( 'NONE',  ( 1551.674807614126621, 359.1728227475087465, 0.5000000000000000000 ) ) ;
#2295 = AXIS2_PLACEMENT_3D ( 'NONE', #2928, #2055, #549 ) ;
#2296 = DIRECTION ( 'NONE',  ( 0.000000000000000000, 1.000000000000000000, 0.000000000000000000 ) ) ;
#2297 = ORIENTED_EDGE ( 'NONE', *, *, #1679, .T. ) ;
#2298 = AXIS2_PLACEMENT_3D ( 'NONE', #2776, #955, #480 ) ;
#2299 = DIRECTION ( 'NONE',  ( 1.000000000000000000, 0.000000000000000000, 0.000000000000000000 ) ) ;
#2300 = DIRECTION ( 'NONE',  ( -1.000000000000000000, 0.000000000000000000, 0.000000000000000000 ) ) ;
#2301 = CARTESIAN_POINT ( 'NONE',  ( 1489.562993581318779, 352.8728227475089625, 0.000000000000000000 ) ) ;
#2302 = UNCERTAINTY_MEASURE_WITH_UNIT (LENGTH_MEASURE( 1.000000000000000082E-05 ), #1604, 'distance_accuracy_value', 'NONE');
#2303 = CARTESIAN_POINT ( 'NONE',  ( 1495.130822191742482, 344.2728227475087692, 0.000000000000000000 ) ) ;
#2304 = DIRECTION ( 'NONE',  ( -0.000000000000000000, -0.000000000000000000, -1.000000000000000000 ) ) ;
#2305 = ADVANCED_FACE ( 'NONE', ( #2230 ), #2508, .T. ) ;
#2306 = EDGE_CURVE ( 'NONE', #2049, #2380, #795, .T. ) ;
#2307 = CARTESIAN_POINT ( 'NONE',  ( 1506.188670798142311, 341.7728227475087692, 0.5000000000000000000 ) ) ;
#2308 = EDGE_CURVE ( 'NONE', #1206, #1102, #2255, .T. ) ;
#2309 = VERTEX_POINT ( 'NONE', #3244 ) ;
#2310 = LINE ( 'NONE', #1115, #2143 ) ;
#2311 = LINE ( 'NONE', #1319, #348 ) ;
#2312 = VERTEX_POINT ( 'NONE', #938 ) ;
#2313 = AXIS2_PLACEMENT_3D ( 'NONE', #2741, #1221, #1993 ) ;
#2314 = CARTESIAN_POINT ( 'NONE',  ( 1511.118900597726906, 366.1388481513088209, 0.000000000000000000 ) ) ;
#2315 = AXIS2_PLACEMENT_3D ( 'NONE', #1078, #22, #3072 ) ;
#2316 = VECTOR ( 'NONE', #2941, 1000.000000000000000 ) ;
#2317 = LINE ( 'NONE', #1535, #2489 ) ;
#2318 = VERTEX_POINT ( 'NONE', #1505 ) ;
#2319 = DIRECTION ( 'NONE',  ( -1.000000000000000000, 0.000000000000000000, 0.000000000000000000 ) ) ;
#2320 = DIRECTION ( 'NONE',  ( 1.000000000000000000, 0.000000000000000000, 0.000000000000000000 ) ) ;
#2321 = CARTESIAN_POINT ( 'NONE',  ( 1484.886456400934321, 346.7728227475088829, 0.5000000000000000000 ) ) ;
#2322 = LINE ( 'NONE', #802, #1590 ) ;
#2323 = CARTESIAN_POINT ( 'NONE',  ( 1513.118900597726906, 358.7728227475088261, 0.5000000000000000000 ) ) ;
#2324 = DIRECTION ( 'NONE',  ( -0.4999999999928060324, 0.8660254037885921630, 0.000000000000000000 ) ) ;
#2325 = EDGE_CURVE ( 'NONE', #2439, #2750, #447, .T. ) ;
#2326 = VERTEX_POINT ( 'NONE', #1479 ) ;
#2327 = VERTEX_POINT ( 'NONE', #2495 ) ;
#2328 = CARTESIAN_POINT ( 'NONE',  ( 1513.118900597726906, 358.7728227475088261, 0.5000000000000000000 ) ) ;
#2329 = ORIENTED_EDGE ( 'NONE', *, *, #2718, .F. ) ;
#2330 = CARTESIAN_POINT ( 'NONE',  ( 1533.294327078226615, 371.2728227475088829, 0.000000000000000000 ) ) ;
#2331 = ORIENTED_EDGE ( 'NONE', *, *, #231, .F. ) ;
#2332 = AXIS2_PLACEMENT_3D ( 'NONE', #807, #50, #2095 ) ;
#2333 = EDGE_CURVE ( 'NONE', #3197, #1680, #1607, .T. ) ;
#2334 = CARTESIAN_POINT ( 'NONE',  ( 1507.943474117126698, 371.2728227475088261, 0.5000000000000000000 ) ) ;
#2335 = LINE ( 'NONE', #753, #1480 ) ;
#2336 = EDGE_LOOP ( 'NONE', ( #2465, #633, #1731, #2151 ) ) ;
#2337 = DIRECTION ( 'NONE',  ( 0.3420201433252698653, 0.9396926207860535341, 0.000000000000000000 ) ) ;
#2338 = CARTESIAN_POINT ( 'NONE',  ( 1510.618900597726451, 366.1388481513217812, 0.5000000000000000000 ) ) ;
#2339 = FACE_OUTER_BOUND ( 'NONE', #769, .T. ) ;
#2340 = LINE ( 'NONE', #818, #1659 ) ;
#2341 = DIRECTION ( 'NONE',  ( 0.000000000000000000, 1.000000000000000000, 0.000000000000000000 ) ) ;
#2342 = DIRECTION ( 'NONE',  ( -0.000000000000000000, -0.000000000000000000, -1.000000000000000000 ) ) ;
#2343 = ORIENTED_EDGE ( 'NONE', *, *, #2125, .T. ) ;
#2344 = CARTESIAN_POINT ( 'NONE',  ( 1559.462669659926860, 365.7728227475088261, 0.5000000000000000000 ) ) ;
#2345 = ORIENTED_EDGE ( 'NONE', *, *, #935, .T. ) ;
#2346 = CARTESIAN_POINT ( 'NONE',  ( 1530.118900597726679, 346.4067973437088312, 0.5000000000000000000 ) ) ;
#2347 = VECTOR ( 'NONE', #61, 1000.000000000000000 ) ;
#2348 = ORIENTED_EDGE ( 'NONE', *, *, #1436, .F. ) ;
#2349 = AXIS2_PLACEMENT_3D ( 'NONE', #2429, #3183, #2916 ) ;
#2350 = ADVANCED_FACE ( 'NONE', ( #294 ), #1598, .T. ) ;
#2351 = DIRECTION ( 'NONE',  ( 1.000000000000000000, 0.000000000000000000, 0.000000000000000000 ) ) ;
#2352 = EDGE_CURVE ( 'NONE', #2431, #1389, #3092, .T. ) ;
#2353 = CARTESIAN_POINT ( 'NONE',  ( 1489.129980879426512, 359.4228227475086896, 0.5000000000000000000 ) ) ;
#2354 = ORIENTED_EDGE ( 'NONE', *, *, #1317, .T. ) ;
#2355 = PLANE ( 'NONE',  #3179 ) ;
#2356 = CARTESIAN_POINT ( 'NONE',  ( 1530.118900597726679, 346.4067973437088312, 0.000000000000000000 ) ) ;
#2357 = CARTESIAN_POINT ( 'NONE',  ( 1550.301300790826645, 353.3728227475089625, 0.000000000000000000 ) ) ;
#2358 = VECTOR ( 'NONE', #531, 1000.000000000000000 ) ;
#2359 = SURFACE_STYLE_FILL_AREA ( #3129 ) ;
#2360 =( GEOMETRIC_REPRESENTATION_CONTEXT ( 3 ) GLOBAL_UNCERTAINTY_ASSIGNED_CONTEXT ( ( #1541 ) ) GLOBAL_UNIT_ASSIGNED_CONTEXT ( ( #1844, #2612, #1331 ) ) REPRESENTATION_CONTEXT ( 'NONE', 'WORKASPACE' ) );
#2361 = CARTESIAN_POINT ( 'NONE',  ( 1530.618900597726679, 346.4067973436950751, 0.5000000000000000000 ) ) ;
#2362 = ORIENTED_EDGE ( 'NONE', *, *, #2494, .F. ) ;
#2363 = DIRECTION ( 'NONE',  ( -0.000000000000000000, -0.000000000000000000, -1.000000000000000000 ) ) ;
#2364 = ORIENTED_EDGE ( 'NONE', *, *, #3264, .T. ) ;
#2365 = ORIENTED_EDGE ( 'NONE', *, *, #2620, .T. ) ;
#2366 = DIRECTION ( 'NONE',  ( -0.000000000000000000, -0.000000000000000000, -1.000000000000000000 ) ) ;
#2367 = APPLICATION_PROTOCOL_DEFINITION ( 'draft international standard', 'automotive_design', 1998, #1178 ) ;
#2368 = ORIENTED_EDGE ( 'NONE', *, *, #3148, .F. ) ;
#2369 = EDGE_CURVE ( 'NONE', #1901, #1091, #1545, .T. ) ;
#2370 = DIRECTION ( 'NONE',  ( 1.000000000000000000, 0.000000000000000000, 0.000000000000000000 ) ) ;
#2371 = ORIENTED_EDGE ( 'NONE', *, *, #3065, .F. ) ;
#2372 = EDGE_CURVE ( 'NONE', #3216, #2318, #3310, .T. ) ;
#2373 = VECTOR ( 'NONE', #255, 1000.000000000000000 ) ;
#2374 = DIRECTION ( 'NONE',  ( -1.000000000000000000, -1.581691538506154777E-13, 0.000000000000000000 ) ) ;
#2375 = DIRECTION ( 'NONE',  ( 0.8660254037790983128, 0.5000000000092499342, -0.000000000000000000 ) ) ;
#2376 = LINE ( 'NONE', #1643, #2760 ) ;
#2377 = VECTOR ( 'NONE', #2955, 1000.000000000000000 ) ;
#2378 = EDGE_CURVE ( 'NONE', #537, #1403, #523, .T. ) ;
#2379 = CARTESIAN_POINT ( 'NONE',  ( 1481.775131535526725, 365.7728227475088261, 0.5000000000000000000 ) ) ;
#2380 = VERTEX_POINT ( 'NONE', #2811 ) ;
#2381 = DIRECTION ( 'NONE',  ( -0.5000000000047731818, 0.8660254037816828010, 0.000000000000000000 ) ) ;
#2382 = ORIENTED_EDGE ( 'NONE', *, *, #671, .F. ) ;
#2383 = AXIS2_PLACEMENT_3D ( 'NONE', #1186, #1990, #3238 ) ;
#2384 = ORIENTED_EDGE ( 'NONE', *, *, #378, .F. ) ;
#2385 = CARTESIAN_POINT ( 'NONE',  ( 1535.518976707726551, 370.9438328192090921, 0.5000000000000000000 ) ) ;
#2386 = CIRCLE ( 'NONE', #668, 0.5000000000001669775 ) ;
#2387 = DIRECTION ( 'NONE',  ( -0.000000000000000000, -0.000000000000000000, -1.000000000000000000 ) ) ;
#2388 = VERTEX_POINT ( 'NONE', #1083 ) ;
#2389 = CARTESIAN_POINT ( 'NONE',  ( 1484.886456400926363, 366.2728227475090534, 0.5000000000000000000 ) ) ;
#2390 = CARTESIAN_POINT ( 'NONE',  ( 1549.831454480526645, 359.5018126759086954, 0.000000000000000000 ) ) ;
#2391 = APPLICATION_CONTEXT ( 'automotive_design' ) ;
#2392 = DIRECTION ( 'NONE',  ( 0.000000000000000000, 0.000000000000000000, 1.000000000000000000 ) ) ;
#2393 = EDGE_CURVE ( 'NONE', #2687, #3251, #1348, .T. ) ;
#2394 = EDGE_CURVE ( 'NONE', #164, #544, #2111, .T. ) ;
#2395 = CARTESIAN_POINT ( 'NONE',  ( 1532.861314376326618, 371.0228227475088261, 0.5000000000000000000 ) ) ;
#2396 = DIRECTION ( 'NONE',  ( 1.000000000000000000, 0.000000000000000000, 0.000000000000000000 ) ) ;
#2397 = EDGE_LOOP ( 'NONE', ( #114, #3319, #415, #3136 ) ) ;
#2398 = ORIENTED_EDGE ( 'NONE', *, *, #1562, .F. ) ;
#2399 = CARTESIAN_POINT ( 'NONE',  ( 1544.352175684618715, 344.2728227475088829, 0.5000000000000000000 ) ) ;
#2400 = AXIS2_PLACEMENT_3D ( 'NONE', #2307, #325, #3077 ) ;
#2401 = EDGE_LOOP ( 'NONE', ( #3122, #3081, #1411, #2365 ) ) ;
#2402 = CARTESIAN_POINT ( 'NONE',  ( 1535.518976707726324, 341.6018126759088318, 0.000000000000000000 ) ) ;
#2403 = VECTOR ( 'NONE', #1209, 1000.000000000000000 ) ;
#2404 = ORIENTED_EDGE ( 'NONE', *, *, #78, .T. ) ;
#2405 = CARTESIAN_POINT ( 'NONE',  ( 1511.051913299626449, 346.1567973437088312, 0.5000000000000000000 ) ) ;
#2406 = DIRECTION ( 'NONE',  ( -1.000000000000000000, 1.265353230876974514E-13, 0.000000000000000000 ) ) ;
#2407 = DIRECTION ( 'NONE',  ( -0.000000000000000000, -0.000000000000000000, -1.000000000000000000 ) ) ;
#2408 = EDGE_CURVE ( 'NONE', #1389, #262, #2770, .T. ) ;
#2409 = AXIS2_PLACEMENT_3D ( 'NONE', #908, #878, #3215 ) ;
#2410 = EDGE_CURVE ( 'NONE', #602, #121, #2851, .T. ) ;
#2411 = VERTEX_POINT ( 'NONE', #1312 ) ;
#2412 = VECTOR ( 'NONE', #1463, 1000.000000000000000 ) ;
#2413 = CARTESIAN_POINT ( 'NONE',  ( 1538.409635639826774, 349.5438328192090580, 0.5000000000000000000 ) ) ;
#2414 = EDGE_CURVE ( 'NONE', #559, #3187, #414, .T. ) ;
#2415 = VERTEX_POINT ( 'NONE', #569 ) ;
#2416 = VERTEX_POINT ( 'NONE', #1581 ) ;
#2417 = DIRECTION ( 'NONE',  ( -1.000000000000000000, 0.000000000000000000, 0.000000000000000000 ) ) ;
#2418 = ORIENTED_EDGE ( 'NONE', *, *, #3268, .F. ) ;
#2419 = ORIENTED_EDGE ( 'NONE', *, *, #2819, .F. ) ;
#2420 = CARTESIAN_POINT ( 'NONE',  ( 1511.118900597726906, 360.7728227475090534, 0.000000000000000000 ) ) ;
#2421 = VERTEX_POINT ( 'NONE', #2596 ) ;
#2422 = PLANE ( 'NONE',  #825 ) ;
#2423 = LINE ( 'NONE', #356, #2707 ) ;
#2424 = VECTOR ( 'NONE', #3089, 1000.000000000000000 ) ;
#2425 = LINE ( 'NONE', #2140, #2290 ) ;
#2426 = AXIS2_PLACEMENT_3D ( 'NONE', #1977, #2788, #2286 ) ;
#2427 = CIRCLE ( 'NONE', #1845, 2.000000000000001776 ) ;
#2428 = ORIENTED_EDGE ( 'NONE', *, *, #1169, .F. ) ;
#2429 = CARTESIAN_POINT ( 'NONE',  ( 1558.962669659926632, 366.2728227475088261, 0.5000000000000000000 ) ) ;
#2430 = ORIENTED_EDGE ( 'NONE', *, *, #1753, .T. ) ;
#2431 = VERTEX_POINT ( 'NONE', #259 ) ;
#2432 = DIRECTION ( 'NONE',  ( 1.000000000000000000, 0.000000000000000000, 0.000000000000000000 ) ) ;
#2433 = ORIENTED_EDGE ( 'NONE', *, *, #2850, .F. ) ;
#2434 = ORIENTED_EDGE ( 'NONE', *, *, #2550, .T. ) ;
#2435 = EDGE_CURVE ( 'NONE', #3164, #3062, #1611, .T. ) ;
#2436 = ORIENTED_EDGE ( 'NONE', *, *, #2682, .F. ) ;
#2437 = VECTOR ( 'NONE', #240, 1000.000000000000114 ) ;
#2438 = AXIS2_PLACEMENT_3D ( 'NONE', #676, #1972, #187 ) ;
#2439 = VERTEX_POINT ( 'NONE', #582 ) ;
#2440 = LINE ( 'NONE', #323, #1364 ) ;
#2441 = CARTESIAN_POINT ( 'NONE',  ( 1550.301300790942605, 359.6728227475087465, 0.5000000000000000000 ) ) ;
#2442 = FACE_OUTER_BOUND ( 'NONE', #371, .T. ) ;
#2443 = CARTESIAN_POINT ( 'NONE',  ( 1500.551799720126610, 362.9228227475086896, 0.5000000000000000000 ) ) ;
#2444 = ORIENTED_EDGE ( 'NONE', *, *, #405, .T. ) ;
#2445 = DIRECTION ( 'NONE',  ( 0.000000000000000000, 0.000000000000000000, 1.000000000000000000 ) ) ;
#2446 = ORIENTED_EDGE ( 'NONE', *, *, #1229, .F. ) ;
#2447 = DIRECTION ( 'NONE',  ( -1.000000000000000000, 0.000000000000000000, 0.000000000000000000 ) ) ;
#2448 = ORIENTED_EDGE ( 'NONE', *, *, #477, .F. ) ;
#2449 = ORIENTED_EDGE ( 'NONE', *, *, #3288, .T. ) ;
#2450 = EDGE_CURVE ( 'NONE', #3164, #1884, #1550, .T. ) ;
#2451 = EDGE_CURVE ( 'NONE', #3117, #2277, #2868, .T. ) ;
#2452 = EDGE_CURVE ( 'NONE', #1144, #2905, #44, .T. ) ;
#2453 = CARTESIAN_POINT ( 'NONE',  ( 1482.275131535526725, 346.2728227475088261, 0.5000000000000000000 ) ) ;
#2454 = EDGE_CURVE ( 'NONE', #3216, #1414, #583, .T. ) ;
#2455 = CIRCLE ( 'NONE', #954, 2.000000000000001776 ) ;
#2456 = DIRECTION ( 'NONE',  ( -0.000000000000000000, -0.000000000000000000, -1.000000000000000000 ) ) ;
#2457 = DIRECTION ( 'NONE',  ( -0.000000000000000000, -0.000000000000000000, -1.000000000000000000 ) ) ;
#2458 = CARTESIAN_POINT ( 'NONE',  ( 1556.351344794526540, 366.2728227475087692, 0.5000000000000000000 ) ) ;
#2459 = DIRECTION ( 'NONE',  ( -0.000000000000000000, -0.000000000000000000, -1.000000000000000000 ) ) ;
#2460 = ORIENTED_EDGE ( 'NONE', *, *, #521, .F. ) ;
#2461 = CARTESIAN_POINT ( 'NONE',  ( 1552.107820315926574, 353.1228227475089625, 0.5000000000000000000 ) ) ;
#2462 = ORIENTED_EDGE ( 'NONE', *, *, #627, .T. ) ;
#2463 = AXIS2_PLACEMENT_3D ( 'NONE', #3301, #525, #267 ) ;
#2464 = DIRECTION ( 'NONE',  ( 0.000000000000000000, 0.000000000000000000, 1.000000000000000000 ) ) ;
#2465 = ORIENTED_EDGE ( 'NONE', *, *, #1716, .T. ) ;
#2466 = ORIENTED_EDGE ( 'NONE', *, *, #2022, .F. ) ;
#2467 = DIRECTION ( 'NONE',  ( 0.000000000000000000, 0.000000000000000000, 1.000000000000000000 ) ) ;
#2468 = EDGE_CURVE ( 'NONE', #2168, #2421, #2936, .T. ) ;
#2469 = CARTESIAN_POINT ( 'NONE',  ( 1556.351344794518809, 365.7728227475088261, 0.000000000000000000 ) ) ;
#2470 = EDGE_CURVE ( 'NONE', #1138, #1414, #2830, .T. ) ;
#2471 = FACE_OUTER_BOUND ( 'NONE', #1465, .T. ) ;
#2472 = CYLINDRICAL_SURFACE ( 'NONE', #2257, 1.999999999999779732 ) ;
#2473 = FACE_OUTER_BOUND ( 'NONE', #2120, .T. ) ;
#2474 = DIRECTION ( 'NONE',  ( -0.5000000000092453822, -0.8660254037791007553, 0.000000000000000000 ) ) ;
#2475 = ADVANCED_FACE ( 'NONE', ( #275 ), #344, .T. ) ;
#2476 = VERTEX_POINT ( 'NONE', #408 ) ;
#2477 = DIRECTION ( 'NONE',  ( -0.000000000000000000, -0.000000000000000000, -1.000000000000000000 ) ) ;
#2478 = CIRCLE ( 'NONE', #2315, 0.5000000000001669775 ) ;
#2479 = VECTOR ( 'NONE', #1737, 1000.000000000000000 ) ;
#2480 = ORIENTED_EDGE ( 'NONE', *, *, #2333, .T. ) ;
#2481 = FACE_OUTER_BOUND ( 'NONE', #1464, .T. ) ;
#2482 = ORIENTED_EDGE ( 'NONE', *, *, #1372, .F. ) ;
#2483 = ORIENTED_EDGE ( 'NONE', *, *, #1679, .F. ) ;
#2484 = LINE ( 'NONE', #406, #929 ) ;
#2485 = DIRECTION ( 'NONE',  ( -0.4999999999952446372, -0.8660254037871841781, 0.000000000000000000 ) ) ;
#2486 = VECTOR ( 'NONE', #2485, 1000.000000000000114 ) ;
#2487 = DIRECTION ( 'NONE',  ( 0.000000000000000000, 0.000000000000000000, 1.000000000000000000 ) ) ;
#2488 = CARTESIAN_POINT ( 'NONE',  ( 1513.118900597726679, 360.7728227475088261, 0.5000000000000000000 ) ) ;
#2489 = VECTOR ( 'NONE', #1764, 1000.000000000000000 ) ;
#2490 = CARTESIAN_POINT ( 'NONE',  ( 1530.118900597726679, 366.1388481513088209, 0.000000000000000000 ) ) ;
#2491 = LINE ( 'NONE', #934, #871 ) ;
#2492 = VECTOR ( 'NONE', #1067, 1000.000000000000000 ) ;
#2493 = FACE_OUTER_BOUND ( 'NONE', #656, .T. ) ;
#2494 = EDGE_CURVE ( 'NONE', #1568, #2733, #685, .T. ) ;
#2495 = CARTESIAN_POINT ( 'NONE',  ( 1513.118900597726906, 358.7728227475089398, 0.000000000000000000 ) ) ;
#2496 = ADVANCED_FACE ( 'NONE', ( #3144 ), #1380, .T. ) ;
#2497 = ORIENTED_EDGE ( 'NONE', *, *, #13, .T. ) ;
#2498 = FACE_OUTER_BOUND ( 'NONE', #1709, .T. ) ;
#2499 = ORIENTED_EDGE ( 'NONE', *, *, #2701, .F. ) ;
#2500 = CARTESIAN_POINT ( 'NONE',  ( 1538.879481950226818, 349.8728227475089625, 0.5000000000000000000 ) ) ;
#2501 = LINE ( 'NONE', #1693, #83 ) ;
#2502 = CARTESIAN_POINT ( 'NONE',  ( 1530.118900597726679, 366.1388481513088209, 0.5000000000000000000 ) ) ;
#2503 = DIRECTION ( 'NONE',  ( -0.000000000000000000, -0.000000000000000000, -1.000000000000000000 ) ) ;
#2504 = VECTOR ( 'NONE', #2724, 1000.000000000000114 ) ;
#2505 = CARTESIAN_POINT ( 'NONE',  ( 1497.318638212626638, 368.5228227475088829, 0.000000000000000000 ) ) ;
#2506 = FACE_OUTER_BOUND ( 'NONE', #2218, .T. ) ;
#2507 = VECTOR ( 'NONE', #3229, 1000.000000000000000 ) ;
#2508 = PLANE ( 'NONE',  #2562 ) ;
#2509 = EDGE_CURVE ( 'NONE', #1383, #2905, #1678, .T. ) ;
#2510 = EDGE_CURVE ( 'NONE', #1088, #2277, #1111, .T. ) ;
#2511 = EDGE_CURVE ( 'NONE', #1832, #1206, #2455, .T. ) ;
#2512 = LINE ( 'NONE', #2763, #426 ) ;
#2513 = ORIENTED_EDGE ( 'NONE', *, *, #2165, .F. ) ;
#2514 = VECTOR ( 'NONE', #1537, 1000.000000000000000 ) ;
#2515 = LINE ( 'NONE', #2971, #2377 ) ;
#2516 = AXIS2_PLACEMENT_3D ( 'NONE', #2328, #1296, #11 ) ;
#2517 = LINE ( 'NONE', #661, #1854 ) ;
#2518 = LINE ( 'NONE', #2756, #2504 ) ;
#2519 = DIRECTION ( 'NONE',  ( 0.000000000000000000, 0.000000000000000000, 1.000000000000000000 ) ) ;
#2520 = CARTESIAN_POINT ( 'NONE',  ( 1513.118900597726906, 353.7728227475088261, 0.5000000000000000000 ) ) ;
#2521 = CARTESIAN_POINT ( 'NONE',  ( 1533.294327078226615, 341.2728227475088261, 0.000000000000000000 ) ) ;
#2522 = LINE ( 'NONE', #3023, #2668 ) ;
#2523 = VERTEX_POINT ( 'NONE', #82 ) ;
#2524 = VECTOR ( 'NONE', #2177, 1000.000000000000000 ) ;
#2525 = PLANE ( 'NONE',  #2298 ) ;
#2526 = ORIENTED_EDGE ( 'NONE', *, *, #914, .T. ) ;
#2527 = ORIENTED_EDGE ( 'NONE', *, *, #819, .F. ) ;
#2528 = VECTOR ( 'NONE', #2254, 1000.000000000000000 ) ;
#2529 = AXIS2_PLACEMENT_3D ( 'NONE', #93, #865, #1892 ) ;
#2530 = LINE ( 'NONE', #2314, #1153 ) ;
#2531 = VECTOR ( 'NONE', #519, 1000.000000000000000 ) ;
#2532 = EDGE_CURVE ( 'NONE', #718, #2897, #2425, .T. ) ;
#2533 = CARTESIAN_POINT ( 'NONE',  ( 1497.318638212626638, 368.5228227475088829, 0.5000000000000000000 ) ) ;
#2534 = EDGE_LOOP ( 'NONE', ( #1384, #151, #941, #1834 ) ) ;
#2535 = CARTESIAN_POINT ( 'NONE',  ( 1511.118900597726906, 346.4067973437088312, 0.000000000000000000 ) ) ;
#2536 = CARTESIAN_POINT ( 'NONE',  ( 1559.462669659926860, 346.7728227475085987, 0.000000000000000000 ) ) ;
#2537 = CARTESIAN_POINT ( 'NONE',  ( 1495.130822191726566, 343.7728227475088261, 0.5000000000000000000 ) ) ;
#2538 = CARTESIAN_POINT ( 'NONE',  ( 1500.984812422026607, 362.6728227475086896, 0.5000000000000000000 ) ) ;
#2539 = VECTOR ( 'NONE', #2688, 1000.000000000000000 ) ;
#2540 = DIRECTION ( 'NONE',  ( 1.000000000000000000, 0.000000000000000000, 0.000000000000000000 ) ) ;
#2541 = CARTESIAN_POINT ( 'NONE',  ( 1555.918332092626542, 366.0228227475088829, 0.5000000000000000000 ) ) ;
#2542 = VECTOR ( 'NONE', #2031, 1000.000000000000000 ) ;
#2543 = CYLINDRICAL_SURFACE ( 'NONE', #1496, 0.5000000000001669775 ) ;
#2544 = VERTEX_POINT ( 'NONE', #1410 ) ;
#2545 = LINE ( 'NONE', #245, #1238 ) ;
#2546 = ORIENTED_EDGE ( 'NONE', *, *, #943, .F. ) ;
#2547 = ORIENTED_EDGE ( 'NONE', *, *, #2998, .T. ) ;
#2548 = DIRECTION ( 'NONE',  ( -1.000000000000000000, 0.000000000000000000, 0.000000000000000000 ) ) ;
#2549 = EDGE_CURVE ( 'NONE', #287, #1914, #1444, .T. ) ;
#2550 = EDGE_CURVE ( 'NONE', #2318, #2905, #1493, .T. ) ;
#2551 = DIRECTION ( 'NONE',  ( 0.8660254037819031803, 0.5000000000043915982, -0.000000000000000000 ) ) ;
#2552 = EDGE_CURVE ( 'NONE', #3062, #813, #1873, .T. ) ;
#2553 = ORIENTED_EDGE ( 'NONE', *, *, #725, .F. ) ;
#2554 = DIRECTION ( 'NONE',  ( -1.000000000000000000, 0.000000000000000000, 0.000000000000000000 ) ) ;
#2555 = EDGE_CURVE ( 'NONE', #485, #3315, #915, .T. ) ;
#2556 = DIRECTION ( 'NONE',  ( 1.000000000000000000, 0.000000000000000000, 0.000000000000000000 ) ) ;
#2557 = CARTESIAN_POINT ( 'NONE',  ( 1538.879481950242734, 363.1728227475088602, 0.5000000000000000000 ) ) ;
#2558 = CARTESIAN_POINT ( 'NONE',  ( 1535.049130397326280, 371.2728227475090534, 0.000000000000000000 ) ) ;
#2559 = CARTESIAN_POINT ( 'NONE',  ( 1540.252988773434254, 349.3728227475090193, 0.5000000000000000000 ) ) ;
#2560 = DIRECTION ( 'NONE',  ( 1.000000000000000000, 0.000000000000000000, 0.000000000000000000 ) ) ;
#2561 = ORIENTED_EDGE ( 'NONE', *, *, #683, .F. ) ;
#2562 = AXIS2_PLACEMENT_3D ( 'NONE', #2744, #1276, #1754 ) ;
#2563 = FACE_OUTER_BOUND ( 'NONE', #2815, .T. ) ;
#2564 = VERTEX_POINT ( 'NONE', #2661 ) ;
#2565 = ORIENTED_EDGE ( 'NONE', *, *, #1071, .T. ) ;
#2566 = CARTESIAN_POINT ( 'NONE',  ( 1549.831454480526645, 353.0438328192087738, 0.5000000000000000000 ) ) ;
#2567 = AXIS2_PLACEMENT_3D ( 'NONE', #1369, #3137, #2571 ) ;
#2568 = DIRECTION ( 'NONE',  ( 1.000000000000000000, 0.000000000000000000, 0.000000000000000000 ) ) ;
#2569 = ORIENTED_EDGE ( 'NONE', *, *, #1474, .F. ) ;
#2570 = AXIS2_PLACEMENT_3D ( 'NONE', #3150, #281, #2814 ) ;
#2571 = DIRECTION ( 'NONE',  ( 1.000000000000000000, 0.000000000000000000, 0.000000000000000000 ) ) ;
#2572 = ADVANCED_FACE ( 'NONE', ( #2442 ), #395, .F. ) ;
#2573 = CARTESIAN_POINT ( 'NONE',  ( 1558.962669659926860, 346.7728227475088261, 0.5000000000000000000 ) ) ;
#2574 = CARTESIAN_POINT ( 'NONE',  ( 1485.319469102826588, 366.0228227475088261, 0.000000000000000000 ) ) ;
#2575 = CARTESIAN_POINT ( 'NONE',  ( 1505.718824487726579, 370.9438328192089216, 0.000000000000000000 ) ) ;
#2576 = ADVANCED_FACE ( 'NONE', ( #1928 ), #2677, .T. ) ;
#2577 = CARTESIAN_POINT ( 'NONE',  ( 1535.049130397310591, 341.7728227475091103, 0.5000000000000000000 ) ) ;
#2578 = DIRECTION ( 'NONE',  ( 1.000000000000000000, 0.000000000000000000, 0.000000000000000000 ) ) ;
#2579 = EDGE_CURVE ( 'NONE', #1612, #883, #648, .T. ) ;
#2580 = ORIENTED_EDGE ( 'NONE', *, *, #446, .F. ) ;
#2581 = DIRECTION ( 'NONE',  ( 0.000000000000000000, 1.000000000000000000, 0.000000000000000000 ) ) ;
#2582 = ORIENTED_EDGE ( 'NONE', *, *, #939, .T. ) ;
#2583 = VERTEX_POINT ( 'NONE', #867 ) ;
#2584 = VECTOR ( 'NONE', #2007, 1000.000000000000000 ) ;
#2585 = LINE ( 'NONE', #1762, #2645 ) ;
#2586 = VECTOR ( 'NONE', #1504, 1000.000000000000000 ) ;
#2587 = CIRCLE ( 'NONE', #1687, 0.4999999999999449329 ) ;
#2588 = LINE ( 'NONE', #1266, #2542 ) ;
#2589 = ORIENTED_EDGE ( 'NONE', *, *, #1963, .F. ) ;
#2590 = CIRCLE ( 'NONE', #3225, 0.5000000000001669775 ) ;
#2591 = LINE ( 'NONE', #2824, #2960 ) ;
#2592 = CARTESIAN_POINT ( 'NONE',  ( 1555.918332092626542, 366.0228227475088829, 0.5000000000000000000 ) ) ;
#2593 = DIRECTION ( 'NONE',  ( -1.000000000000000000, 0.000000000000000000, 0.000000000000000000 ) ) ;
#2594 = DIRECTION ( 'NONE',  ( -0.000000000000000000, -0.000000000000000000, -1.000000000000000000 ) ) ;
#2595 = PLANE ( 'NONE',  #2090 ) ;
#2596 = CARTESIAN_POINT ( 'NONE',  ( 1551.674807614126621, 353.3728227475089056, 0.5000000000000000000 ) ) ;
#2597 = CIRCLE ( 'NONE', #2383, 0.4999999999999449329 ) ;
#2598 = EDGE_CURVE ( 'NONE', #1448, #1262, #1895, .T. ) ;
#2599 = ORIENTED_EDGE ( 'NONE', *, *, #1885, .T. ) ;
#2600 = CARTESIAN_POINT ( 'NONE',  ( 1559.462669659926860, 365.7728227475088261, 0.000000000000000000 ) ) ;
#2601 = EDGE_CURVE ( 'NONE', #2564, #1536, #1913, .T. ) ;
#2602 = ORIENTED_EDGE ( 'NONE', *, *, #573, .T. ) ;
#2603 = DIRECTION ( 'NONE',  ( 1.000000000000000000, 0.000000000000000000, 0.000000000000000000 ) ) ;
#2604 = ORIENTED_EDGE ( 'NONE', *, *, #119, .F. ) ;
#2605 = CARTESIAN_POINT ( 'NONE',  ( 1505.718824487726579, 341.6018126759087181, 0.5000000000000000000 ) ) ;
#2606 = LINE ( 'NONE', #302, #1696 ) ;
#2607 = VERTEX_POINT ( 'NONE', #3181 ) ;
#2608 = FACE_OUTER_BOUND ( 'NONE', #183, .T. ) ;
#2609 = CARTESIAN_POINT ( 'NONE',  ( 1508.376486819026695, 371.0228227475088261, 0.5000000000000000000 ) ) ;
#2610 = CYLINDRICAL_SURFACE ( 'NONE', #1008, 0.5000000000001669775 ) ;
#2611 = DIRECTION ( 'NONE',  ( 1.000000000000000000, 0.000000000000000000, 0.000000000000000000 ) ) ;
#2612 =( NAMED_UNIT ( * ) PLANE_ANGLE_UNIT ( ) SI_UNIT ( $, .RADIAN. ) );
#2613 = CARTESIAN_POINT ( 'NONE',  ( 1490.936500404526669, 353.3728227475089625, 0.000000000000000000 ) ) ;
#2614 = VERTEX_POINT ( 'NONE', #1647 ) ;
#2615 = FACE_OUTER_BOUND ( 'NONE', #244, .T. ) ;
#2616 = EDGE_CURVE ( 'NONE', #1088, #682, #3202, .T. ) ;
#2617 = ORIENTED_EDGE ( 'NONE', *, *, #1359, .T. ) ;
#2618 = AXIS2_PLACEMENT_3D ( 'NONE', #1393, #130, #901 ) ;
#2619 = ORIENTED_EDGE ( 'NONE', *, *, #2509, .T. ) ;
#2620 = EDGE_CURVE ( 'NONE', #1888, #1615, #202, .T. ) ;
#2621 = VECTOR ( 'NONE', #2194, 1000.000000000000227 ) ;
#2622 = CARTESIAN_POINT ( 'NONE',  ( 1546.576825314126609, 368.4438328192086942, 0.5000000000000000000 ) ) ;
#2623 = EDGE_LOOP ( 'NONE', ( #38, #2832, #844, #1584 ) ) ;
#2624 = ORIENTED_EDGE ( 'NONE', *, *, #1617, .T. ) ;
#2625 = AXIS2_PLACEMENT_3D ( 'NONE', #2829, #1061, #258 ) ;
#2626 = ORIENTED_EDGE ( 'NONE', *, *, #1439, .F. ) ;
#2627 = CARTESIAN_POINT ( 'NONE',  ( 1546.106979003726565, 368.7728227475088261, 0.000000000000000000 ) ) ;
#2628 = DIRECTION ( 'NONE',  ( 1.265353230876974514E-13, 1.000000000000000000, -0.000000000000000000 ) ) ;
#2629 = VECTOR ( 'NONE', #1767, 1000.000000000000000 ) ;
#2630 = DIRECTION ( 'NONE',  ( 0.000000000000000000, 0.000000000000000000, 1.000000000000000000 ) ) ;
#2631 = ORIENTED_EDGE ( 'NONE', *, *, #1439, .T. ) ;
#2632 = CARTESIAN_POINT ( 'NONE',  ( 1484.886456400934094, 365.7728227475089398, 0.5000000000000000000 ) ) ;
#2633 = ORIENTED_EDGE ( 'NONE', *, *, #1964, .T. ) ;
#2634 = ORIENTED_EDGE ( 'NONE', *, *, #1882, .F. ) ;
#2635 = CARTESIAN_POINT ( 'NONE',  ( 1505.718824487726579, 370.9438328192089216, 0.5000000000000000000 ) ) ;
#2636 = ORIENTED_EDGE ( 'NONE', *, *, #3286, .F. ) ;
#2637 = DIRECTION ( 'NONE',  ( -1.000000000000000000, 0.000000000000000000, 0.000000000000000000 ) ) ;
#2638 = ADVANCED_FACE ( 'NONE', ( #2471 ), #442, .F. ) ;
#2639 = ORIENTED_EDGE ( 'NONE', *, *, #2850, .T. ) ;
#2640 = CIRCLE ( 'NONE', #1040, 0.4999999999999449329 ) ;
#2641 = CARTESIAN_POINT ( 'NONE',  ( 1540.252988773426750, 349.8728227475090193, 0.000000000000000000 ) ) ;
#2642 = ADVANCED_FACE ( 'NONE', ( #2205 ), #155, .T. ) ;
#2643 = VECTOR ( 'NONE', #2138, 1000.000000000000000 ) ;
#2644 = FACE_OUTER_BOUND ( 'NONE', #869, .T. ) ;
#2645 = VECTOR ( 'NONE', #561, 1000.000000000000000 ) ;
#2646 = DIRECTION ( 'NONE',  ( 1.000000000000000000, 0.000000000000000000, 0.000000000000000000 ) ) ;
#2647 = LINE ( 'NONE', #2211, #2507 ) ;
#2648 = VERTEX_POINT ( 'NONE', #1501 ) ;
#2649 = CLOSED_SHELL ( 'NONE', ( #2262, #1721, #3190, #2189, #1637, #29, #1927, #1583, #2207, #504, #2869, #3147, #2203, #799, #1867, #2475, #976, #439, #2796, #1290, #1646, #1799, #3131, #2721, #1334, #667, #1774, #2110, #1377, #1392, #2231, #2799, #358, #2791, #35, #520, #81, #2676, #2642, #2658, #1046, #1470, #670, #1989, #837, #2702, #1682, #2305, #1984, #1128, #2005, #2572, #1663, #2961, #57, #1848, #2758, #1172, #1089, #2105, #97, #3311, #570, #1023, #417, #3302, #2496, #3056, #1578, #2887, #687, #3307, #1224, #1314, #1019, #196, #228, #880, #1185, #2638, #1703, #2019, #1113, #2904, #1270, #1044, #2147, #436, #213, #2754, #359, #766, #154, #336, #2576, #975, #2350, #1819 ) ) ;
#2650 = ORIENTED_EDGE ( 'NONE', *, *, #914, .F. ) ;
#2651 = FACE_OUTER_BOUND ( 'NONE', #765, .T. ) ;
#2652 = AXIS2_PLACEMENT_3D ( 'NONE', #737, #3047, #505 ) ;
#2653 = ORIENTED_EDGE ( 'NONE', *, *, #554, .F. ) ;
#2654 = FACE_OUTER_BOUND ( 'NONE', #2662, .T. ) ;
#2655 = ORIENTED_EDGE ( 'NONE', *, *, #2737, .F. ) ;
#2656 = EDGE_CURVE ( 'NONE', #1655, #636, #1202, .T. ) ;
#2657 = CARTESIAN_POINT ( 'NONE',  ( 1485.319469102826588, 346.5228227475090534, 0.000000000000000000 ) ) ;
#2658 = ADVANCED_FACE ( 'NONE', ( #1219 ), #2239, .T. ) ;
#2659 = CARTESIAN_POINT ( 'NONE',  ( 1546.106979003726337, 343.7728227475091671, 0.000000000000000000 ) ) ;
#2660 = EDGE_CURVE ( 'NONE', #1116, #2388, #2518, .T. ) ;
#2661 = CARTESIAN_POINT ( 'NONE',  ( 1481.775131535526725, 365.7728227475088261, 0.5000000000000000000 ) ) ;
#2662 = EDGE_LOOP ( 'NONE', ( #1049, #1702, #364, #2404 ) ) ;
#2663 = CARTESIAN_POINT ( 'NONE',  ( 1556.351344794526540, 346.2728227475088261, 0.000000000000000000 ) ) ;
#2664 = VERTEX_POINT ( 'NONE', #1236 ) ;
#2665 = ORIENTED_EDGE ( 'NONE', *, *, #613, .F. ) ;
#2666 = AXIS2_PLACEMENT_3D ( 'NONE', #3035, #2786, #759 ) ;
#2667 = LINE ( 'NONE', #3201, #1561 ) ;
#2668 = VECTOR ( 'NONE', #1727, 1000.000000000000000 ) ;
#2669 = ORIENTED_EDGE ( 'NONE', *, *, #1208, .T. ) ;
#2670 = VERTEX_POINT ( 'NONE', #455 ) ;
#2671 = LINE ( 'NONE', #1674, #2539 ) ;
#2672 = AXIS2_PLACEMENT_3D ( 'NONE', #1241, #460, #3040 ) ;
#2673 = ORIENTED_EDGE ( 'NONE', *, *, #768, .F. ) ;
#2674 = CARTESIAN_POINT ( 'NONE',  ( 1511.118900597726906, 366.1388481513088209, 0.5000000000000000000 ) ) ;
#2675 = CARTESIAN_POINT ( 'NONE',  ( 1511.118900597726906, 346.4067973437088312, 0.000000000000000000 ) ) ;
#2676 = ADVANCED_FACE ( 'NONE', ( #3239 ), #2268, .T. ) ;
#2677 = CYLINDRICAL_SURFACE ( 'NONE', #903, 0.5000000000001669775 ) ;
#2678 = AXIS2_PLACEMENT_3D ( 'NONE', #1619, #2823, #739 ) ;
#2679 = ORIENTED_EDGE ( 'NONE', *, *, #874, .F. ) ;
#2680 = AXIS2_PLACEMENT_3D ( 'NONE', #2852, #1085, #311 ) ;
#2681 = FACE_OUTER_BOUND ( 'NONE', #649, .T. ) ;
#2682 = EDGE_CURVE ( 'NONE', #542, #2933, #424, .T. ) ;
#2683 = ORIENTED_EDGE ( 'NONE', *, *, #900, .T. ) ;
#2684 = ORIENTED_EDGE ( 'NONE', *, *, #1069, .F. ) ;
#2685 = DIRECTION ( 'NONE',  ( -0.000000000000000000, -0.000000000000000000, -1.000000000000000000 ) ) ;
#2686 = ORIENTED_EDGE ( 'NONE', *, *, #381, .T. ) ;
#2687 = VERTEX_POINT ( 'NONE', #2739 ) ;
#2688 = DIRECTION ( 'NONE',  ( -0.000000000000000000, -0.000000000000000000, -1.000000000000000000 ) ) ;
#2689 = VERTEX_POINT ( 'NONE', #1472 ) ;
#2690 = LINE ( 'NONE', #2926, #3121 ) ;
#2691 = FACE_OUTER_BOUND ( 'NONE', #609, .T. ) ;
#2692 = AXIS2_PLACEMENT_3D ( 'NONE', #2759, #3020, #158 ) ;
#2693 = DIRECTION ( 'NONE',  ( 0.000000000000000000, 0.000000000000000000, 1.000000000000000000 ) ) ;
#2694 = VECTOR ( 'NONE', #2374, 1000.000000000000000 ) ;
#2695 = ORIENTED_EDGE ( 'NONE', *, *, #2451, .F. ) ;
#2696 = FACE_OUTER_BOUND ( 'NONE', #2747, .T. ) ;
#2697 = AXIS2_PLACEMENT_3D ( 'NONE', #2708, #420, #1451 ) ;
#2698 = EDGE_CURVE ( 'NONE', #279, #1883, #1441, .T. ) ;
#2699 = ORIENTED_EDGE ( 'NONE', *, *, #1146, .T. ) ;
#2700 = VERTEX_POINT ( 'NONE', #2987 ) ;
#2701 = EDGE_CURVE ( 'NONE', #2670, #496, #2587, .T. ) ;
#2702 = ADVANCED_FACE ( 'NONE', ( #2973 ), #964, .T. ) ;
#2703 = CARTESIAN_POINT ( 'NONE',  ( 1528.118900597726679, 360.7728227475088261, 0.5000000000000000000 ) ) ;
#2704 = CIRCLE ( 'NONE', #1639, 0.5000000000001669775 ) ;
#2705 = EDGE_LOOP ( 'NONE', ( #2797, #163, #853, #2565 ) ) ;
#2706 = ORIENTED_EDGE ( 'NONE', *, *, #1359, .F. ) ;
#2707 = VECTOR ( 'NONE', #850, 1000.000000000000000 ) ;
#2708 = CARTESIAN_POINT ( 'NONE',  ( 1500.984812422018877, 349.3728227475089056, 0.5000000000000000000 ) ) ;
#2709 = DIRECTION ( 'NONE',  ( 1.000000000000000000, 0.000000000000000000, 0.000000000000000000 ) ) ;
#2710 = DIRECTION ( 'NONE',  ( 0.000000000000000000, 0.000000000000000000, 1.000000000000000000 ) ) ;
#2711 = CARTESIAN_POINT ( 'NONE',  ( 1484.886456400926363, 366.2728227475090534, 0.5000000000000000000 ) ) ;
#2712 = VERTEX_POINT ( 'NONE', #1991 ) ;
#2713 = CARTESIAN_POINT ( 'NONE',  ( 1507.943474117134201, 370.7728227475086555, 0.5000000000000000000 ) ) ;
#2714 = VERTEX_POINT ( 'NONE', #693 ) ;
#2715 = EDGE_CURVE ( 'NONE', #1120, #2712, #127, .T. ) ;
#2716 = DIRECTION ( 'NONE',  ( -0.000000000000000000, -0.000000000000000000, -1.000000000000000000 ) ) ;
#2717 = ORIENTED_EDGE ( 'NONE', *, *, #2128, .F. ) ;
#2718 = EDGE_CURVE ( 'NONE', #682, #301, #3289, .T. ) ;
#2719 = ORIENTED_EDGE ( 'NONE', *, *, #554, .T. ) ;
#2720 = DIRECTION ( 'NONE',  ( 0.000000000000000000, 0.000000000000000000, 1.000000000000000000 ) ) ;
#2721 = ADVANCED_FACE ( 'NONE', ( #998 ), #2020, .T. ) ;
#2722 = AXIS2_PLACEMENT_3D ( 'NONE', #2243, #307, #6 ) ;
#2723 = PLANE ( 'NONE',  #1161 ) ;
#2724 = DIRECTION ( 'NONE',  ( -0.4999999999952446372, -0.8660254037871841781, 0.000000000000000000 ) ) ;
#2725 = CYLINDRICAL_SURFACE ( 'NONE', #3118, 0.4999999999999449329 ) ;
#2726 = DIRECTION ( 'NONE',  ( -0.000000000000000000, -0.000000000000000000, -1.000000000000000000 ) ) ;
#2727 = ORIENTED_EDGE ( 'NONE', *, *, #631, .T. ) ;
#2728 = DIRECTION ( 'NONE',  ( -1.000000000000000000, 0.000000000000000000, 0.000000000000000000 ) ) ;
#2729 = VECTOR ( 'NONE', #2554, 1000.000000000000000 ) ;
#2730 = ORIENTED_EDGE ( 'NONE', *, *, #2817, .T. ) ;
#2731 = AXIS2_PLACEMENT_3D ( 'NONE', #2258, #498, #1745 ) ;
#2732 = CARTESIAN_POINT ( 'NONE',  ( 1532.861314376326618, 341.5228227475088261, 0.5000000000000000000 ) ) ;
#2733 = VERTEX_POINT ( 'NONE', #2784 ) ;
#2734 = EDGE_LOOP ( 'NONE', ( #1244, #2980, #2116, #139 ) ) ;
#2735 = LINE ( 'NONE', #2766, #1042 ) ;
#2736 = DIRECTION ( 'NONE',  ( -1.000000000000000000, -1.265353230805084169E-13, 0.000000000000000000 ) ) ;
#2737 = EDGE_CURVE ( 'NONE', #1422, #2801, #2591, .T. ) ;
#2738 = EDGE_CURVE ( 'NONE', #62, #3205, #1271, .T. ) ;
#2739 = CARTESIAN_POINT ( 'NONE',  ( 1506.188670798126623, 371.2728227475089966, 0.5000000000000000000 ) ) ;
#2740 = DIRECTION ( 'NONE',  ( 1.000000000000000000, 8.503139837832923902E-14, 0.000000000000000000 ) ) ;
#2741 = CARTESIAN_POINT ( 'NONE',  ( 1550.301300790826645, 359.1728227475087465, 0.5000000000000000000 ) ) ;
#2742 = AXIS2_PLACEMENT_3D ( 'NONE', #2989, #472, #2771 ) ;
#2743 = FACE_OUTER_BOUND ( 'NONE', #1162, .T. ) ;
#2744 = CARTESIAN_POINT ( 'NONE',  ( 1546.106979003726337, 343.7728227475091103, 0.5000000000000000000 ) ) ;
#2745 = CIRCLE ( 'NONE', #1250, 0.5000000000003890221 ) ;
#2746 = VECTOR ( 'NONE', #1141, 1000.000000000000000 ) ;
#2747 = EDGE_LOOP ( 'NONE', ( #338, #873, #1268, #2215 ) ) ;
#2748 = VECTOR ( 'NONE', #1070, 1000.000000000000000 ) ;
#2749 = CARTESIAN_POINT ( 'NONE',  ( 1533.294327078218885, 341.7728227475089398, 0.5000000000000000000 ) ) ;
#2750 = VERTEX_POINT ( 'NONE', #2102 ) ;
#2751 = DIRECTION ( 'NONE',  ( -0.000000000000000000, -0.000000000000000000, -1.000000000000000000 ) ) ;
#2752 = FACE_OUTER_BOUND ( 'NONE', #2978, .T. ) ;
#2753 = AXIS2_PLACEMENT_3D ( 'NONE', #595, #1905, #1921 ) ;
#2754 = ADVANCED_FACE ( 'NONE', ( #3303 ), #2355, .F. ) ;
#2755 = EDGE_CURVE ( 'NONE', #1196, #1383, #392, .T. ) ;
#2756 = CARTESIAN_POINT ( 'NONE',  ( 1532.861314376326618, 371.0228227475088261, 0.5000000000000000000 ) ) ;
#2757 = DIRECTION ( 'NONE',  ( -0.000000000000000000, -0.000000000000000000, -1.000000000000000000 ) ) ;
#2758 = ADVANCED_FACE ( 'NONE', ( #2608 ), #2844, .T. ) ;
#2759 = CARTESIAN_POINT ( 'NONE',  ( 1544.352175684618715, 368.2728227475090534, 0.5000000000000000000 ) ) ;
#2760 = VECTOR ( 'NONE', #2104, 1000.000000000000000 ) ;
#2761 = PLANE ( 'NONE',  #10 ) ;
#2762 = DIRECTION ( 'NONE',  ( -1.000000000000000000, 0.000000000000000000, 0.000000000000000000 ) ) ;
#2763 = CARTESIAN_POINT ( 'NONE',  ( 1550.301300790826645, 359.1728227475087465, 0.5000000000000000000 ) ) ;
#2764 = ORIENTED_EDGE ( 'NONE', *, *, #2414, .T. ) ;
#2765 = VERTEX_POINT ( 'NONE', #288 ) ;
#2766 = CARTESIAN_POINT ( 'NONE',  ( 1535.049130397326280, 371.2728227475090534, 0.5000000000000000000 ) ) ;
#2767 = CARTESIAN_POINT ( 'NONE',  ( 1552.107820315926574, 353.1228227475089625, 0.000000000000000000 ) ) ;
#2768 = DIRECTION ( 'NONE',  ( -0.000000000000000000, 0.000000000000000000, -1.000000000000000000 ) ) ;
#2769 = DIRECTION ( 'NONE',  ( 0.000000000000000000, 0.000000000000000000, 1.000000000000000000 ) ) ;
#2770 = CIRCLE ( 'NONE', #1176, 0.5000000000001669775 ) ;
#2771 = DIRECTION ( 'NONE',  ( 1.000000000000000000, 0.000000000000000000, 0.000000000000000000 ) ) ;
#2772 = LINE ( 'NONE', #458, #222 ) ;
#2773 = VECTOR ( 'NONE', #100, 1000.000000000000000 ) ;
#2774 = CARTESIAN_POINT ( 'NONE',  ( 1495.130822191706102, 368.2728227475087692, 0.5000000000000000000 ) ) ;
#2775 = EDGE_LOOP ( 'NONE', ( #3214, #1216, #1012, #1599 ) ) ;
#2776 = CARTESIAN_POINT ( 'NONE',  ( 1495.130822191706102, 368.2728227475087692, 0.000000000000000000 ) ) ;
#2777 = EDGE_CURVE ( 'NONE', #3062, #260, #2282, .T. ) ;
#2778 = VERTEX_POINT ( 'NONE', #1823 ) ;
#2779 = AXIS2_PLACEMENT_3D ( 'NONE', #2966, #384, #162 ) ;
#2780 = LINE ( 'NONE', #2858, #3012 ) ;
#2781 = CARTESIAN_POINT ( 'NONE',  ( 1540.686001475326520, 362.9228227475086896, 0.000000000000000000 ) ) ;
#2782 = ORIENTED_EDGE ( 'NONE', *, *, #2826, .F. ) ;
#2783 = FACE_OUTER_BOUND ( 'NONE', #2289, .T. ) ;
#2784 = CARTESIAN_POINT ( 'NONE',  ( 1538.879481950226818, 362.6728227475086328, 0.5000000000000000000 ) ) ;
#2785 = PLANE ( 'NONE',  #1686 ) ;
#2786 = DIRECTION ( 'NONE',  ( 0.000000000000000000, 0.000000000000000000, 1.000000000000000000 ) ) ;
#2787 = LINE ( 'NONE', #341, #1304 ) ;
#2788 = DIRECTION ( 'NONE',  ( 0.000000000000000000, 0.000000000000000000, 1.000000000000000000 ) ) ;
#2789 = DIRECTION ( 'NONE',  ( 1.000000000000000000, 0.000000000000000000, 0.000000000000000000 ) ) ;
#2790 = ORIENTED_EDGE ( 'NONE', *, *, #666, .F. ) ;
#2791 = ADVANCED_FACE ( 'NONE', ( #304 ), #546, .F. ) ;
#2792 = VECTOR ( 'NONE', #144, 1000.000000000000000 ) ;
#2793 = PLANE ( 'NONE',  #1830 ) ;
#2794 = AXIS2_PLACEMENT_3D ( 'NONE', #1625, #849, #391 ) ;
#2795 = EDGE_CURVE ( 'NONE', #1667, #3014, #1057, .T. ) ;
#2796 = ADVANCED_FACE ( 'NONE', ( #2069 ), #527, .T. ) ;
#2797 = ORIENTED_EDGE ( 'NONE', *, *, #2826, .T. ) ;
#2798 = CIRCLE ( 'NONE', #1467, 0.5000000000001669775 ) ;
#2799 = ADVANCED_FACE ( 'NONE', ( #2 ), #1520, .F. ) ;
#2800 = DIRECTION ( 'NONE',  ( 0.000000000000000000, 0.000000000000000000, 1.000000000000000000 ) ) ;
#2801 = VERTEX_POINT ( 'NONE', #39 ) ;
#2802 = CARTESIAN_POINT ( 'NONE',  ( 1502.828165555626583, 349.5438328192087738, 0.000000000000000000 ) ) ;
#2803 = ORIENTED_EDGE ( 'NONE', *, *, #2795, .F. ) ;
#2804 = CARTESIAN_POINT ( 'NONE',  ( 1551.674807614126621, 359.1728227475087465, 0.5000000000000000000 ) ) ;
#2805 = LINE ( 'NONE', #814, #762 ) ;
#2806 = DIRECTION ( 'NONE',  ( 0.000000000000000000, 1.000000000000000000, 0.000000000000000000 ) ) ;
#2807 = LINE ( 'NONE', #2036, #491 ) ;
#2808 = FACE_OUTER_BOUND ( 'NONE', #1900, .T. ) ;
#2809 = CARTESIAN_POINT ( 'NONE',  ( 1500.984812422026607, 362.6728227475086896, 0.5000000000000000000 ) ) ;
#2810 = VECTOR ( 'NONE', #866, 1000.000000000000000 ) ;
#2811 = CARTESIAN_POINT ( 'NONE',  ( 1558.962669659926632, 366.2728227475088261, 0.000000000000000000 ) ) ;
#2812 = CIRCLE ( 'NONE', #620, 0.5000000000001669775 ) ;
#2813 = EDGE_LOOP ( 'NONE', ( #897, #2876, #1728, #3200 ) ) ;
#2814 = DIRECTION ( 'NONE',  ( -1.000000000000000000, 0.000000000000000000, 0.000000000000000000 ) ) ;
#2815 = EDGE_LOOP ( 'NONE', ( #1073, #1399, #738, #2293 ) ) ;
#2816 = ORIENTED_EDGE ( 'NONE', *, *, #3084, .F. ) ;
#2817 = EDGE_CURVE ( 'NONE', #1197, #3168, #1093, .T. ) ;
#2818 = FACE_OUTER_BOUND ( 'NONE', #2401, .T. ) ;
#2819 = EDGE_CURVE ( 'NONE', #2326, #2049, #1858, .T. ) ;
#2820 = EDGE_LOOP ( 'NONE', ( #2653, #98, #349, #1937 ) ) ;
#2821 = DIRECTION ( 'NONE',  ( 1.000000000000000000, 0.000000000000000000, 0.000000000000000000 ) ) ;
#2822 = EDGE_LOOP ( 'NONE', ( #732, #1387, #1633, #1697 ) ) ;
#2823 = DIRECTION ( 'NONE',  ( 0.000000000000000000, 0.000000000000000000, 1.000000000000000000 ) ) ;
#2824 = CARTESIAN_POINT ( 'NONE',  ( 1550.301300790826645, 359.1728227475087465, 0.000000000000000000 ) ) ;
#2825 = CARTESIAN_POINT ( 'NONE',  ( 1530.118900597726679, 360.7728227475088261, 0.5000000000000000000 ) ) ;
#2826 = EDGE_CURVE ( 'NONE', #1602, #2229, #1418, .T. ) ;
#2827 = DIRECTION ( 'NONE',  ( 1.000000000000000000, 0.000000000000000000, 0.000000000000000000 ) ) ;
#2828 = CARTESIAN_POINT ( 'NONE',  ( 1511.051913299626449, 346.1567973437088312, 0.5000000000000000000 ) ) ;
#2829 = CARTESIAN_POINT ( 'NONE',  ( 1533.294327078218885, 370.7728227475087692, 0.5000000000000000000 ) ) ;
#2830 = LINE ( 'NONE', #533, #733 ) ;
#2831 = VECTOR ( 'NONE', #2728, 1000.000000000000000 ) ;
#2832 = ORIENTED_EDGE ( 'NONE', *, *, #1210, .F. ) ;
#2833 = VECTOR ( 'NONE', #1193, 1000.000000000000000 ) ;
#2834 = LINE ( 'NONE', #1866, #209 ) ;
#2835 = ORIENTED_EDGE ( 'NONE', *, *, #2226, .F. ) ;
#2836 = LINE ( 'NONE', #297, #1213 ) ;
#2837 = ORIENTED_EDGE ( 'NONE', *, *, #479, .T. ) ;
#2838 = DIRECTION ( 'NONE',  ( -1.000000000000000000, 0.000000000000000000, 0.000000000000000000 ) ) ;
#2839 = CIRCLE ( 'NONE', #2463, 0.4999999999999449329 ) ;
#2840 = VERTEX_POINT ( 'NONE', #487 ) ;
#2841 = DIRECTION ( 'NONE',  ( -0.000000000000000000, -0.000000000000000000, -1.000000000000000000 ) ) ;
#2842 = ORIENTED_EDGE ( 'NONE', *, *, #173, .T. ) ;
#2843 = VECTOR ( 'NONE', #63, 1000.000000000000000 ) ;
#2844 = CYLINDRICAL_SURFACE ( 'NONE', #282, 0.4999999999999449329 ) ;
#2845 = CARTESIAN_POINT ( 'NONE',  ( 1535.049130397326508, 341.2728227475090534, 0.5000000000000000000 ) ) ;
#2846 = LINE ( 'NONE', #801, #925 ) ;
#2847 = EDGE_CURVE ( 'NONE', #1120, #1258, #2805, .T. ) ;
#2848 = DIRECTION ( 'NONE',  ( 0.000000000000000000, -1.000000000000000000, 0.000000000000000000 ) ) ;
#2849 = DIRECTION ( 'NONE',  ( 1.000000000000000000, 0.000000000000000000, 0.000000000000000000 ) ) ;
#2850 = EDGE_CURVE ( 'NONE', #524, #1891, #2427, .T. ) ;
#2851 = LINE ( 'NONE', #1791, #1710 ) ;
#2852 = CARTESIAN_POINT ( 'NONE',  ( 1546.106979003711103, 344.2728227475091671, 0.5000000000000000000 ) ) ;
#2853 = ORIENTED_EDGE ( 'NONE', *, *, #709, .F. ) ;
#2854 = CARTESIAN_POINT ( 'NONE',  ( 1530.118900597726679, 351.7728227475088261, 0.5000000000000000000 ) ) ;
#2855 = ORIENTED_EDGE ( 'NONE', *, *, #1532, .F. ) ;
#2856 = AXIS2_PLACEMENT_3D ( 'NONE', #2303, #816, #41 ) ;
#2857 = CIRCLE ( 'NONE', #604, 0.4999999999999449329 ) ;
#2858 = CARTESIAN_POINT ( 'NONE',  ( 1490.936500404526669, 359.1728227475087465, 0.5000000000000000000 ) ) ;
#2859 = AXIS2_PLACEMENT_3D ( 'NONE', #2338, #40, #1502 ) ;
#2860 = PLANE ( 'NONE',  #3076 ) ;
#2861 = ORIENTED_EDGE ( 'NONE', *, *, #2450, .T. ) ;
#2862 =( GEOMETRIC_REPRESENTATION_CONTEXT ( 3 ) GLOBAL_UNCERTAINTY_ASSIGNED_CONTEXT ( ( #2302 ) ) GLOBAL_UNIT_ASSIGNED_CONTEXT ( ( #1604, #1354, #1386 ) ) REPRESENTATION_CONTEXT ( 'NONE', 'WORKASPACE' ) );
#2863 = DIRECTION ( 'NONE',  ( 0.000000000000000000, 0.000000000000000000, 1.000000000000000000 ) ) ;
#2864 = PLANE ( 'NONE',  #3059 ) ;
#2865 = CARTESIAN_POINT ( 'NONE',  ( 1490.936500404510980, 359.6728227475088033, 0.000000000000000000 ) ) ;
#2866 = DIRECTION ( 'NONE',  ( -0.8660254037873708066, 0.4999999999949213403, 0.000000000000000000 ) ) ;
#2867 = EDGE_CURVE ( 'NONE', #1129, #1811, #2046, .T. ) ;
#2868 = LINE ( 'NONE', #2613, #2347 ) ;
#2869 = ADVANCED_FACE ( 'NONE', ( #780 ), #628, .T. ) ;
#2870 = CIRCLE ( 'NONE', #3282, 0.5000000000001669775 ) ;
#2871 = ORIENTED_EDGE ( 'NONE', *, *, #1621, .T. ) ;
#2872 = CARTESIAN_POINT ( 'NONE',  ( 1535.518976707726324, 341.6018126759088318, 0.5000000000000000000 ) ) ;
#2873 = VERTEX_POINT ( 'NONE', #109 ) ;
#2874 = ORIENTED_EDGE ( 'NONE', *, *, #3264, .F. ) ;
#2875 = DIRECTION ( 'NONE',  ( 1.000000000000000000, 0.000000000000000000, 0.000000000000000000 ) ) ;
#2876 = ORIENTED_EDGE ( 'NONE', *, *, #1398, .F. ) ;
#2877 = DIRECTION ( 'NONE',  ( 0.8660254037873799104, 0.4999999999949055751, -0.000000000000000000 ) ) ;
#2878 = VERTEX_POINT ( 'NONE', #3159 ) ;
#2879 = CARTESIAN_POINT ( 'NONE',  ( 1546.576825314126836, 344.1018126759086044, 0.5000000000000000000 ) ) ;
#2880 = CARTESIAN_POINT ( 'NONE',  ( 1549.831454480526645, 359.5018126759086954, 0.5000000000000000000 ) ) ;
#2881 = CARTESIAN_POINT ( 'NONE',  ( 1495.130822191726566, 368.7728227475088261, 0.000000000000000000 ) ) ;
#2882 = DIRECTION ( 'NONE',  ( 0.000000000000000000, 0.000000000000000000, 1.000000000000000000 ) ) ;
#2883 = LINE ( 'NONE', #2872, #1564 ) ;
#2884 = VERTEX_POINT ( 'NONE', #3178 ) ;
#2885 = VECTOR ( 'NONE', #3055, 1000.000000000000000 ) ;
#2886 = ORIENTED_EDGE ( 'NONE', *, *, #1864, .F. ) ;
#2887 = ADVANCED_FACE ( 'NONE', ( #355 ), #2422, .F. ) ;
#2888 = CYLINDRICAL_SURFACE ( 'NONE', #1613, 0.4999999999999449329 ) ;
#2889 = ORIENTED_EDGE ( 'NONE', *, *, #238, .T. ) ;
#2890 = CARTESIAN_POINT ( 'NONE',  ( 1481.775131535526725, 346.7728227475088261, 0.5000000000000000000 ) ) ;
#2891 = ORIENTED_EDGE ( 'NONE', *, *, #1071, .F. ) ;
#2892 = LINE ( 'NONE', #3192, #70 ) ;
#2893 = MECHANICAL_DESIGN_GEOMETRIC_PRESENTATION_REPRESENTATION (  '', ( #645 ), #2360 ) ;
#2894 = CARTESIAN_POINT ( 'NONE',  ( 1550.301300790826645, 353.3728227475089625, 0.5000000000000000000 ) ) ;
#2895 = VECTOR ( 'NONE', #136, 1000.000000000000000 ) ;
#2896 = DIRECTION ( 'NONE',  ( -0.000000000000000000, -0.000000000000000000, -1.000000000000000000 ) ) ;
#2897 = VERTEX_POINT ( 'NONE', #2405 ) ;
#2898 = LINE ( 'NONE', #2413, #1179 ) ;
#2899 = EDGE_LOOP ( 'NONE', ( #3113, #657, #1279, #1756 ) ) ;
#2900 = ORIENTED_EDGE ( 'NONE', *, *, #772, .F. ) ;
#2901 = EDGE_CURVE ( 'NONE', #14, #2326, #1171, .T. ) ;
#2902 = EDGE_CURVE ( 'NONE', #544, #1615, #2892, .T. ) ;
#2903 = CARTESIAN_POINT ( 'NONE',  ( 1540.686001475326520, 349.6228227475089625, 0.5000000000000000000 ) ) ;
#2904 = ADVANCED_FACE ( 'NONE', ( #1609 ), #1658, .T. ) ;
#2905 = VERTEX_POINT ( 'NONE', #2641 ) ;
#2906 = CIRCLE ( 'NONE', #2742, 0.5000000000001669775 ) ;
#2907 = FACE_OUTER_BOUND ( 'NONE', #1029, .T. ) ;
#2908 = ORIENTED_EDGE ( 'NONE', *, *, #2333, .F. ) ;
#2909 = AXIS2_PLACEMENT_3D ( 'NONE', #2559, #1308, #1095 ) ;
#2910 = DIRECTION ( 'NONE',  ( 1.000000000000000000, 0.000000000000000000, -0.000000000000000000 ) ) ;
#2911 = VECTOR ( 'NONE', #1468, 1000.000000000000000 ) ;
#2912 = DIRECTION ( 'NONE',  ( -0.9396926207849031210, -0.3420201433284305592, 0.000000000000000000 ) ) ;
#2913 = CARTESIAN_POINT ( 'NONE',  ( 1511.051913299626449, 366.3888481513088209, 0.5000000000000000000 ) ) ;
#2914 = DIRECTION ( 'NONE',  ( 1.000000000000000000, 0.000000000000000000, 0.000000000000000000 ) ) ;
#2915 = EDGE_LOOP ( 'NONE', ( #3176, #1132, #921, #3191 ) ) ;
#2916 = DIRECTION ( 'NONE',  ( 0.000000000000000000, -0.000000000000000000, -1.000000000000000000 ) ) ;
#2917 = EDGE_LOOP ( 'NONE', ( #482, #2636, #2639, #1917 ) ) ;
#2918 = VECTOR ( 'NONE', #962, 1000.000000000000000 ) ;
#2919 = VERTEX_POINT ( 'NONE', #884 ) ;
#2920 = DIRECTION ( 'NONE',  ( 1.000000000000000000, 0.000000000000000000, 0.000000000000000000 ) ) ;
#2921 = AXIS2_PLACEMENT_3D ( 'NONE', #249, #2279, #484 ) ;
#2922 = VERTEX_POINT ( 'NONE', #340 ) ;
#2923 = EDGE_CURVE ( 'NONE', #20, #822, #2186, .T. ) ;
#2924 = ORIENTED_EDGE ( 'NONE', *, *, #1398, .T. ) ;
#2925 = ORIENTED_EDGE ( 'NONE', *, *, #3103, .T. ) ;
#2926 = CARTESIAN_POINT ( 'NONE',  ( 1508.376486819026695, 371.0228227475088261, 0.5000000000000000000 ) ) ;
#2927 = CARTESIAN_POINT ( 'NONE',  ( 1482.275131535526725, 366.2728227475088261, 0.5000000000000000000 ) ) ;
#2928 = CARTESIAN_POINT ( 'NONE',  ( 1513.118900597726679, 360.7728227475088261, 0.5000000000000000000 ) ) ;
#2929 = EDGE_CURVE ( 'NONE', #2965, #1298, #372, .T. ) ;
#2930 = DIRECTION ( 'NONE',  ( 0.000000000000000000, 0.000000000000000000, 1.000000000000000000 ) ) ;
#2931 = ORIENTED_EDGE ( 'NONE', *, *, #690, .F. ) ;
#2932 = DIRECTION ( 'NONE',  ( 0.000000000000000000, 0.000000000000000000, 1.000000000000000000 ) ) ;
#2933 = VERTEX_POINT ( 'NONE', #1923 ) ;
#2934 = ORIENTED_EDGE ( 'NONE', *, *, #1294, .F. ) ;
#2935 = DIRECTION ( 'NONE',  ( -1.000000000000000000, 0.000000000000000000, 0.000000000000000000 ) ) ;
#2936 = CIRCLE ( 'NONE', #2136, 0.4999999999999449329 ) ;
#2937 = ORIENTED_EDGE ( 'NONE', *, *, #319, .F. ) ;
#2938 = EDGE_LOOP ( 'NONE', ( #1943, #2329, #688, #953 ) ) ;
#2939 = ORIENTED_EDGE ( 'NONE', *, *, #958, .T. ) ;
#2940 = ORIENTED_EDGE ( 'NONE', *, *, #3038, .F. ) ;
#2941 = DIRECTION ( 'NONE',  ( -0.000000000000000000, -0.000000000000000000, -1.000000000000000000 ) ) ;
#2942 = CARTESIAN_POINT ( 'NONE',  ( 1511.118900597726906, 346.4067973437088312, 0.5000000000000000000 ) ) ;
#2943 = CARTESIAN_POINT ( 'NONE',  ( 1496.885625510734371, 368.2728227475087124, 0.5000000000000000000 ) ) ;
#2944 = EDGE_CURVE ( 'NONE', #3167, #1349, #3142, .T. ) ;
#2945 = VECTOR ( 'NONE', #1013, 1000.000000000000000 ) ;
#2946 = EDGE_CURVE ( 'NONE', #655, #2670, #1676, .T. ) ;
#2947 = ORIENTED_EDGE ( 'NONE', *, *, #2393, .T. ) ;
#2948 = CARTESIAN_POINT ( 'NONE',  ( 1538.879481950226818, 362.6728227475086328, 0.5000000000000000000 ) ) ;
#2949 = ORIENTED_EDGE ( 'NONE', *, *, #2394, .F. ) ;
#2950 = ORIENTED_EDGE ( 'NONE', *, *, #1092, .T. ) ;
#2951 = CYLINDRICAL_SURFACE ( 'NONE', #913, 2.000000000000001776 ) ;
#2952 = ORIENTED_EDGE ( 'NONE', *, *, #1664, .F. ) ;
#2953 = VERTEX_POINT ( 'NONE', #597 ) ;
#2954 = VERTEX_POINT ( 'NONE', #2657 ) ;
#2955 = DIRECTION ( 'NONE',  ( 0.3420201433252614831, -0.9396926207860566427, 0.000000000000000000 ) ) ;
#2956 = CARTESIAN_POINT ( 'NONE',  ( 1533.294327078218885, 370.7728227475087692, 0.5000000000000000000 ) ) ;
#2957 = VECTOR ( 'NONE', #204, 1000.000000000000000 ) ;
#2958 = DIRECTION ( 'NONE',  ( -1.000000000000000000, 0.000000000000000000, 0.000000000000000000 ) ) ;
#2959 = CARTESIAN_POINT ( 'NONE',  ( 1511.118900597726906, 360.7728227475090534, 0.5000000000000000000 ) ) ;
#2960 = VECTOR ( 'NONE', #252, 1000.000000000000000 ) ;
#2961 = ADVANCED_FACE ( 'NONE', ( #1909 ), #141, .T. ) ;
#2962 = ORIENTED_EDGE ( 'NONE', *, *, #2718, .T. ) ;
#2963 = DIRECTION ( 'NONE',  ( 0.000000000000000000, -0.000000000000000000, 1.000000000000000000 ) ) ;
#2964 = EDGE_CURVE ( 'NONE', #451, #3197, #2690, .T. ) ;
#2965 = VERTEX_POINT ( 'NONE', #1373 ) ;
#2966 = CARTESIAN_POINT ( 'NONE',  ( 1494.660975881326522, 368.4438328192086942, 0.5000000000000000000 ) ) ;
#2967 = EDGE_CURVE ( 'NONE', #1367, #1549, #1425, .T. ) ;
#2968 = ORIENTED_EDGE ( 'NONE', *, *, #3151, .F. ) ;
#2969 = EDGE_LOOP ( 'NONE', ( #974, #2891, #2889, #51 ) ) ;
#2970 = CIRCLE ( 'NONE', #1529, 0.5000000000001669775 ) ;
#2971 = CARTESIAN_POINT ( 'NONE',  ( 1535.518976707726551, 370.9438328192090921, 0.5000000000000000000 ) ) ;
#2972 = LINE ( 'NONE', #3017, #2918 ) ;
#2973 = FACE_OUTER_BOUND ( 'NONE', #1531, .T. ) ;
#2974 = DIRECTION ( 'NONE',  ( -0.000000000000000000, -0.000000000000000000, -1.000000000000000000 ) ) ;
#2975 = CARTESIAN_POINT ( 'NONE',  ( 1535.518976707726551, 370.9438328192090921, 0.000000000000000000 ) ) ;
#2976 = ORIENTED_EDGE ( 'NONE', *, *, #2410, .F. ) ;
#2977 = CARTESIAN_POINT ( 'NONE',  ( 1502.358319245226539, 349.8728227475089625, 0.5000000000000000000 ) ) ;
#2978 = EDGE_LOOP ( 'NONE', ( #640, #379, #2626, #1034 ) ) ;
#2979 = LINE ( 'NONE', #2732, #2895 ) ;
#2980 = ORIENTED_EDGE ( 'NONE', *, *, #2126, .F. ) ;
#2981 = EDGE_CURVE ( 'NONE', #2099, #3205, #2440, .T. ) ;
#2982 = ORIENTED_EDGE ( 'NONE', *, *, #339, .T. ) ;
#2983 = VECTOR ( 'NONE', #96, 1000.000000000000000 ) ;
#2984 = CARTESIAN_POINT ( 'NONE',  ( 1558.962669659926632, 346.2728227475088261, 0.000000000000000000 ) ) ;
#2985 = AXIS2_PLACEMENT_3D ( 'NONE', #2156, #2930, #1252 ) ;
#2986 = CARTESIAN_POINT ( 'NONE',  ( 1530.118900597726679, 351.7728227475088261, 0.000000000000000000 ) ) ;
#2987 = CARTESIAN_POINT ( 'NONE',  ( 1502.358319245226539, 349.8728227475090193, 0.000000000000000000 ) ) ;
#2988 = PLANE ( 'NONE',  #1997 ) ;
#2989 = CARTESIAN_POINT ( 'NONE',  ( 1546.106979003747028, 368.2728227475085987, 0.5000000000000000000 ) ) ;
#2990 = DIRECTION ( 'NONE',  ( -1.000000000000000000, 0.000000000000000000, 0.000000000000000000 ) ) ;
#2991 = FACE_OUTER_BOUND ( 'NONE', #848, .T. ) ;
#2992 = VECTOR ( 'NONE', #68, 1000.000000000000114 ) ;
#2993 = ORIENTED_EDGE ( 'NONE', *, *, #2040, .F. ) ;
#2994 = AXIS2_PLACEMENT_3D ( 'NONE', #2749, #449, #1230 ) ;
#2995 = CARTESIAN_POINT ( 'NONE',  ( 1546.576825314126836, 344.1018126759086044, 0.000000000000000000 ) ) ;
#2996 = ORIENTED_EDGE ( 'NONE', *, *, #3039, .T. ) ;
#2997 = ORIENTED_EDGE ( 'NONE', *, *, #1126, .F. ) ;
#2998 = EDGE_CURVE ( 'NONE', #1108, #430, #1875, .T. ) ;
#2999 = EDGE_CURVE ( 'NONE', #121, #1908, #660, .T. ) ;
#3000 = LINE ( 'NONE', #214, #169 ) ;
#3001 = EDGE_CURVE ( 'NONE', #2146, #959, #1642, .T. ) ;
#3002 = DIRECTION ( 'NONE',  ( 0.000000000000000000, 0.000000000000000000, 1.000000000000000000 ) ) ;
#3003 = DIRECTION ( 'NONE',  ( 0.4999999999952401963, -0.8660254037871867316, 0.000000000000000000 ) ) ;
#3004 = CARTESIAN_POINT ( 'NONE',  ( 1535.518976707726324, 341.6018126759088318, 0.5000000000000000000 ) ) ;
#3005 = LINE ( 'NONE', #1751, #2101 ) ;
#3006 = VECTOR ( 'NONE', #2740, 1000.000000000000000 ) ;
#3007 = LINE ( 'NONE', #744, #2586 ) ;
#3008 = CARTESIAN_POINT ( 'NONE',  ( 1510.618900597726679, 346.4067973436958709, 0.5000000000000000000 ) ) ;
#3009 = VECTOR ( 'NONE', #3304, 1000.000000000000000 ) ;
#3010 = AXIS2_PLACEMENT_3D ( 'NONE', #3108, #797, #1538 ) ;
#3011 = ORIENTED_EDGE ( 'NONE', *, *, #2060, .T. ) ;
#3012 = VECTOR ( 'NONE', #2838, 1000.000000000000000 ) ;
#3013 = DIRECTION ( 'NONE',  ( 1.000000000000000000, 0.000000000000000000, 0.000000000000000000 ) ) ;
#3014 = VERTEX_POINT ( 'NONE', #961 ) ;
#3015 = ORIENTED_EDGE ( 'NONE', *, *, #2204, .F. ) ;
#3016 = LINE ( 'NONE', #1954, #1632 ) ;
#3017 = CARTESIAN_POINT ( 'NONE',  ( 1506.188670798126623, 341.2728227475088261, 0.5000000000000000000 ) ) ;
#3018 = DIRECTION ( 'NONE',  ( 0.000000000000000000, -1.000000000000000000, 0.000000000000000000 ) ) ;
#3019 = CARTESIAN_POINT ( 'NONE',  ( 1535.049130397310591, 341.7728227475091103, 0.5000000000000000000 ) ) ;
#3020 = DIRECTION ( 'NONE',  ( 0.000000000000000000, 0.000000000000000000, 1.000000000000000000 ) ) ;
#3021 = DIRECTION ( 'NONE',  ( 0.000000000000000000, 0.000000000000000000, 1.000000000000000000 ) ) ;
#3022 = EDGE_CURVE ( 'NONE', #27, #2544, #495, .T. ) ;
#3023 = CARTESIAN_POINT ( 'NONE',  ( 1538.879481950226818, 362.6728227475086896, 0.000000000000000000 ) ) ;
#3024 = ORIENTED_EDGE ( 'NONE', *, *, #276, .F. ) ;
#3025 = CARTESIAN_POINT ( 'NONE',  ( 1558.962669659926632, 346.2728227475088261, 0.5000000000000000000 ) ) ;
#3026 = ORIENTED_EDGE ( 'NONE', *, *, #3169, .T. ) ;
#3027 = ORIENTED_EDGE ( 'NONE', *, *, #191, .F. ) ;
#3028 = DIRECTION ( 'NONE',  ( 1.000000000000000000, 0.000000000000000000, 0.000000000000000000 ) ) ;
#3029 = CARTESIAN_POINT ( 'NONE',  ( 1543.919162982726448, 344.0228227475088261, 0.5000000000000000000 ) ) ;
#3030 = ORIENTED_EDGE ( 'NONE', *, *, #2148, .T. ) ;
#3031 = CARTESIAN_POINT ( 'NONE',  ( 1559.462669659926860, 365.7728227475088261, 0.5000000000000000000 ) ) ;
#3032 = DIRECTION ( 'NONE',  ( 1.000000000000000000, 1.581691538506154777E-13, 0.000000000000000000 ) ) ;
#3033 = DIRECTION ( 'NONE',  ( 1.000000000000000000, 0.000000000000000000, 0.000000000000000000 ) ) ;
#3034 = VECTOR ( 'NONE', #1662, 1000.000000000000000 ) ;
#3035 = CARTESIAN_POINT ( 'NONE',  ( 1506.188670798105932, 370.7728227475090534, 0.000000000000000000 ) ) ;
#3036 = CARTESIAN_POINT ( 'NONE',  ( 1482.275131535526725, 366.2728227475088261, 0.000000000000000000 ) ) ;
#3037 = LINE ( 'NONE', #2809, #1099 ) ;
#3038 = EDGE_CURVE ( 'NONE', #3212, #669, #2735, .T. ) ;
#3039 = EDGE_CURVE ( 'NONE', #2965, #20, #605, .T. ) ;
#3040 = DIRECTION ( 'NONE',  ( 1.000000000000000000, 0.000000000000000000, 0.000000000000000000 ) ) ;
#3041 = EDGE_CURVE ( 'NONE', #2229, #636, #3000, .T. ) ;
#3042 = ORIENTED_EDGE ( 'NONE', *, *, #1775, .T. ) ;
#3043 = DIRECTION ( 'NONE',  ( 0.5000000000043915982, -0.8660254037819031803, 0.000000000000000000 ) ) ;
#3044 = ORIENTED_EDGE ( 'NONE', *, *, #2777, .T. ) ;
#3045 = PRESENTATION_LAYER_ASSIGNMENT (  '', '', ( #645 ) ) ;
#3046 = CARTESIAN_POINT ( 'NONE',  ( 1489.129980879426512, 359.4228227475086896, 0.000000000000000000 ) ) ;
#3047 = DIRECTION ( 'NONE',  ( 0.000000000000000000, 0.000000000000000000, 1.000000000000000000 ) ) ;
#3048 = ORIENTED_EDGE ( 'NONE', *, *, #3001, .F. ) ;
#3049 = DIRECTION ( 'NONE',  ( -1.000000000000000000, 0.000000000000000000, 0.000000000000000000 ) ) ;
#3050 = DIRECTION ( 'NONE',  ( 0.000000000000000000, 1.000000000000000000, 0.000000000000000000 ) ) ;
#3051 = DIRECTION ( 'NONE',  ( 0.000000000000000000, -0.000000000000000000, 1.000000000000000000 ) ) ;
#3052 = DIRECTION ( 'NONE',  ( 0.3420201433252804124, -0.9396926207860497593, 0.000000000000000000 ) ) ;
#3053 = FACE_OUTER_BOUND ( 'NONE', #1684, .T. ) ;
#3054 = CARTESIAN_POINT ( 'NONE',  ( 1550.301300790906225, 352.8728227475089625, 0.5000000000000000000 ) ) ;
#3055 = DIRECTION ( 'NONE',  ( 1.000000000000000000, -1.265353230876974262E-13, 0.000000000000000000 ) ) ;
#3056 = ADVANCED_FACE ( 'NONE', ( #1438 ), #2220, .F. ) ;
#3057 = VERTEX_POINT ( 'NONE', #1499 ) ;
#3058 = EDGE_CURVE ( 'NONE', #1612, #1568, #2515, .T. ) ;
#3059 = AXIS2_PLACEMENT_3D ( 'NONE', #2609, #2375, #2103 ) ;
#3060 = CARTESIAN_POINT ( 'NONE',  ( 1497.318638212626638, 368.5228227475088829, 0.5000000000000000000 ) ) ;
#3061 = VECTOR ( 'NONE', #723, 1000.000000000000000 ) ;
#3062 = VERTEX_POINT ( 'NONE', #1987 ) ;
#3063 = ORIENTED_EDGE ( 'NONE', *, *, #817, .T. ) ;
#3064 = AXIS2_PLACEMENT_3D ( 'NONE', #1591, #2800, #1263 ) ;
#3065 = EDGE_CURVE ( 'NONE', #945, #385, #1971, .T. ) ;
#3066 = CARTESIAN_POINT ( 'NONE',  ( 1482.275131535526725, 366.2728227475088261, 0.5000000000000000000 ) ) ;
#3067 = EDGE_LOOP ( 'NONE', ( #2655, #1355, #1461, #1066 ) ) ;
#3068 = CARTESIAN_POINT ( 'NONE',  ( 1500.984812422018877, 363.1728227475088033, 0.000000000000000000 ) ) ;
#3069 = ORIENTED_EDGE ( 'NONE', *, *, #2698, .F. ) ;
#3070 = LINE ( 'NONE', #2635, #859 ) ;
#3071 = DIRECTION ( 'NONE',  ( 1.000000000000000000, 0.000000000000000000, 0.000000000000000000 ) ) ;
#3072 = DIRECTION ( 'NONE',  ( 1.000000000000000000, 0.000000000000000000, 0.000000000000000000 ) ) ;
#3073 = DIRECTION ( 'NONE',  ( -0.3420201433284287829, -0.9396926207849038981, 0.000000000000000000 ) ) ;
#3074 = AXIS2_PLACEMENT_3D ( 'NONE', #1406, #2877, #337 ) ;
#3075 = CARTESIAN_POINT ( 'NONE',  ( 1500.984812422018877, 349.3728227475089056, 0.5000000000000000000 ) ) ;
#3076 = AXIS2_PLACEMENT_3D ( 'NONE', #2533, #2551, #1283 ) ;
#3077 = DIRECTION ( 'NONE',  ( 1.000000000000000000, 0.000000000000000000, 0.000000000000000000 ) ) ;
#3078 = ORIENTED_EDGE ( 'NONE', *, *, #2737, .T. ) ;
#3079 = DIRECTION ( 'NONE',  ( 1.000000000000000000, 0.000000000000000000, 0.000000000000000000 ) ) ;
#3080 = ORIENTED_EDGE ( 'NONE', *, *, #1947, .F. ) ;
#3081 = ORIENTED_EDGE ( 'NONE', *, *, #2944, .F. ) ;
#3082 = EDGE_CURVE ( 'NONE', #1914, #2873, #2484, .T. ) ;
#3083 = LINE ( 'NONE', #2566, #985 ) ;
#3084 = EDGE_CURVE ( 'NONE', #310, #731, #2798, .T. ) ;
#3085 = ORIENTED_EDGE ( 'NONE', *, *, #3169, .F. ) ;
#3086 = CARTESIAN_POINT ( 'NONE',  ( 1551.674807614034535, 359.6728227475087465, 0.000000000000000000 ) ) ;
#3087 = ORIENTED_EDGE ( 'NONE', *, *, #2511, .T. ) ;
#3088 = CARTESIAN_POINT ( 'NONE',  ( 1491.406346714926713, 353.0438328192087738, 0.5000000000000000000 ) ) ;
#3089 = DIRECTION ( 'NONE',  ( -0.000000000000000000, -0.000000000000000000, -1.000000000000000000 ) ) ;
#3090 = CARTESIAN_POINT ( 'NONE',  ( 1510.618900597726451, 366.1388481513217812, 0.5000000000000000000 ) ) ;
#3091 = CARTESIAN_POINT ( 'NONE',  ( 1502.828165555626583, 363.0018126759086954, 0.5000000000000000000 ) ) ;
#3092 = LINE ( 'NONE', #2039, #3252 ) ;
#3093 = AXIS2_PLACEMENT_3D ( 'NONE', #1427, #1941, #1877 ) ;
#3094 = ORIENTED_EDGE ( 'NONE', *, *, #2435, .F. ) ;
#3095 = AXIS2_PLACEMENT_3D ( 'NONE', #3008, #1995, #221 ) ;
#3096 = ORIENTED_EDGE ( 'NONE', *, *, #405, .F. ) ;
#3097 = DIRECTION ( 'NONE',  ( 0.000000000000000000, 0.000000000000000000, 1.000000000000000000 ) ) ;
#3098 = ORIENTED_EDGE ( 'NONE', *, *, #2372, .T. ) ;
#3099 = FACE_OUTER_BOUND ( 'NONE', #923, .T. ) ;
#3100 = EDGE_LOOP ( 'NONE', ( #747, #1114, #1284, #785 ) ) ;
#3101 = CARTESIAN_POINT ( 'NONE',  ( 1500.551799720126610, 349.6228227475089625, 0.5000000000000000000 ) ) ;
#3102 = EDGE_CURVE ( 'NONE', #2873, #2523, #3222, .T. ) ;
#3103 = EDGE_CURVE ( 'NONE', #1930, #1108, #1897, .T. ) ;
#3104 = DIRECTION ( 'NONE',  ( 1.000000000000000000, 0.000000000000000000, 0.000000000000000000 ) ) ;
#3105 = ORIENTED_EDGE ( 'NONE', *, *, #3207, .T. ) ;
#3106 = AXIS2_PLACEMENT_3D ( 'NONE', #1546, #572, #1600 ) ;
#3107 = EDGE_CURVE ( 'NONE', #3167, #1888, #764, .T. ) ;
#3108 = CARTESIAN_POINT ( 'NONE',  ( 1540.252988773434254, 349.3728227475090193, 0.5000000000000000000 ) ) ;
#3109 = CYLINDRICAL_SURFACE ( 'NONE', #821, 0.5000000000001669775 ) ;
#3110 = DIRECTION ( 'NONE',  ( 0.000000000000000000, 0.000000000000000000, 1.000000000000000000 ) ) ;
#3111 = CARTESIAN_POINT ( 'NONE',  ( 1485.319469102826588, 346.5228227475090534, 0.5000000000000000000 ) ) ;
#3112 = CARTESIAN_POINT ( 'NONE',  ( 1538.879481950226818, 349.8728227475089625, 0.000000000000000000 ) ) ;
#3113 = ORIENTED_EDGE ( 'NONE', *, *, #2058, .T. ) ;
#3114 = FACE_OUTER_BOUND ( 'NONE', #1165, .T. ) ;
#3115 = ORIENTED_EDGE ( 'NONE', *, *, #3193, .F. ) ;
#3116 = CARTESIAN_POINT ( 'NONE',  ( 1494.660975881326522, 368.4438328192086942, 0.000000000000000000 ) ) ;
#3117 = VERTEX_POINT ( 'NONE', #1733 ) ;
#3118 = AXIS2_PLACEMENT_3D ( 'NONE', #3019, #1203, #1750 ) ;
#3119 = PLANE ( 'NONE',  #1523 ) ;
#3120 = CIRCLE ( 'NONE', #1896, 0.4999999999999449329 ) ;
#3121 = VECTOR ( 'NONE', #912, 1000.000000000000000 ) ;
#3122 = ORIENTED_EDGE ( 'NONE', *, *, #631, .F. ) ;
#3123 = VERTEX_POINT ( 'NONE', #2984 ) ;
#3124 = VERTEX_POINT ( 'NONE', #1485 ) ;
#3125 = DIRECTION ( 'NONE',  ( -0.000000000000000000, -0.000000000000000000, -1.000000000000000000 ) ) ;
#3126 = FACE_OUTER_BOUND ( 'NONE', #2822, .T. ) ;
#3127 = FACE_OUTER_BOUND ( 'NONE', #2969, .T. ) ;
#3128 = CARTESIAN_POINT ( 'NONE',  ( 1496.885625510734371, 344.2728227475088261, 0.000000000000000000 ) ) ;
#3129 = FILL_AREA_STYLE ('',( #1597 ) ) ;
#3130 = CARTESIAN_POINT ( 'NONE',  ( 1495.130822191706102, 368.2728227475087692, 0.5000000000000000000 ) ) ;
#3131 = ADVANCED_FACE ( 'NONE', ( #2200 ), #2263, .F. ) ;
#3132 = AXIS2_PLACEMENT_3D ( 'NONE', #3194, #2628, #2406 ) ;
#3133 = ORIENTED_EDGE ( 'NONE', *, *, #2552, .T. ) ;
#3134 = CARTESIAN_POINT ( 'NONE',  ( 1538.879481950226818, 349.8728227475089625, 0.5000000000000000000 ) ) ;
#3135 = EDGE_LOOP ( 'NONE', ( #1446, #3141, #1517, #843 ) ) ;
#3136 = ORIENTED_EDGE ( 'NONE', *, *, #1862, .T. ) ;
#3137 = DIRECTION ( 'NONE',  ( 0.000000000000000000, 0.000000000000000000, 1.000000000000000000 ) ) ;
#3138 = DIRECTION ( 'NONE',  ( 0.5000000000047607474, 0.8660254037816901285, 0.000000000000000000 ) ) ;
#3139 = ORIENTED_EDGE ( 'NONE', *, *, #2532, .T. ) ;
#3140 = LINE ( 'NONE', #1606, #566 ) ;
#3141 = ORIENTED_EDGE ( 'NONE', *, *, #594, .F. ) ;
#3142 = LINE ( 'NONE', #3206, #1251 ) ;
#3143 = CARTESIAN_POINT ( 'NONE',  ( 1530.118900597726679, 346.4067973437088312, 0.5000000000000000000 ) ) ;
#3144 = FACE_OUTER_BOUND ( 'NONE', #401, .T. ) ;
#3145 = EDGE_CURVE ( 'NONE', #1212, #1383, #452, .T. ) ;
#3146 = LINE ( 'NONE', #1648, #2524 ) ;
#3147 = ADVANCED_FACE ( 'NONE', ( #1233 ), #2249, .F. ) ;
#3148 = EDGE_CURVE ( 'NONE', #2607, #3057, #3016, .T. ) ;
#3149 = ORIENTED_EDGE ( 'NONE', *, *, #1022, .T. ) ;
#3150 = CARTESIAN_POINT ( 'NONE',  ( 1550.301300790906225, 352.8728227475089625, 0.5000000000000000000 ) ) ;
#3151 = EDGE_CURVE ( 'NONE', #62, #750, #394, .T. ) ;
#3152 = ORIENTED_EDGE ( 'NONE', *, *, #211, .T. ) ;
#3153 = VECTOR ( 'NONE', #2091, 1000.000000000000000 ) ;
#3154 = ORIENTED_EDGE ( 'NONE', *, *, #545, .F. ) ;
#3155 = CARTESIAN_POINT ( 'NONE',  ( 1558.962669659926632, 346.2728227475088261, 0.000000000000000000 ) ) ;
#3156 = VERTEX_POINT ( 'NONE', #1052 ) ;
#3157 = DIRECTION ( 'NONE',  ( -0.000000000000000000, -0.000000000000000000, -1.000000000000000000 ) ) ;
#3158 = ORIENTED_EDGE ( 'NONE', *, *, #1471, .T. ) ;
#3159 = CARTESIAN_POINT ( 'NONE',  ( 1533.294327078226615, 371.2728227475088829, 0.5000000000000000000 ) ) ;
#3160 = VECTOR ( 'NONE', #2267, 1000.000000000000000 ) ;
#3161 = CARTESIAN_POINT ( 'NONE',  ( 1484.886456400926363, 366.2728227475090534, 0.000000000000000000 ) ) ;
#3162 = VECTOR ( 'NONE', #195, 1000.000000000000000 ) ;
#3163 = CARTESIAN_POINT ( 'NONE',  ( 1530.118900597726679, 366.1388481513088209, 0.5000000000000000000 ) ) ;
#3164 = VERTEX_POINT ( 'NONE', #2605 ) ;
#3165 = CYLINDRICAL_SURFACE ( 'NONE', #1345, 0.4999999999999449329 ) ;
#3166 = EDGE_CURVE ( 'NONE', #1634, #2801, #248, .T. ) ;
#3167 = VERTEX_POINT ( 'NONE', #36 ) ;
#3168 = VERTEX_POINT ( 'NONE', #3046 ) ;
#3169 = EDGE_CURVE ( 'NONE', #385, #1414, #3317, .T. ) ;
#3170 = CARTESIAN_POINT ( 'NONE',  ( 1496.885625510734371, 344.2728227475088261, 0.5000000000000000000 ) ) ;
#3171 = CARTESIAN_POINT ( 'NONE',  ( 1530.118900597726679, 366.1388481513088209, 0.000000000000000000 ) ) ;
#3172 = VECTOR ( 'NONE', #1595, 1000.000000000000000 ) ;
#3173 = VECTOR ( 'NONE', #2726, 1000.000000000000000 ) ;
#3174 = EDGE_CURVE ( 'NONE', #1549, #2236, #3083, .T. ) ;
#3175 = ORIENTED_EDGE ( 'NONE', *, *, #2715, .F. ) ;
#3176 = ORIENTED_EDGE ( 'NONE', *, *, #119, .T. ) ;
#3177 = AXIS2_PLACEMENT_3D ( 'NONE', #513, #241, #220 ) ;
#3178 = CARTESIAN_POINT ( 'NONE',  ( 1502.358319245226539, 362.6728227475086896, 0.5000000000000000000 ) ) ;
#3179 = AXIS2_PLACEMENT_3D ( 'NONE', #1556, #1574, #2337 ) ;
#3180 = CARTESIAN_POINT ( 'NONE',  ( 1508.376486819026695, 371.0228227475088261, 0.5000000000000000000 ) ) ;
#3181 = CARTESIAN_POINT ( 'NONE',  ( 1496.885625510726641, 368.7728227475088261, 0.5000000000000000000 ) ) ;
#3182 = ORIENTED_EDGE ( 'NONE', *, *, #2148, .F. ) ;
#3183 = DIRECTION ( 'NONE',  ( 0.000000000000000000, -1.000000000000000000, 0.000000000000000000 ) ) ;
#3184 = ORIENTED_EDGE ( 'NONE', *, *, #839, .T. ) ;
#3185 = ORIENTED_EDGE ( 'NONE', *, *, #1889, .T. ) ;
#3186 = CARTESIAN_POINT ( 'NONE',  ( 1505.718824487726579, 370.9438328192089216, 0.000000000000000000 ) ) ;
#3187 = VERTEX_POINT ( 'NONE', #1800 ) ;
#3188 = ORIENTED_EDGE ( 'NONE', *, *, #2454, .T. ) ;
#3189 = FACE_OUTER_BOUND ( 'NONE', #2083, .T. ) ;
#3190 = ADVANCED_FACE ( 'NONE', ( #2818 ), #285, .F. ) ;
#3191 = ORIENTED_EDGE ( 'NONE', *, *, #1131, .T. ) ;
#3192 = CARTESIAN_POINT ( 'NONE',  ( 1494.660975881326522, 368.4438328192086942, 0.000000000000000000 ) ) ;
#3193 = EDGE_CURVE ( 'NONE', #499, #2416, #2590, .T. ) ;
#3194 = CARTESIAN_POINT ( 'NONE',  ( 1506.188670798126623, 371.2728227475090534, 0.5000000000000000000 ) ) ;
#3195 = CARTESIAN_POINT ( 'NONE',  ( 1506.188670798142311, 341.7728227475087692, 0.000000000000000000 ) ) ;
#3196 = LINE ( 'NONE', #1629, #1839 ) ;
#3197 = VERTEX_POINT ( 'NONE', #1282 ) ;
#3198 = PLANE ( 'NONE',  #906 ) ;
#3199 = ORIENTED_EDGE ( 'NONE', *, *, #1191, .F. ) ;
#3200 = ORIENTED_EDGE ( 'NONE', *, *, #3248, .T. ) ;
#3201 = CARTESIAN_POINT ( 'NONE',  ( 1543.919162982726448, 344.0228227475088261, 0.5000000000000000000 ) ) ;
#3202 = CIRCLE ( 'NONE', #2985, 0.4999999999999449329 ) ;
#3203 = ORIENTED_EDGE ( 'NONE', *, *, #817, .F. ) ;
#3204 = ORIENTED_EDGE ( 'NONE', *, *, #175, .F. ) ;
#3205 = VERTEX_POINT ( 'NONE', #773 ) ;
#3206 = CARTESIAN_POINT ( 'NONE',  ( 1490.936500404526669, 359.1728227475087465, 0.5000000000000000000 ) ) ;
#3207 = EDGE_CURVE ( 'NONE', #1152, #894, #2044, .T. ) ;
#3208 = EDGE_CURVE ( 'NONE', #2614, #15, #2530, .T. ) ;
#3209 = CARTESIAN_POINT ( 'NONE',  ( 1528.118900597726679, 360.7728227475088261, 0.5000000000000000000 ) ) ;
#3210 = DIRECTION ( 'NONE',  ( -0.000000000000000000, -0.000000000000000000, -1.000000000000000000 ) ) ;
#3211 = VECTOR ( 'NONE', #351, 1000.000000000000000 ) ;
#3212 = VERTEX_POINT ( 'NONE', #230 ) ;
#3213 = FACE_OUTER_BOUND ( 'NONE', #905, .T. ) ;
#3214 = ORIENTED_EDGE ( 'NONE', *, *, #3208, .F. ) ;
#3215 = DIRECTION ( 'NONE',  ( 1.000000000000000000, 0.000000000000000000, 0.000000000000000000 ) ) ;
#3216 = VERTEX_POINT ( 'NONE', #2065 ) ;
#3217 = VERTEX_POINT ( 'NONE', #1817 ) ;
#3218 = CARTESIAN_POINT ( 'NONE',  ( 1555.918332092626542, 366.0228227475088829, 0.000000000000000000 ) ) ;
#3219 = DIRECTION ( 'NONE',  ( 1.000000000000000000, 0.000000000000000000, 0.000000000000000000 ) ) ;
#3220 = AXIS2_PLACEMENT_3D ( 'NONE', #2865, #1016, #1328 ) ;
#3221 = VECTOR ( 'NONE', #1456, 1000.000000000000000 ) ;
#3222 = CIRCLE ( 'NONE', #12, 0.4999999999999449329 ) ;
#3223 = CARTESIAN_POINT ( 'NONE',  ( 1535.049130397326508, 341.2728227475091103, 0.5000000000000000000 ) ) ;
#3224 = DIRECTION ( 'NONE',  ( -0.000000000000000000, -0.000000000000000000, -1.000000000000000000 ) ) ;
#3225 = AXIS2_PLACEMENT_3D ( 'NONE', #263, #791, #3028 ) ;
#3226 = LINE ( 'NONE', #1239, #168 ) ;
#3227 = ORIENTED_EDGE ( 'NONE', *, *, #2408, .F. ) ;
#3228 = EDGE_CURVE ( 'NONE', #1212, #1144, #1339, .T. ) ;
#3229 = DIRECTION ( 'NONE',  ( -1.000000000000000000, 0.000000000000000000, 0.000000000000000000 ) ) ;
#3230 = EDGE_CURVE ( 'NONE', #3167, #731, #2780, .T. ) ;
#3231 = ORIENTED_EDGE ( 'NONE', *, *, #918, .F. ) ;
#3232 = CARTESIAN_POINT ( 'NONE',  ( 1530.118900597726679, 366.1388481513088209, 0.5000000000000000000 ) ) ;
#3233 = ADVANCED_BREP_SHAPE_REPRESENTATION ( 'XMas_UT', ( #1477, #931 ), #2862 ) ;
#3234 = CIRCLE ( 'NONE', #937, 0.4999999999999449329 ) ;
#3235 = EDGE_LOOP ( 'NONE', ( #383, #892, #1898, #1121 ) ) ;
#3236 = ORIENTED_EDGE ( 'NONE', *, *, #2795, .T. ) ;
#3237 = DIRECTION ( 'NONE',  ( 1.000000000000000000, -1.265353230805084421E-13, 0.000000000000000000 ) ) ;
#3238 = DIRECTION ( 'NONE',  ( 1.000000000000000000, 0.000000000000000000, 0.000000000000000000 ) ) ;
#3239 = FACE_OUTER_BOUND ( 'NONE', #182, .T. ) ;
#3240 = CARTESIAN_POINT ( 'NONE',  ( 1532.861314376326618, 371.0228227475088261, 0.5000000000000000000 ) ) ;
#3241 = DIRECTION ( 'NONE',  ( -1.000000000000000000, 0.000000000000000000, 0.000000000000000000 ) ) ;
#3242 = PLANE ( 'NONE',  #981 ) ;
#3243 = ORIENTED_EDGE ( 'NONE', *, *, #3166, .F. ) ;
#3244 = CARTESIAN_POINT ( 'NONE',  ( 1489.562993581326737, 359.1728227475086896, 0.000000000000000000 ) ) ;
#3245 = EDGE_CURVE ( 'NONE', #883, #669, #1200, .T. ) ;
#3246 = EDGE_CURVE ( 'NONE', #2523, #3156, #994, .T. ) ;
#3247 = ORIENTED_EDGE ( 'NONE', *, *, #722, .T. ) ;
#3248 = EDGE_CURVE ( 'NONE', #2168, #122, #2585, .T. ) ;
#3249 = CARTESIAN_POINT ( 'NONE',  ( 1511.118900597726906, 346.4067973437088312, 0.5000000000000000000 ) ) ;
#3250 = ORIENTED_EDGE ( 'NONE', *, *, #95, .T. ) ;
#3251 = VERTEX_POINT ( 'NONE', #2334 ) ;
#3252 = VECTOR ( 'NONE', #2342, 1000.000000000000000 ) ;
#3253 = DIRECTION ( 'NONE',  ( 0.000000000000000000, 0.000000000000000000, 1.000000000000000000 ) ) ;
#3254 = VECTOR ( 'NONE', #745, 1000.000000000000114 ) ;
#3255 = DIRECTION ( 'NONE',  ( 1.000000000000000000, 0.000000000000000000, 0.000000000000000000 ) ) ;
#3256 = CARTESIAN_POINT ( 'NONE',  ( 1543.919162982726448, 344.0228227475088261, 0.5000000000000000000 ) ) ;
#3257 = CARTESIAN_POINT ( 'NONE',  ( 1496.885625510726641, 343.7728227475087692, 0.5000000000000000000 ) ) ;
#3258 = PLANE ( 'NONE',  #1946 ) ;
#3259 = CARTESIAN_POINT ( 'NONE',  ( 1490.936500404526669, 353.3728227475089625, 0.5000000000000000000 ) ) ;
#3260 = CARTESIAN_POINT ( 'NONE',  ( 1490.936500404526669, 359.1728227475087465, 0.000000000000000000 ) ) ;
#3261 = CIRCLE ( 'NONE', #2295, 1.999999999999779732 ) ;
#3262 = ORIENTED_EDGE ( 'NONE', *, *, #459, .T. ) ;
#3263 = CIRCLE ( 'NONE', #3106, 0.5000000000001669775 ) ;
#3264 = EDGE_CURVE ( 'NONE', #279, #2607, #1836, .T. ) ;
#3265 = DIRECTION ( 'NONE',  ( 0.000000000000000000, -1.000000000000000000, 0.000000000000000000 ) ) ;
#3266 = VERTEX_POINT ( 'NONE', #3101 ) ;
#3267 = DIRECTION ( 'NONE',  ( 0.000000000000000000, 1.000000000000000000, 0.000000000000000000 ) ) ;
#3268 = EDGE_CURVE ( 'NONE', #428, #1422, #129, .T. ) ;
#3269 = CYLINDRICAL_SURFACE ( 'NONE', #1852, 0.4999999999999449329 ) ;
#3270 = DIRECTION ( 'NONE',  ( 1.000000000000000000, 0.000000000000000000, -0.000000000000000000 ) ) ;
#3271 = LINE ( 'NONE', #443, #760 ) ;
#3272 = CARTESIAN_POINT ( 'NONE',  ( 1506.188670798126623, 371.2728227475089966, 0.000000000000000000 ) ) ;
#3273 = CARTESIAN_POINT ( 'NONE',  ( 1505.718824487726579, 341.6018126759088318, 0.5000000000000000000 ) ) ;
#3274 = DIRECTION ( 'NONE',  ( -0.3420201433252614831, 0.9396926207860566427, 0.000000000000000000 ) ) ;
#3275 = CARTESIAN_POINT ( 'NONE',  ( 1530.118900597726679, 360.7728227475088261, 0.5000000000000000000 ) ) ;
#3276 = AXIS2_PLACEMENT_3D ( 'NONE', #205, #1772, #3292 ) ;
#3277 = AXIS2_PLACEMENT_3D ( 'NONE', #2674, #2910, #580 ) ;
#3278 = VERTEX_POINT ( 'NONE', #2015 ) ;
#3279 = VECTOR ( 'NONE', #199, 1000.000000000000000 ) ;
#3280 = CARTESIAN_POINT ( 'NONE',  ( 1528.118900597726679, 353.7728227475088261, 0.5000000000000000000 ) ) ;
#3281 = ORIENTED_EDGE ( 'NONE', *, *, #917, .T. ) ;
#3282 = AXIS2_PLACEMENT_3D ( 'NONE', #3068, #54, #3104 ) ;
#3283 = DIRECTION ( 'NONE',  ( 1.000000000000000000, 0.000000000000000000, 0.000000000000000000 ) ) ;
#3284 = CYLINDRICAL_SURFACE ( 'NONE', #887, 0.5000000000001669775 ) ;
#3285 = VECTOR ( 'NONE', #882, 1000.000000000000000 ) ;
#3286 = EDGE_CURVE ( 'NONE', #524, #121, #734, .T. ) ;
#3287 = CARTESIAN_POINT ( 'NONE',  ( 1482.275131535526725, 366.2728227475088261, 0.5000000000000000000 ) ) ;
#3288 = EDGE_CURVE ( 'NONE', #1194, #589, #1010, .T. ) ;
#3289 = LINE ( 'NONE', #188, #2479 ) ;
#3290 = FACE_OUTER_BOUND ( 'NONE', #3100, .T. ) ;
#3291 = DIRECTION ( 'NONE',  ( -0.000000000000000000, -0.000000000000000000, -1.000000000000000000 ) ) ;
#3292 = DIRECTION ( 'NONE',  ( 1.000000000000000000, 0.000000000000000000, 0.000000000000000000 ) ) ;
#3293 = CARTESIAN_POINT ( 'NONE',  ( 1558.962669659926632, 365.7728227475088261, 0.000000000000000000 ) ) ;
#3294 = ORIENTED_EDGE ( 'NONE', *, *, #2352, .F. ) ;
#3295 = CARTESIAN_POINT ( 'NONE',  ( 1482.275131535526725, 346.2728227475088261, 0.5000000000000000000 ) ) ;
#3296 = EDGE_LOOP ( 'NONE', ( #1352, #1004, #571, #73 ) ) ;
#3297 = ORIENTED_EDGE ( 'NONE', *, *, #2923, .F. ) ;
#3298 = DIRECTION ( 'NONE',  ( -0.000000000000000000, -0.000000000000000000, -1.000000000000000000 ) ) ;
#3299 = CARTESIAN_POINT ( 'NONE',  ( 1513.118900597726906, 358.7728227475089398, 0.5000000000000000000 ) ) ;
#3300 = VERTEX_POINT ( 'NONE', #2150 ) ;
#3301 = CARTESIAN_POINT ( 'NONE',  ( 1482.275131535526725, 365.7728227475088261, 0.5000000000000000000 ) ) ;
#3302 = ADVANCED_FACE ( 'NONE', ( #607 ), #1887, .T. ) ;
#3303 = FACE_OUTER_BOUND ( 'NONE', #2113, .T. ) ;
#3304 = DIRECTION ( 'NONE',  ( -0.000000000000000000, -0.000000000000000000, -1.000000000000000000 ) ) ;
#3305 = AXIS2_PLACEMENT_3D ( 'NONE', #2190, #2693, #662 ) ;
#3306 = CARTESIAN_POINT ( 'NONE',  ( 1544.352175684626900, 368.7728227475090534, 0.5000000000000000000 ) ) ;
#3307 = ADVANCED_FACE ( 'NONE', ( #861 ), #3119, .T. ) ;
#3308 = CARTESIAN_POINT ( 'NONE',  ( 1543.919162982726448, 368.5228227475088829, 0.5000000000000000000 ) ) ;
#3309 = CARTESIAN_POINT ( 'NONE',  ( 1530.185887895826454, 366.3888481513088209, 0.5000000000000000000 ) ) ;
#3310 = LINE ( 'NONE', #1330, #308 ) ;
#3311 = ADVANCED_FACE ( 'NONE', ( #2097 ), #624, .F. ) ;
#3312 = VECTOR ( 'NONE', #1794, 1000.000000000000114 ) ;
#3313 = LINE ( 'NONE', #1494, #1672 ) ;
#3314 = ORIENTED_EDGE ( 'NONE', *, *, #1818, .F. ) ;
#3315 = VERTEX_POINT ( 'NONE', #3171 ) ;
#3316 = AXIS2_PLACEMENT_3D ( 'NONE', #1047, #557, #3079 ) ;
#3317 = LINE ( 'NONE', #1551, #608 ) ;
#3318 = FACE_OUTER_BOUND ( 'NONE', #2623, .T. ) ;
#3319 = ORIENTED_EDGE ( 'NONE', *, *, #2656, .F. ) ;
ENDSEC;
END-ISO-10303-21;
