ISO-10303-21;
HEADER;
FILE_DESCRIPTION (( 'STEP AP214' ),
    '1' );
FILE_NAME ('XMas_UT_t1p5.STEP',
    '2026-10-08T14:18:43',
    ( '' ),
    ( '' ),
    'SwSTEP 2.0',
    'SolidWorks 2025',
    '' );
FILE_SCHEMA (( 'AUTOMOTIVE_DESIGN' ));
ENDSEC;

DATA;
#1 = CARTESIAN_POINT ( 'NONE',  ( 1506.188670798126623, 371.2728227475089966, 0.000000000000000000 ) ) ;
#2 = VECTOR ( 'NONE', #334, 1000.000000000000000 ) ;
#3 = ORIENTED_EDGE ( 'NONE', *, *, #3170, .T. ) ;
#4 = DIRECTION ( 'NONE',  ( 0.000000000000000000, 0.000000000000000000, 1.000000000000000000 ) ) ;
#5 = CARTESIAN_POINT ( 'NONE',  ( 1538.879481950226818, 362.6728227475086896, 1.500000000000000000 ) ) ;
#6 = CIRCLE ( 'NONE', #1453, 2.000000000000001776 ) ;
#7 = ORIENTED_EDGE ( 'NONE', *, *, #2969, .F. ) ;
#8 = ORIENTED_EDGE ( 'NONE', *, *, #1948, .F. ) ;
#9 = VECTOR ( 'NONE', #1766, 1000.000000000000000 ) ;
#10 = CARTESIAN_POINT ( 'NONE',  ( 1535.518976707726324, 341.6018126759088318, 1.500000000000000000 ) ) ;
#11 = VECTOR ( 'NONE', #2498, 1000.000000000000000 ) ;
#12 = ORIENTED_EDGE ( 'NONE', *, *, #1774, .T. ) ;
#13 = CARTESIAN_POINT ( 'NONE',  ( 1530.118900597726679, 351.7728227475088261, 1.500000000000000000 ) ) ;
#14 = CARTESIAN_POINT ( 'NONE',  ( 1495.130822191706102, 368.2728227475087692, 0.000000000000000000 ) ) ;
#15 = AXIS2_PLACEMENT_3D ( 'NONE', #602, #1322, #2630 ) ;
#16 = ORIENTED_EDGE ( 'NONE', *, *, #1299, .F. ) ;
#17 = VECTOR ( 'NONE', #1583, 1000.000000000000000 ) ;
#18 = VECTOR ( 'NONE', #1524, 1000.000000000000000 ) ;
#19 = CARTESIAN_POINT ( 'NONE',  ( 1538.879481950226818, 349.8728227475089625, 1.500000000000000000 ) ) ;
#20 = ADVANCED_FACE ( 'NONE', ( #2409 ), #952, .F. ) ;
#21 = ORIENTED_EDGE ( 'NONE', *, *, #2124, .T. ) ;
#22 = CARTESIAN_POINT ( 'NONE',  ( 1502.358319245226539, 362.6728227475086896, 1.500000000000000000 ) ) ;
#23 = DIRECTION ( 'NONE',  ( -0.5000000000092499342, 0.8660254037790982018, 0.000000000000000000 ) ) ;
#24 = ORIENTED_EDGE ( 'NONE', *, *, #1168, .F. ) ;
#25 = DIRECTION ( 'NONE',  ( -0.000000000000000000, -0.000000000000000000, -1.000000000000000000 ) ) ;
#26 = DIRECTION ( 'NONE',  ( 0.3420201433284287829, 0.9396926207849038981, 0.000000000000000000 ) ) ;
#27 = VECTOR ( 'NONE', #451, 1000.000000000000000 ) ;
#28 = ORIENTED_EDGE ( 'NONE', *, *, #1015, .F. ) ;
#29 = DIRECTION ( 'NONE',  ( 1.000000000000000000, 0.000000000000000000, 0.000000000000000000 ) ) ;
#30 = DIRECTION ( 'NONE',  ( -0.000000000000000000, -0.000000000000000000, -1.000000000000000000 ) ) ;
#31 = ORIENTED_EDGE ( 'NONE', *, *, #2450, .T. ) ;
#32 = EDGE_CURVE ( 'NONE', #585, #1844, #3203, .T. ) ;
#33 = ADVANCED_FACE ( 'NONE', ( #2189 ), #1961, .T. ) ;
#34 = VECTOR ( 'NONE', #2019, 1000.000000000000000 ) ;
#35 = CARTESIAN_POINT ( 'NONE',  ( 1538.879481950226818, 349.8728227475089625, 0.000000000000000000 ) ) ;
#36 = ORIENTED_EDGE ( 'NONE', *, *, #2249, .T. ) ;
#37 = DIRECTION ( 'NONE',  ( 0.5000000000092453822, 0.8660254037791007553, 0.000000000000000000 ) ) ;
#38 = EDGE_CURVE ( 'NONE', #1563, #2456, #3220, .T. ) ;
#39 = CARTESIAN_POINT ( 'NONE',  ( 1484.886456400934321, 346.7728227475088829, 0.000000000000000000 ) ) ;
#40 = VERTEX_POINT ( 'NONE', #2558 ) ;
#41 = LINE ( 'NONE', #805, #331 ) ;
#42 = LINE ( 'NONE', #1816, #1281 ) ;
#43 = VERTEX_POINT ( 'NONE', #245 ) ;
#44 = EDGE_LOOP ( 'NONE', ( #1215, #528, #2507, #2959 ) ) ;
#45 = DIRECTION ( 'NONE',  ( -0.000000000000000000, 0.000000000000000000, -1.000000000000000000 ) ) ;
#46 = DIRECTION ( 'NONE',  ( 1.000000000000000000, 0.000000000000000000, 0.000000000000000000 ) ) ;
#47 = EDGE_LOOP ( 'NONE', ( #84, #50, #2346, #3110 ) ) ;
#48 = DIRECTION ( 'NONE',  ( -0.000000000000000000, -0.000000000000000000, -1.000000000000000000 ) ) ;
#49 = CIRCLE ( 'NONE', #2944, 0.5000000000001669775 ) ;
#50 = ORIENTED_EDGE ( 'NONE', *, *, #1388, .F. ) ;
#51 = ADVANCED_FACE ( 'NONE', ( #2027 ), #1755, .F. ) ;
#52 = CARTESIAN_POINT ( 'NONE',  ( 1530.118900597726679, 366.1388481513088209, 0.000000000000000000 ) ) ;
#53 = PLANE ( 'NONE',  #1287 ) ;
#54 = AXIS2_PLACEMENT_3D ( 'NONE', #2837, #1770, #2287 ) ;
#55 = ORIENTED_EDGE ( 'NONE', *, *, #81, .T. ) ;
#56 = CARTESIAN_POINT ( 'NONE',  ( 1558.962669659926632, 365.7728227475088261, 1.500000000000000000 ) ) ;
#57 = CARTESIAN_POINT ( 'NONE',  ( 1510.618900597726451, 366.1388481513217812, 1.500000000000000000 ) ) ;
#58 = EDGE_CURVE ( 'NONE', #2671, #76, #503, .T. ) ;
#59 = ORIENTED_EDGE ( 'NONE', *, *, #198, .T. ) ;
#60 = ORIENTED_EDGE ( 'NONE', *, *, #2126, .T. ) ;
#61 = DIRECTION ( 'NONE',  ( 1.000000000000000000, 0.000000000000000000, -0.000000000000000000 ) ) ;
#62 = VECTOR ( 'NONE', #2904, 1000.000000000000000 ) ;
#63 = LINE ( 'NONE', #2394, #2748 ) ;
#64 = VERTEX_POINT ( 'NONE', #1738 ) ;
#65 = DIRECTION ( 'NONE',  ( 1.000000000000000000, 0.000000000000000000, 0.000000000000000000 ) ) ;
#66 = VERTEX_POINT ( 'NONE', #1233 ) ;
#67 = AXIS2_PLACEMENT_3D ( 'NONE', #1085, #2332, #816 ) ;
#68 = CARTESIAN_POINT ( 'NONE',  ( 1495.130822191742482, 344.2728227475087692, 1.500000000000000000 ) ) ;
#69 = FACE_OUTER_BOUND ( 'NONE', #578, .T. ) ;
#70 = VERTEX_POINT ( 'NONE', #1266 ) ;
#71 = FACE_OUTER_BOUND ( 'NONE', #2651, .T. ) ;
#72 = CARTESIAN_POINT ( 'NONE',  ( 1535.049130397326508, 341.2728227475090534, 1.500000000000000000 ) ) ;
#73 = EDGE_CURVE ( 'NONE', #107, #1318, #197, .T. ) ;
#74 = AXIS2_PLACEMENT_3D ( 'NONE', #426, #676, #1955 ) ;
#75 = VERTEX_POINT ( 'NONE', #2239 ) ;
#76 = VERTEX_POINT ( 'NONE', #3315 ) ;
#77 = DIRECTION ( 'NONE',  ( 1.000000000000000000, 0.000000000000000000, 0.000000000000000000 ) ) ;
#78 = EDGE_CURVE ( 'NONE', #1270, #2301, #485, .T. ) ;
#79 = DIRECTION ( 'NONE',  ( -0.3420201433252698653, -0.9396926207860535341, 0.000000000000000000 ) ) ;
#80 = ORIENTED_EDGE ( 'NONE', *, *, #456, .F. ) ;
#81 = EDGE_CURVE ( 'NONE', #1888, #1010, #1839, .T. ) ;
#82 = FACE_OUTER_BOUND ( 'NONE', #307, .T. ) ;
#83 = VECTOR ( 'NONE', #1903, 1000.000000000000000 ) ;
#84 = ORIENTED_EDGE ( 'NONE', *, *, #78, .T. ) ;
#85 = CARTESIAN_POINT ( 'NONE',  ( 1485.319469102826588, 346.5228227475090534, 1.500000000000000000 ) ) ;
#86 = DIRECTION ( 'NONE',  ( -0.000000000000000000, -0.000000000000000000, -1.000000000000000000 ) ) ;
#87 = VECTOR ( 'NONE', #212, 1000.000000000000000 ) ;
#88 = ORIENTED_EDGE ( 'NONE', *, *, #2641, .T. ) ;
#89 = DIRECTION ( 'NONE',  ( -0.000000000000000000, -0.000000000000000000, -1.000000000000000000 ) ) ;
#90 = DIRECTION ( 'NONE',  ( 0.000000000000000000, 1.000000000000000000, 0.000000000000000000 ) ) ;
#91 = EDGE_LOOP ( 'NONE', ( #59, #523, #1446, #1852 ) ) ;
#92 = VERTEX_POINT ( 'NONE', #730 ) ;
#93 = ORIENTED_EDGE ( 'NONE', *, *, #625, .F. ) ;
#94 = DIRECTION ( 'NONE',  ( 1.000000000000000000, 0.000000000000000000, 0.000000000000000000 ) ) ;
#95 = EDGE_CURVE ( 'NONE', #2383, #679, #1279, .T. ) ;
#96 = PLANE ( 'NONE',  #1273 ) ;
#97 = ORIENTED_EDGE ( 'NONE', *, *, #275, .T. ) ;
#98 = EDGE_CURVE ( 'NONE', #3140, #434, #3287, .T. ) ;
#99 = DIRECTION ( 'NONE',  ( 1.000000000000000000, 0.000000000000000000, 0.000000000000000000 ) ) ;
#100 = ADVANCED_FACE ( 'NONE', ( #2541 ), #2510, .T. ) ;
#101 = CARTESIAN_POINT ( 'NONE',  ( 1532.861314376326618, 371.0228227475088261, 1.500000000000000000 ) ) ;
#102 = DIRECTION ( 'NONE',  ( -0.000000000000000000, -0.000000000000000000, -1.000000000000000000 ) ) ;
#103 =( NAMED_UNIT ( * ) SI_UNIT ( $, .STERADIAN. ) SOLID_ANGLE_UNIT ( ) );
#104 = ORIENTED_EDGE ( 'NONE', *, *, #1383, .T. ) ;
#105 = DIRECTION ( 'NONE',  ( -0.000000000000000000, -0.000000000000000000, -1.000000000000000000 ) ) ;
#106 = CYLINDRICAL_SURFACE ( 'NONE', #1736, 0.5000000000001669775 ) ;
#107 = VERTEX_POINT ( 'NONE', #1217 ) ;
#108 = ORIENTED_EDGE ( 'NONE', *, *, #2375, .F. ) ;
#109 = FACE_OUTER_BOUND ( 'NONE', #510, .T. ) ;
#110 = CARTESIAN_POINT ( 'NONE',  ( 1546.106979003711103, 344.2728227475091671, 0.000000000000000000 ) ) ;
#111 = ADVANCED_FACE ( 'NONE', ( #967 ), #2290, .T. ) ;
#112 = CARTESIAN_POINT ( 'NONE',  ( 1506.188670798126623, 341.2728227475088261, 1.500000000000000000 ) ) ;
#113 = CIRCLE ( 'NONE', #2957, 0.5000000000001669775 ) ;
#114 = EDGE_CURVE ( 'NONE', #928, #2939, #2526, .T. ) ;
#115 = DIRECTION ( 'NONE',  ( 1.000000000000000000, 0.000000000000000000, 0.000000000000000000 ) ) ;
#116 = CIRCLE ( 'NONE', #442, 0.4999999999999449329 ) ;
#117 = CARTESIAN_POINT ( 'NONE',  ( 1489.562993581326737, 353.3728227475089625, 1.500000000000000000 ) ) ;
#118 = CYLINDRICAL_SURFACE ( 'NONE', #2977, 0.4999999999999449329 ) ;
#119 = EDGE_CURVE ( 'NONE', #76, #1713, #2549, .T. ) ;
#120 = LINE ( 'NONE', #1864, #2288 ) ;
#121 = VECTOR ( 'NONE', #1038, 1000.000000000000000 ) ;
#122 = ORIENTED_EDGE ( 'NONE', *, *, #1348, .T. ) ;
#123 = LINE ( 'NONE', #2722, #2981 ) ;
#124 = DIRECTION ( 'NONE',  ( 1.000000000000000000, 0.000000000000000000, 0.000000000000000000 ) ) ;
#125 = ORIENTED_EDGE ( 'NONE', *, *, #2784, .T. ) ;
#126 = VERTEX_POINT ( 'NONE', #745 ) ;
#127 = DIRECTION ( 'NONE',  ( -0.000000000000000000, -0.000000000000000000, -1.000000000000000000 ) ) ;
#128 = VECTOR ( 'NONE', #2133, 1000.000000000000000 ) ;
#129 = FACE_OUTER_BOUND ( 'NONE', #1684, .T. ) ;
#130 = EDGE_LOOP ( 'NONE', ( #1470, #3094, #1118, #2293 ) ) ;
#131 = VECTOR ( 'NONE', #1942, 1000.000000000000000 ) ;
#132 = LINE ( 'NONE', #1152, #2100 ) ;
#133 = EDGE_CURVE ( 'NONE', #775, #1044, #1490, .T. ) ;
#134 = CARTESIAN_POINT ( 'NONE',  ( 1538.409635639826774, 349.5438328192090580, 1.500000000000000000 ) ) ;
#135 = ADVANCED_FACE ( 'NONE', ( #1772 ), #716, .F. ) ;
#136 = CARTESIAN_POINT ( 'NONE',  ( 1511.118900597726906, 346.4067973437088312, 1.500000000000000000 ) ) ;
#137 = AXIS2_PLACEMENT_3D ( 'NONE', #2667, #425, #369 ) ;
#138 = DIRECTION ( 'NONE',  ( 1.000000000000000000, 0.000000000000000000, 0.000000000000000000 ) ) ;
#139 = EDGE_LOOP ( 'NONE', ( #1617, #1090, #845, #499 ) ) ;
#140 = EDGE_CURVE ( 'NONE', #2333, #75, #2056, .T. ) ;
#141 = CARTESIAN_POINT ( 'NONE',  ( 1538.409635639826774, 363.0018126759086954, 0.000000000000000000 ) ) ;
#142 = CARTESIAN_POINT ( 'NONE',  ( 1510.618900597726679, 346.4067973436958709, 1.500000000000000000 ) ) ;
#143 = VERTEX_POINT ( 'NONE', #1522 ) ;
#144 = ORIENTED_EDGE ( 'NONE', *, *, #2569, .T. ) ;
#145 = PLANE ( 'NONE',  #3306 ) ;
#146 = DIRECTION ( 'NONE',  ( -0.000000000000000000, -0.000000000000000000, -1.000000000000000000 ) ) ;
#147 = CARTESIAN_POINT ( 'NONE',  ( 1559.462669659926860, 346.7728227475085987, 1.500000000000000000 ) ) ;
#148 = AXIS2_PLACEMENT_3D ( 'NONE', #2923, #638, #905 ) ;
#149 = ORIENTED_EDGE ( 'NONE', *, *, #378, .F. ) ;
#150 = DIRECTION ( 'NONE',  ( -0.8660254037791008663, 0.5000000000092453822, 0.000000000000000000 ) ) ;
#151 = DIRECTION ( 'NONE',  ( 0.000000000000000000, 0.000000000000000000, 1.000000000000000000 ) ) ;
#152 = DIRECTION ( 'NONE',  ( 0.3420201433284698611, -0.9396926207848887991, 0.000000000000000000 ) ) ;
#153 = FACE_OUTER_BOUND ( 'NONE', #832, .T. ) ;
#154 = CARTESIAN_POINT ( 'NONE',  ( 1558.962669659926632, 346.2728227475088261, 1.500000000000000000 ) ) ;
#155 = EDGE_CURVE ( 'NONE', #1574, #1105, #677, .T. ) ;
#156 = VERTEX_POINT ( 'NONE', #1351 ) ;
#157 = CARTESIAN_POINT ( 'NONE',  ( 1507.943474117134201, 370.7728227475086555, 1.500000000000000000 ) ) ;
#158 = DIRECTION ( 'NONE',  ( -0.3420201433284698611, 0.9396926207848889101, 0.000000000000000000 ) ) ;
#159 = ORIENTED_EDGE ( 'NONE', *, *, #2179, .T. ) ;
#160 = VERTEX_POINT ( 'NONE', #2072 ) ;
#161 = DIRECTION ( 'NONE',  ( 1.000000000000000000, 0.000000000000000000, 0.000000000000000000 ) ) ;
#162 = CARTESIAN_POINT ( 'NONE',  ( 1502.828165555626583, 363.0018126759086954, 1.500000000000000000 ) ) ;
#163 = ADVANCED_FACE ( 'NONE', ( #810 ), #2842, .T. ) ;
#164 = PLANE ( 'NONE',  #1868 ) ;
#165 = AXIS2_PLACEMENT_3D ( 'NONE', #2515, #2016, #2278 ) ;
#166 = ORIENTED_EDGE ( 'NONE', *, *, #346, .F. ) ;
#167 = CARTESIAN_POINT ( 'NONE',  ( 1546.576825314126609, 368.4438328192086942, 0.000000000000000000 ) ) ;
#168 = VECTOR ( 'NONE', #1854, 1000.000000000000000 ) ;
#169 = LINE ( 'NONE', #633, #550 ) ;
#170 = CARTESIAN_POINT ( 'NONE',  ( 1528.118900597726679, 353.7728227475088261, 1.500000000000000000 ) ) ;
#171 = DIRECTION ( 'NONE',  ( 0.000000000000000000, 0.000000000000000000, 1.000000000000000000 ) ) ;
#172 = ORIENTED_EDGE ( 'NONE', *, *, #408, .F. ) ;
#173 = ORIENTED_EDGE ( 'NONE', *, *, #185, .T. ) ;
#174 = LINE ( 'NONE', #1198, #83 ) ;
#175 = CARTESIAN_POINT ( 'NONE',  ( 1500.551799720126610, 362.9228227475086896, 0.000000000000000000 ) ) ;
#176 = CIRCLE ( 'NONE', #1295, 0.4999999999999449329 ) ;
#177 = ORIENTED_EDGE ( 'NONE', *, *, #2187, .F. ) ;
#178 = ORIENTED_EDGE ( 'NONE', *, *, #791, .T. ) ;
#179 = LINE ( 'NONE', #2984, #2025 ) ;
#180 = VECTOR ( 'NONE', #455, 1000.000000000000114 ) ;
#181 = ADVANCED_FACE ( 'NONE', ( #533 ), #2103, .T. ) ;
#182 = DIRECTION ( 'NONE',  ( -0.000000000000000000, -0.000000000000000000, -1.000000000000000000 ) ) ;
#183 = VERTEX_POINT ( 'NONE', #1836 ) ;
#184 = CYLINDRICAL_SURFACE ( 'NONE', #972, 0.5000000000001669775 ) ;
#185 = EDGE_CURVE ( 'NONE', #1923, #258, #1538, .T. ) ;
#186 = DIRECTION ( 'NONE',  ( -0.000000000000000000, -0.000000000000000000, -1.000000000000000000 ) ) ;
#187 = PLANE ( 'NONE',  #165 ) ;
#188 = VECTOR ( 'NONE', #2254, 1000.000000000000000 ) ;
#189 = PLANE ( 'NONE',  #2594 ) ;
#190 = ORIENTED_EDGE ( 'NONE', *, *, #73, .T. ) ;
#191 = CARTESIAN_POINT ( 'NONE',  ( 1544.352175684618715, 368.2728227475090534, 1.500000000000000000 ) ) ;
#192 = DIRECTION ( 'NONE',  ( 0.000000000000000000, 0.000000000000000000, 1.000000000000000000 ) ) ;
#193 = VERTEX_POINT ( 'NONE', #345 ) ;
#194 = ORIENTED_EDGE ( 'NONE', *, *, #890, .T. ) ;
#195 = DIRECTION ( 'NONE',  ( 1.000000000000000000, 0.000000000000000000, 0.000000000000000000 ) ) ;
#196 = AXIS2_PLACEMENT_3D ( 'NONE', #2787, #1227, #738 ) ;
#197 = LINE ( 'NONE', #2041, #1412 ) ;
#198 = EDGE_CURVE ( 'NONE', #2848, #107, #1802, .T. ) ;
#199 = FACE_OUTER_BOUND ( 'NONE', #139, .T. ) ;
#200 = DIRECTION ( 'NONE',  ( 1.000000000000000000, 0.000000000000000000, 0.000000000000000000 ) ) ;
#201 = EDGE_CURVE ( 'NONE', #1062, #2341, #2827, .T. ) ;
#202 = DIRECTION ( 'NONE',  ( -0.000000000000000000, -0.000000000000000000, -1.000000000000000000 ) ) ;
#203 = DIRECTION ( 'NONE',  ( -0.3420201433252804124, 0.9396926207860497593, 0.000000000000000000 ) ) ;
#204 = CARTESIAN_POINT ( 'NONE',  ( 1538.879481950206355, 349.3728227475089056, 1.500000000000000000 ) ) ;
#205 = EDGE_CURVE ( 'NONE', #1417, #3116, #1334, .T. ) ;
#206 = ORIENTED_EDGE ( 'NONE', *, *, #1754, .F. ) ;
#207 = DIRECTION ( 'NONE',  ( 1.000000000000000000, 0.000000000000000000, 0.000000000000000000 ) ) ;
#208 = DIRECTION ( 'NONE',  ( 0.000000000000000000, 0.000000000000000000, 1.000000000000000000 ) ) ;
#209 = ORIENTED_EDGE ( 'NONE', *, *, #3166, .T. ) ;
#210 = ORIENTED_EDGE ( 'NONE', *, *, #746, .F. ) ;
#211 = CARTESIAN_POINT ( 'NONE',  ( 1489.562993581326737, 359.1728227475086896, 1.500000000000000000 ) ) ;
#212 = DIRECTION ( 'NONE',  ( -0.000000000000000000, -0.000000000000000000, -1.000000000000000000 ) ) ;
#213 = CARTESIAN_POINT ( 'NONE',  ( 1556.351344794518809, 365.7728227475088261, 1.500000000000000000 ) ) ;
#214 = VECTOR ( 'NONE', #1949, 1000.000000000000000 ) ;
#215 = DIRECTION ( 'NONE',  ( 0.000000000000000000, -1.000000000000000000, 0.000000000000000000 ) ) ;
#216 = CARTESIAN_POINT ( 'NONE',  ( 1481.775131535526725, 365.7728227475088261, 1.500000000000000000 ) ) ;
#217 = ADVANCED_FACE ( 'NONE', ( #2378 ), #3161, .F. ) ;
#218 = CARTESIAN_POINT ( 'NONE',  ( 1530.118900597726679, 346.4067973437088312, 1.500000000000000000 ) ) ;
#219 = ORIENTED_EDGE ( 'NONE', *, *, #2244, .T. ) ;
#220 = FACE_OUTER_BOUND ( 'NONE', #1163, .T. ) ;
#221 = CIRCLE ( 'NONE', #648, 0.4999999999999449329 ) ;
#222 = EDGE_CURVE ( 'NONE', #3296, #1411, #2713, .T. ) ;
#223 = FACE_OUTER_BOUND ( 'NONE', #502, .T. ) ;
#224 = ORIENTED_EDGE ( 'NONE', *, *, #630, .T. ) ;
#225 = ORIENTED_EDGE ( 'NONE', *, *, #1179, .F. ) ;
#226 = CARTESIAN_POINT ( 'NONE',  ( 1556.351344794519036, 346.7728227475087692, 1.500000000000000000 ) ) ;
#227 = CARTESIAN_POINT ( 'NONE',  ( 1528.118900597726679, 358.7728227475088261, 1.500000000000000000 ) ) ;
#228 = CIRCLE ( 'NONE', #1566, 0.5000000000001669775 ) ;
#229 = CARTESIAN_POINT ( 'NONE',  ( 1511.118900597726906, 346.4067973437088312, 1.500000000000000000 ) ) ;
#230 = ORIENTED_EDGE ( 'NONE', *, *, #3186, .T. ) ;
#231 = DIRECTION ( 'NONE',  ( -0.000000000000000000, -0.000000000000000000, -1.000000000000000000 ) ) ;
#232 = VECTOR ( 'NONE', #1016, 1000.000000000000000 ) ;
#233 = CYLINDRICAL_SURFACE ( 'NONE', #1998, 0.5000000000001669775 ) ;
#234 = VECTOR ( 'NONE', #1520, 1000.000000000000000 ) ;
#235 = ORIENTED_EDGE ( 'NONE', *, *, #1614, .F. ) ;
#236 = ADVANCED_FACE ( 'NONE', ( #566 ), #2343, .F. ) ;
#237 = CARTESIAN_POINT ( 'NONE',  ( 1491.406346714926713, 359.5018126759086954, 0.000000000000000000 ) ) ;
#238 = DIRECTION ( 'NONE',  ( -1.000000000000000000, 0.000000000000000000, 0.000000000000000000 ) ) ;
#239 = AXIS2_PLACEMENT_3D ( 'NONE', #1950, #171, #1710 ) ;
#240 = ADVANCED_FACE ( 'NONE', ( #274 ), #1368, .F. ) ;
#241 = ORIENTED_EDGE ( 'NONE', *, *, #3258, .F. ) ;
#242 = ORIENTED_EDGE ( 'NONE', *, *, #870, .F. ) ;
#243 = CARTESIAN_POINT ( 'NONE',  ( 1500.551799720126610, 362.9228227475086896, 1.500000000000000000 ) ) ;
#244 = ORIENTED_EDGE ( 'NONE', *, *, #3073, .T. ) ;
#245 = CARTESIAN_POINT ( 'NONE',  ( 1500.551799720126610, 349.6228227475089625, 1.500000000000000000 ) ) ;
#246 = DIRECTION ( 'NONE',  ( -0.000000000000000000, -0.000000000000000000, -1.000000000000000000 ) ) ;
#247 = AXIS2_PLACEMENT_3D ( 'NONE', #3095, #3112, #548 ) ;
#248 = ORIENTED_EDGE ( 'NONE', *, *, #2408, .T. ) ;
#249 = LINE ( 'NONE', #507, #1821 ) ;
#250 = CARTESIAN_POINT ( 'NONE',  ( 1546.106979003726565, 368.7728227475088261, 0.000000000000000000 ) ) ;
#251 = ORIENTED_EDGE ( 'NONE', *, *, #1168, .T. ) ;
#252 = CARTESIAN_POINT ( 'NONE',  ( 1538.879481950206355, 349.3728227475089056, 1.500000000000000000 ) ) ;
#253 = FACE_OUTER_BOUND ( 'NONE', #763, .T. ) ;
#254 = PRODUCT_RELATED_PRODUCT_CATEGORY ( 'part', '', ( #2304 ) ) ;
#255 = VERTEX_POINT ( 'NONE', #1871 ) ;
#256 = ORIENTED_EDGE ( 'NONE', *, *, #2244, .F. ) ;
#257 = LINE ( 'NONE', #2069, #395 ) ;
#258 = VERTEX_POINT ( 'NONE', #1081 ) ;
#259 = DIRECTION ( 'NONE',  ( -0.000000000000000000, -0.000000000000000000, -1.000000000000000000 ) ) ;
#260 = DIRECTION ( 'NONE',  ( -0.000000000000000000, -0.000000000000000000, -1.000000000000000000 ) ) ;
#261 = ORIENTED_EDGE ( 'NONE', *, *, #2370, .F. ) ;
#262 = DIRECTION ( 'NONE',  ( 0.000000000000000000, 1.000000000000000000, 0.000000000000000000 ) ) ;
#263 = CIRCLE ( 'NONE', #589, 0.4999999999999449329 ) ;
#264 = ORIENTED_EDGE ( 'NONE', *, *, #544, .F. ) ;
#265 = CARTESIAN_POINT ( 'NONE',  ( 1511.118900597726906, 346.4067973437088312, 0.000000000000000000 ) ) ;
#266 = CARTESIAN_POINT ( 'NONE',  ( 1528.118900597726679, 353.7728227475088261, 0.000000000000000000 ) ) ;
#267 = AXIS2_PLACEMENT_3D ( 'NONE', #2877, #580, #846 ) ;
#268 = ORIENTED_EDGE ( 'NONE', *, *, #2436, .F. ) ;
#269 = DIRECTION ( 'NONE',  ( -1.000000000000000000, 0.000000000000000000, 0.000000000000000000 ) ) ;
#270 = CARTESIAN_POINT ( 'NONE',  ( 1535.518976707726551, 370.9438328192090921, 1.500000000000000000 ) ) ;
#271 = VECTOR ( 'NONE', #1707, 1000.000000000000000 ) ;
#272 = ORIENTED_EDGE ( 'NONE', *, *, #1383, .F. ) ;
#273 = EDGE_CURVE ( 'NONE', #3145, #1270, #1620, .T. ) ;
#274 = FACE_OUTER_BOUND ( 'NONE', #3179, .T. ) ;
#275 = EDGE_CURVE ( 'NONE', #1549, #2155, #594, .T. ) ;
#276 = DIRECTION ( 'NONE',  ( 0.4999999999952401963, -0.8660254037871866206, 0.000000000000000000 ) ) ;
#277 = VECTOR ( 'NONE', #349, 1000.000000000000000 ) ;
#278 = ORIENTED_EDGE ( 'NONE', *, *, #1964, .T. ) ;
#279 = EDGE_CURVE ( 'NONE', #1917, #2589, #1820, .T. ) ;
#280 = VECTOR ( 'NONE', #2897, 1000.000000000000000 ) ;
#281 = LINE ( 'NONE', #35, #601 ) ;
#282 = ORIENTED_EDGE ( 'NONE', *, *, #815, .T. ) ;
#283 = CYLINDRICAL_SURFACE ( 'NONE', #1929, 0.5000000000001669775 ) ;
#284 = CARTESIAN_POINT ( 'NONE',  ( 1496.885625510726641, 368.7728227475088261, 1.500000000000000000 ) ) ;
#285 = VECTOR ( 'NONE', #1379, 1000.000000000000000 ) ;
#286 = ORIENTED_EDGE ( 'NONE', *, *, #2461, .T. ) ;
#287 = DIRECTION ( 'NONE',  ( 1.000000000000000000, -1.265353230805084169E-13, 0.000000000000000000 ) ) ;
#288 = DIRECTION ( 'NONE',  ( -0.000000000000000000, -0.000000000000000000, -1.000000000000000000 ) ) ;
#289 = AXIS2_PLACEMENT_3D ( 'NONE', #2061, #782, #1744 ) ;
#290 = VERTEX_POINT ( 'NONE', #2644 ) ;
#291 = ORIENTED_EDGE ( 'NONE', *, *, #976, .F. ) ;
#292 = DIRECTION ( 'NONE',  ( 0.4999999999949055196, -0.8660254037873799104, 0.000000000000000000 ) ) ;
#293 = LINE ( 'NONE', #309, #1466 ) ;
#294 = VERTEX_POINT ( 'NONE', #2136 ) ;
#295 = VECTOR ( 'NONE', #1747, 1000.000000000000000 ) ;
#296 = DIRECTION ( 'NONE',  ( 0.000000000000000000, 0.000000000000000000, 1.000000000000000000 ) ) ;
#297 = ORIENTED_EDGE ( 'NONE', *, *, #1403, .T. ) ;
#298 = CARTESIAN_POINT ( 'NONE',  ( 1535.049130397326280, 371.2728227475090534, 0.000000000000000000 ) ) ;
#299 = LINE ( 'NONE', #1881, #2843 ) ;
#300 = EDGE_CURVE ( 'NONE', #1014, #2736, #2140, .T. ) ;
#301 = VECTOR ( 'NONE', #1108, 1000.000000000000114 ) ;
#302 = ORIENTED_EDGE ( 'NONE', *, *, #1649, .T. ) ;
#303 = DIRECTION ( 'NONE',  ( 0.9396926207860566427, 0.3420201433252614831, -0.000000000000000000 ) ) ;
#304 = CARTESIAN_POINT ( 'NONE',  ( 1495.130822191706102, 368.2728227475087692, 1.500000000000000000 ) ) ;
#305 = VERTEX_POINT ( 'NONE', #1602 ) ;
#306 = ORIENTED_EDGE ( 'NONE', *, *, #1733, .T. ) ;
#307 = EDGE_LOOP ( 'NONE', ( #1608, #3054, #159, #895 ) ) ;
#308 = CARTESIAN_POINT ( 'NONE',  ( 1535.049130397326280, 371.2728227475090534, 1.500000000000000000 ) ) ;
#309 = CARTESIAN_POINT ( 'NONE',  ( 1558.962669659926632, 346.2728227475088261, 0.000000000000000000 ) ) ;
#310 = ORIENTED_EDGE ( 'NONE', *, *, #2249, .F. ) ;
#311 = DIRECTION ( 'NONE',  ( 1.000000000000000000, 0.000000000000000000, 0.000000000000000000 ) ) ;
#312 = VECTOR ( 'NONE', #402, 1000.000000000000114 ) ;
#313 = ORIENTED_EDGE ( 'NONE', *, *, #1964, .F. ) ;
#314 = ADVANCED_FACE ( 'NONE', ( #1804 ), #1553, .F. ) ;
#315 = LINE ( 'NONE', #2368, #1656 ) ;
#316 = FACE_OUTER_BOUND ( 'NONE', #981, .T. ) ;
#317 = AXIS2_PLACEMENT_3D ( 'NONE', #2991, #686, #1480 ) ;
#318 = ORIENTED_EDGE ( 'NONE', *, *, #2165, .F. ) ;
#319 = EDGE_CURVE ( 'NONE', #910, #193, #1148, .T. ) ;
#320 = DIRECTION ( 'NONE',  ( 1.000000000000000000, 0.000000000000000000, 0.000000000000000000 ) ) ;
#321 = AXIS2_PLACEMENT_3D ( 'NONE', #2727, #660, #360 ) ;
#322 = DIRECTION ( 'NONE',  ( 0.000000000000000000, 0.000000000000000000, 1.000000000000000000 ) ) ;
#323 = ORIENTED_EDGE ( 'NONE', *, *, #474, .F. ) ;
#324 = ORIENTED_EDGE ( 'NONE', *, *, #78, .F. ) ;
#325 = DIRECTION ( 'NONE',  ( -0.000000000000000000, -0.000000000000000000, -1.000000000000000000 ) ) ;
#326 = EDGE_CURVE ( 'NONE', #75, #2053, #6, .T. ) ;
#327 = CIRCLE ( 'NONE', #1345, 0.4999999999999449329 ) ;
#328 = CARTESIAN_POINT ( 'NONE',  ( 1535.049130397326280, 371.2728227475090534, 1.500000000000000000 ) ) ;
#329 = EDGE_LOOP ( 'NONE', ( #2951, #2642, #2780, #1004 ) ) ;
#330 = PLANE ( 'NONE',  #2316 ) ;
#331 = VECTOR ( 'NONE', #560, 1000.000000000000000 ) ;
#332 = ORIENTED_EDGE ( 'NONE', *, *, #3073, .F. ) ;
#333 = VECTOR ( 'NONE', #1511, 1000.000000000000000 ) ;
#334 = DIRECTION ( 'NONE',  ( -0.000000000000000000, -0.000000000000000000, -1.000000000000000000 ) ) ;
#335 = LINE ( 'NONE', #1107, #1938 ) ;
#336 = CARTESIAN_POINT ( 'NONE',  ( 1506.188670798142311, 341.7728227475087692, 0.000000000000000000 ) ) ;
#337 = ADVANCED_FACE ( 'NONE', ( #109 ), #881, .F. ) ;
#338 = ORIENTED_EDGE ( 'NONE', *, *, #784, .T. ) ;
#339 = CARTESIAN_POINT ( 'NONE',  ( 1484.886456400926363, 366.2728227475090534, 1.500000000000000000 ) ) ;
#340 = DIRECTION ( 'NONE',  ( -1.000000000000000000, 0.000000000000000000, 0.000000000000000000 ) ) ;
#341 = ORIENTED_EDGE ( 'NONE', *, *, #1302, .F. ) ;
#342 = ADVANCED_FACE ( 'NONE', ( #2964 ), #2476, .T. ) ;
#343 = ORIENTED_EDGE ( 'NONE', *, *, #1609, .T. ) ;
#344 = ORIENTED_EDGE ( 'NONE', *, *, #544, .T. ) ;
#345 = CARTESIAN_POINT ( 'NONE',  ( 1513.118900597726906, 358.7728227475089398, 0.000000000000000000 ) ) ;
#346 = EDGE_CURVE ( 'NONE', #1458, #575, #2709, .T. ) ;
#347 = CYLINDRICAL_SURFACE ( 'NONE', #1926, 0.4999999999999449329 ) ;
#348 = ORIENTED_EDGE ( 'NONE', *, *, #2616, .T. ) ;
#349 = DIRECTION ( 'NONE',  ( -0.000000000000000000, -0.000000000000000000, -1.000000000000000000 ) ) ;
#350 = CARTESIAN_POINT ( 'NONE',  ( 1482.275131535526725, 346.2728227475088261, 1.500000000000000000 ) ) ;
#351 = DIRECTION ( 'NONE',  ( -0.000000000000000000, -0.000000000000000000, -1.000000000000000000 ) ) ;
#352 = DIRECTION ( 'NONE',  ( 1.000000000000000000, 0.000000000000000000, 0.000000000000000000 ) ) ;
#353 = VECTOR ( 'NONE', #292, 1000.000000000000227 ) ;
#354 = ORIENTED_EDGE ( 'NONE', *, *, #1341, .F. ) ;
#355 = LINE ( 'NONE', #3208, #404 ) ;
#356 = CARTESIAN_POINT ( 'NONE',  ( 1543.919162982726448, 368.5228227475088829, 1.500000000000000000 ) ) ;
#357 = ADVANCED_FACE ( 'NONE', ( #1652 ), #2672, .T. ) ;
#358 = ORIENTED_EDGE ( 'NONE', *, *, #1671, .T. ) ;
#359 = ORIENTED_EDGE ( 'NONE', *, *, #3133, .T. ) ;
#360 = DIRECTION ( 'NONE',  ( -1.000000000000000000, 0.000000000000000000, 0.000000000000000000 ) ) ;
#361 = EDGE_CURVE ( 'NONE', #290, #3278, #2915, .T. ) ;
#362 = CARTESIAN_POINT ( 'NONE',  ( 1511.118900597726906, 366.1388481513088209, 1.500000000000000000 ) ) ;
#363 = EDGE_CURVE ( 'NONE', #1243, #2757, #2896, .T. ) ;
#364 = CARTESIAN_POINT ( 'NONE',  ( 1551.674807614126621, 359.1728227475087465, 1.500000000000000000 ) ) ;
#365 = DIRECTION ( 'NONE',  ( 1.000000000000000000, 0.000000000000000000, 0.000000000000000000 ) ) ;
#366 = CARTESIAN_POINT ( 'NONE',  ( 1551.674807614034535, 359.6728227475087465, 1.500000000000000000 ) ) ;
#367 = CARTESIAN_POINT ( 'NONE',  ( 1543.919162982726448, 344.0228227475088261, 1.500000000000000000 ) ) ;
#368 = VERTEX_POINT ( 'NONE', #1436 ) ;
#369 = DIRECTION ( 'NONE',  ( 1.000000000000000000, 1.581691538506555392E-13, 0.000000000000000000 ) ) ;
#370 = CARTESIAN_POINT ( 'NONE',  ( 1506.188670798142311, 341.7728227475087692, 1.500000000000000000 ) ) ;
#371 = CIRCLE ( 'NONE', #1067, 0.4999999999999449329 ) ;
#372 = VERTEX_POINT ( 'NONE', #2458 ) ;
#373 = VERTEX_POINT ( 'NONE', #1958 ) ;
#374 = CARTESIAN_POINT ( 'NONE',  ( 1543.919162982726448, 368.5228227475088829, 0.000000000000000000 ) ) ;
#375 = CARTESIAN_POINT ( 'NONE',  ( 1513.118900597726679, 360.7728227475088261, 0.000000000000000000 ) ) ;
#376 = EDGE_CURVE ( 'NONE', #2589, #2875, #614, .T. ) ;
#377 = VERTEX_POINT ( 'NONE', #912 ) ;
#378 = EDGE_CURVE ( 'NONE', #1014, #2624, #1399, .T. ) ;
#379 = VECTOR ( 'NONE', #1695, 1000.000000000000000 ) ;
#380 = LINE ( 'NONE', #2695, #2801 ) ;
#381 = EDGE_CURVE ( 'NONE', #741, #596, #1452, .T. ) ;
#382 = DIRECTION ( 'NONE',  ( 0.000000000000000000, 1.000000000000000000, 0.000000000000000000 ) ) ;
#383 = DIRECTION ( 'NONE',  ( -0.000000000000000000, -0.000000000000000000, -1.000000000000000000 ) ) ;
#384 = LINE ( 'NONE', #889, #706 ) ;
#385 = VECTOR ( 'NONE', #1843, 1000.000000000000000 ) ;
#386 = ORIENTED_EDGE ( 'NONE', *, *, #2225, .F. ) ;
#387 = FACE_OUTER_BOUND ( 'NONE', #2434, .T. ) ;
#388 = FACE_OUTER_BOUND ( 'NONE', #2474, .T. ) ;
#389 = AXIS2_PLACEMENT_3D ( 'NONE', #3317, #246, #2749 ) ;
#390 = ORIENTED_EDGE ( 'NONE', *, *, #2717, .T. ) ;
#391 = ORIENTED_EDGE ( 'NONE', *, *, #2616, .F. ) ;
#392 = CARTESIAN_POINT ( 'NONE',  ( 1513.118900597726906, 358.7728227475089398, 1.500000000000000000 ) ) ;
#393 = DIRECTION ( 'NONE',  ( 1.000000000000000000, 0.000000000000000000, 0.000000000000000000 ) ) ;
#394 = AXIS2_PLACEMENT_3D ( 'NONE', #2812, #518, #1993 ) ;
#395 = VECTOR ( 'NONE', #1013, 1000.000000000000114 ) ;
#396 = CARTESIAN_POINT ( 'NONE',  ( 1540.686001475326520, 362.9228227475086896, 0.000000000000000000 ) ) ;
#397 = CARTESIAN_POINT ( 'NONE',  ( 1546.106979003747028, 368.2728227475085987, 0.000000000000000000 ) ) ;
#398 = CARTESIAN_POINT ( 'NONE',  ( 1551.674807614126621, 353.3728227475089056, 0.000000000000000000 ) ) ;
#399 = CIRCLE ( 'NONE', #1630, 0.4999999999999449329 ) ;
#400 = PRODUCT_DEFINITION ( 'UNKNOWN', '', #1116, #501 ) ;
#401 = DIRECTION ( 'NONE',  ( 0.000000000000000000, 0.000000000000000000, 1.000000000000000000 ) ) ;
#402 = DIRECTION ( 'NONE',  ( -0.3420201433284305592, 0.9396926207849032320, 0.000000000000000000 ) ) ;
#403 = DIRECTION ( 'NONE',  ( 0.8660254037819032913, 0.5000000000043915982, -0.000000000000000000 ) ) ;
#404 = VECTOR ( 'NONE', #857, 1000.000000000000000 ) ;
#405 =( LENGTH_UNIT ( ) NAMED_UNIT ( * ) SI_UNIT ( .MILLI., .METRE. ) );
#406 = ORIENTED_EDGE ( 'NONE', *, *, #2817, .T. ) ;
#407 = DIRECTION ( 'NONE',  ( -0.000000000000000000, -0.000000000000000000, -1.000000000000000000 ) ) ;
#408 = EDGE_CURVE ( 'NONE', #2773, #1270, #1720, .T. ) ;
#409 = PLANE ( 'NONE',  #3025 ) ;
#410 = ORIENTED_EDGE ( 'NONE', *, *, #3293, .F. ) ;
#411 = ORIENTED_EDGE ( 'NONE', *, *, #2744, .F. ) ;
#412 = DIRECTION ( 'NONE',  ( -0.4999999999928022576, -0.8660254037885941614, 0.000000000000000000 ) ) ;
#413 = ADVANCED_FACE ( 'NONE', ( #1638 ), #145, .T. ) ;
#414 = DIRECTION ( 'NONE',  ( 1.000000000000000000, 0.000000000000000000, 0.000000000000000000 ) ) ;
#415 = CARTESIAN_POINT ( 'NONE',  ( 1491.406346714926713, 353.0438328192087738, 1.500000000000000000 ) ) ;
#416 = VECTOR ( 'NONE', #3155, 1000.000000000000000 ) ;
#417 = ORIENTED_EDGE ( 'NONE', *, *, #381, .T. ) ;
#418 = CYLINDRICAL_SURFACE ( 'NONE', #762, 0.4999999999999449329 ) ;
#419 = DIRECTION ( 'NONE',  ( -0.000000000000000000, -0.000000000000000000, -1.000000000000000000 ) ) ;
#420 = FACE_OUTER_BOUND ( 'NONE', #1501, .T. ) ;
#421 = CARTESIAN_POINT ( 'NONE',  ( 1544.352175684618715, 344.2728227475088829, 1.500000000000000000 ) ) ;
#422 = EDGE_CURVE ( 'NONE', #928, #92, #3200, .T. ) ;
#423 = ORIENTED_EDGE ( 'NONE', *, *, #2591, .F. ) ;
#424 = EDGE_LOOP ( 'NONE', ( #1582, #1908, #1421, #21 ) ) ;
#425 = DIRECTION ( 'NONE',  ( 1.581691538506555392E-13, -1.000000000000000000, 0.000000000000000000 ) ) ;
#426 = CARTESIAN_POINT ( 'NONE',  ( 1495.130822191742482, 344.2728227475087692, 1.500000000000000000 ) ) ;
#427 = EDGE_CURVE ( 'NONE', #193, #2939, #179, .T. ) ;
#428 = ORIENTED_EDGE ( 'NONE', *, *, #2805, .F. ) ;
#429 = VERTEX_POINT ( 'NONE', #680 ) ;
#430 = CARTESIAN_POINT ( 'NONE',  ( 1490.936500404547360, 352.8728227475090193, 0.000000000000000000 ) ) ;
#431 = LINE ( 'NONE', #2442, #27 ) ;
#432 = CARTESIAN_POINT ( 'NONE',  ( 1550.301300790826645, 359.1728227475087465, 1.500000000000000000 ) ) ;
#433 = VECTOR ( 'NONE', #3187, 1000.000000000000000 ) ;
#434 = VERTEX_POINT ( 'NONE', #1924 ) ;
#435 = CARTESIAN_POINT ( 'NONE',  ( 1511.118900597726906, 351.7728227475088261, 0.000000000000000000 ) ) ;
#436 = MANIFOLD_SOLID_BREP ( 'Boss-Extrude1', #2348 ) ;
#437 = AXIS2_PLACEMENT_3D ( 'NONE', #430, #863, #629 ) ;
#438 = DIRECTION ( 'NONE',  ( -1.000000000000000000, 0.000000000000000000, 0.000000000000000000 ) ) ;
#439 = VECTOR ( 'NONE', #3028, 1000.000000000000000 ) ;
#440 = CARTESIAN_POINT ( 'NONE',  ( 1538.879481950226818, 349.8728227475089625, 0.000000000000000000 ) ) ;
#441 = CYLINDRICAL_SURFACE ( 'NONE', #1845, 1.999999999999779732 ) ;
#442 = AXIS2_PLACEMENT_3D ( 'NONE', #2226, #3253, #2013 ) ;
#443 = ORIENTED_EDGE ( 'NONE', *, *, #1794, .F. ) ;
#444 = DIRECTION ( 'NONE',  ( 1.000000000000000000, 0.000000000000000000, 0.000000000000000000 ) ) ;
#445 = DIRECTION ( 'NONE',  ( -1.000000000000000000, 0.000000000000000000, 0.000000000000000000 ) ) ;
#446 = EDGE_CURVE ( 'NONE', #814, #290, #1433, .T. ) ;
#447 = AXIS2_PLACEMENT_3D ( 'NONE', #2647, #799, #65 ) ;
#448 = ORIENTED_EDGE ( 'NONE', *, *, #3014, .F. ) ;
#449 = ORIENTED_EDGE ( 'NONE', *, *, #1388, .T. ) ;
#450 = VECTOR ( 'NONE', #89, 1000.000000000000000 ) ;
#451 = DIRECTION ( 'NONE',  ( -0.000000000000000000, -0.000000000000000000, -1.000000000000000000 ) ) ;
#452 = AXIS2_PLACEMENT_3D ( 'NONE', #14, #3022, #2499 ) ;
#453 = EDGE_CURVE ( 'NONE', #1549, #75, #3138, .T. ) ;
#454 = DIRECTION ( 'NONE',  ( -0.5000000000043951509, -0.8660254037819010708, 0.000000000000000000 ) ) ;
#455 = DIRECTION ( 'NONE',  ( -0.4999999999952401963, 0.8660254037871867316, 0.000000000000000000 ) ) ;
#456 = EDGE_CURVE ( 'NONE', #3143, #2522, #1123, .T. ) ;
#457 = AXIS2_PLACEMENT_3D ( 'NONE', #370, #2653, #124 ) ;
#458 = DIRECTION ( 'NONE',  ( 0.000000000000000000, -1.000000000000000000, 0.000000000000000000 ) ) ;
#459 = CARTESIAN_POINT ( 'NONE',  ( 1506.188670798126623, 371.2728227475090534, 1.500000000000000000 ) ) ;
#460 = VECTOR ( 'NONE', #2477, 1000.000000000000000 ) ;
#461 = DIRECTION ( 'NONE',  ( 1.000000000000000000, 0.000000000000000000, 0.000000000000000000 ) ) ;
#462 = VERTEX_POINT ( 'NONE', #3206 ) ;
#463 = CARTESIAN_POINT ( 'NONE',  ( 1496.885625510734371, 368.2728227475087124, 0.000000000000000000 ) ) ;
#464 = CYLINDRICAL_SURFACE ( 'NONE', #2587, 0.5000000000001669775 ) ;
#465 = ORIENTED_EDGE ( 'NONE', *, *, #32, .T. ) ;
#466 = ORIENTED_EDGE ( 'NONE', *, *, #2397, .F. ) ;
#467 = EDGE_CURVE ( 'NONE', #1268, #2566, #1320, .T. ) ;
#468 = CARTESIAN_POINT ( 'NONE',  ( 1482.275131535526725, 346.2728227475088261, 0.000000000000000000 ) ) ;
#469 = EDGE_CURVE ( 'NONE', #2350, #1066, #3172, .T. ) ;
#470 = DIRECTION ( 'NONE',  ( 0.000000000000000000, -0.000000000000000000, 1.000000000000000000 ) ) ;
#471 = FACE_OUTER_BOUND ( 'NONE', #2371, .T. ) ;
#472 = LINE ( 'NONE', #488, #1406 ) ;
#473 = PRESENTATION_LAYER_ASSIGNMENT (  '', '', ( #1591 ) ) ;
#474 = EDGE_CURVE ( 'NONE', #3164, #2377, #2650, .T. ) ;
#475 = PLANE ( 'NONE',  #3104 ) ;
#476 = DIRECTION ( 'NONE',  ( 1.000000000000000000, 0.000000000000000000, 0.000000000000000000 ) ) ;
#477 = ORIENTED_EDGE ( 'NONE', *, *, #95, .T. ) ;
#478 = DIRECTION ( 'NONE',  ( -1.000000000000000000, 0.000000000000000000, 0.000000000000000000 ) ) ;
#479 = LINE ( 'NONE', #1499, #2680 ) ;
#480 = ORIENTED_EDGE ( 'NONE', *, *, #3082, .F. ) ;
#481 = ORIENTED_EDGE ( 'NONE', *, *, #1224, .F. ) ;
#482 = AXIS2_PLACEMENT_3D ( 'NONE', #2443, #646, #2949 ) ;
#483 = DIRECTION ( 'NONE',  ( 0.000000000000000000, 0.000000000000000000, 1.000000000000000000 ) ) ;
#484 = VECTOR ( 'NONE', #556, 1000.000000000000000 ) ;
#485 = LINE ( 'NONE', #3061, #1248 ) ;
#486 = EDGE_CURVE ( 'NONE', #749, #373, #874, .T. ) ;
#487 = VECTOR ( 'NONE', #1644, 1000.000000000000000 ) ;
#488 = CARTESIAN_POINT ( 'NONE',  ( 1530.118900597726679, 366.1388481513088209, 1.500000000000000000 ) ) ;
#489 = EDGE_CURVE ( 'NONE', #1332, #2462, #2665, .T. ) ;
#490 = VERTEX_POINT ( 'NONE', #607 ) ;
#491 = CARTESIAN_POINT ( 'NONE',  ( 1556.351344794526540, 366.2728227475087692, 1.500000000000000000 ) ) ;
#492 = EDGE_CURVE ( 'NONE', #947, #822, #1410, .T. ) ;
#493 = LINE ( 'NONE', #2032, #333 ) ;
#494 = ORIENTED_EDGE ( 'NONE', *, *, #3050, .T. ) ;
#495 = DIRECTION ( 'NONE',  ( -1.000000000000000000, 0.000000000000000000, 0.000000000000000000 ) ) ;
#496 = VECTOR ( 'NONE', #3205, 1000.000000000000227 ) ;
#497 = PLANE ( 'NONE',  #1236 ) ;
#498 = VERTEX_POINT ( 'NONE', #2451 ) ;
#499 = ORIENTED_EDGE ( 'NONE', *, *, #1409, .T. ) ;
#500 = DIRECTION ( 'NONE',  ( 0.9396926207849038981, -0.3420201433284287829, 0.000000000000000000 ) ) ;
#501 = PRODUCT_DEFINITION_CONTEXT ( 'detailed design', #3115, 'design' ) ;
#502 = EDGE_LOOP ( 'NONE', ( #1230, #1074, #80, #1957 ) ) ;
#503 = LINE ( 'NONE', #2497, #2856 ) ;
#504 = CIRCLE ( 'NONE', #2374, 0.5000000000001669775 ) ;
#505 = DIRECTION ( 'NONE',  ( -0.000000000000000000, -0.000000000000000000, -1.000000000000000000 ) ) ;
#506 = ORIENTED_EDGE ( 'NONE', *, *, #133, .T. ) ;
#507 = CARTESIAN_POINT ( 'NONE',  ( 1502.358319245226539, 349.8728227475089625, 1.500000000000000000 ) ) ;
#508 = LINE ( 'NONE', #1482, #121 ) ;
#509 = VECTOR ( 'NONE', #2622, 1000.000000000000000 ) ;
#510 = EDGE_LOOP ( 'NONE', ( #1597, #3070, #359, #2269 ) ) ;
#511 = CARTESIAN_POINT ( 'NONE',  ( 1511.118900597726906, 346.4067973437088312, 0.000000000000000000 ) ) ;
#512 = DIRECTION ( 'NONE',  ( -0.000000000000000000, -0.000000000000000000, -1.000000000000000000 ) ) ;
#513 = ORIENTED_EDGE ( 'NONE', *, *, #2232, .T. ) ;
#514 = VERTEX_POINT ( 'NONE', #154 ) ;
#515 = EDGE_CURVE ( 'NONE', #2522, #1019, #653, .T. ) ;
#516 = PLANE ( 'NONE',  #2362 ) ;
#517 = ORIENTED_EDGE ( 'NONE', *, *, #707, .F. ) ;
#518 = DIRECTION ( 'NONE',  ( 0.000000000000000000, 0.000000000000000000, 1.000000000000000000 ) ) ;
#519 = LINE ( 'NONE', #1742, #3178 ) ;
#520 = VECTOR ( 'NONE', #2590, 1000.000000000000000 ) ;
#521 = ORIENTED_EDGE ( 'NONE', *, *, #2705, .T. ) ;
#522 = CARTESIAN_POINT ( 'NONE',  ( 1500.984812422026607, 362.6728227475086896, 1.500000000000000000 ) ) ;
#523 = ORIENTED_EDGE ( 'NONE', *, *, #956, .F. ) ;
#524 = PLANE ( 'NONE',  #1765 ) ;
#525 = DIRECTION ( 'NONE',  ( -0.3420201433252931245, -0.9396926207860450964, 0.000000000000000000 ) ) ;
#526 = EDGE_CURVE ( 'NONE', #3174, #1318, #120, .T. ) ;
#527 = ORIENTED_EDGE ( 'NONE', *, *, #2000, .T. ) ;
#528 = ORIENTED_EDGE ( 'NONE', *, *, #691, .F. ) ;
#529 = CARTESIAN_POINT ( 'NONE',  ( 1497.318638212626638, 344.0228227475088261, 1.500000000000000000 ) ) ;
#530 = LINE ( 'NONE', #2539, #1472 ) ;
#531 = EDGE_CURVE ( 'NONE', #1637, #1928, #590, .T. ) ;
#532 = EDGE_LOOP ( 'NONE', ( #1641, #225, #2557, #2682 ) ) ;
#533 = FACE_OUTER_BOUND ( 'NONE', #1051, .T. ) ;
#534 = CARTESIAN_POINT ( 'NONE',  ( 1544.352175684626900, 343.7728227475088261, 0.000000000000000000 ) ) ;
#535 = EDGE_LOOP ( 'NONE', ( #3008, #2452, #613, #996 ) ) ;
#536 = CARTESIAN_POINT ( 'NONE',  ( 1550.301300790826645, 353.3728227475089625, 0.000000000000000000 ) ) ;
#537 = EDGE_LOOP ( 'NONE', ( #2046, #3127, #3303, #1047 ) ) ;
#538 = DIRECTION ( 'NONE',  ( 0.000000000000000000, 0.000000000000000000, 1.000000000000000000 ) ) ;
#539 = LINE ( 'NONE', #3056, #917 ) ;
#540 = EDGE_LOOP ( 'NONE', ( #1940, #840, #1911, #1439 ) ) ;
#541 = CIRCLE ( 'NONE', #2143, 0.5000000000001669775 ) ;
#542 = PLANE ( 'NONE',  #2211 ) ;
#543 = CARTESIAN_POINT ( 'NONE',  ( 1550.301300790826645, 359.1728227475087465, 0.000000000000000000 ) ) ;
#544 = EDGE_CURVE ( 'NONE', #2725, #2470, #2311, .T. ) ;
#545 = CIRCLE ( 'NONE', #1459, 0.4999999999999449329 ) ;
#546 = ORIENTED_EDGE ( 'NONE', *, *, #815, .F. ) ;
#547 = ORIENTED_EDGE ( 'NONE', *, *, #1554, .F. ) ;
#548 = DIRECTION ( 'NONE',  ( 0.000000000000000000, 0.000000000000000000, 1.000000000000000000 ) ) ;
#549 = CARTESIAN_POINT ( 'NONE',  ( 1494.660975881326522, 344.1018126759089455, 1.500000000000000000 ) ) ;
#550 = VECTOR ( 'NONE', #2662, 1000.000000000000000 ) ;
#551 = ORIENTED_EDGE ( 'NONE', *, *, #3103, .T. ) ;
#552 = EDGE_CURVE ( 'NONE', #1823, #143, #2900, .T. ) ;
#553 = VECTOR ( 'NONE', #458, 1000.000000000000000 ) ;
#554 = DIRECTION ( 'NONE',  ( 0.000000000000000000, 0.000000000000000000, 1.000000000000000000 ) ) ;
#555 = EDGE_LOOP ( 'NONE', ( #2074, #678, #1750, #1632 ) ) ;
#556 = DIRECTION ( 'NONE',  ( -0.000000000000000000, -0.000000000000000000, -1.000000000000000000 ) ) ;
#557 = CYLINDRICAL_SURFACE ( 'NONE', #2738, 0.4999999999999449329 ) ;
#558 = CIRCLE ( 'NONE', #3240, 0.5000000000001669775 ) ;
#559 = EDGE_LOOP ( 'NONE', ( #3314, #740, #2168, #1829 ) ) ;
#560 = DIRECTION ( 'NONE',  ( -0.000000000000000000, -0.000000000000000000, -1.000000000000000000 ) ) ;
#561 = CARTESIAN_POINT ( 'NONE',  ( 1507.943474117134201, 370.7728227475086555, 1.500000000000000000 ) ) ;
#562 = AXIS2_PLACEMENT_3D ( 'NONE', #1737, #262, #1238 ) ;
#563 = EDGE_CURVE ( 'NONE', #2247, #1928, #545, .T. ) ;
#564 = ORIENTED_EDGE ( 'NONE', *, *, #974, .T. ) ;
#565 = ORIENTED_EDGE ( 'NONE', *, *, #2450, .F. ) ;
#566 = FACE_OUTER_BOUND ( 'NONE', #47, .T. ) ;
#567 = CARTESIAN_POINT ( 'NONE',  ( 1508.376486819026695, 371.0228227475088261, 1.500000000000000000 ) ) ;
#568 = EDGE_CURVE ( 'NONE', #2588, #1956, #384, .T. ) ;
#569 = ORIENTED_EDGE ( 'NONE', *, *, #976, .T. ) ;
#570 = DIRECTION ( 'NONE',  ( 1.000000000000000000, 0.000000000000000000, 0.000000000000000000 ) ) ;
#571 = EDGE_CURVE ( 'NONE', #2383, #1556, #2178, .T. ) ;
#572 = EDGE_LOOP ( 'NONE', ( #800, #1528, #564, #1380 ) ) ;
#573 = DIRECTION ( 'NONE',  ( 1.000000000000000000, 0.000000000000000000, 0.000000000000000000 ) ) ;
#574 = LINE ( 'NONE', #2078, #3165 ) ;
#575 = VERTEX_POINT ( 'NONE', #398 ) ;
#576 = CARTESIAN_POINT ( 'NONE',  ( 1546.106979003726565, 368.7728227475088261, 1.500000000000000000 ) ) ;
#577 = DIRECTION ( 'NONE',  ( 0.8660254037885942724, -0.4999999999928023686, 0.000000000000000000 ) ) ;
#578 = EDGE_LOOP ( 'NONE', ( #1803, #2110, #1023, #1646 ) ) ;
#579 = ORIENTED_EDGE ( 'NONE', *, *, #1153, .F. ) ;
#580 = DIRECTION ( 'NONE',  ( 0.000000000000000000, 0.000000000000000000, 1.000000000000000000 ) ) ;
#581 = CARTESIAN_POINT ( 'NONE',  ( 1558.962669659926632, 366.2728227475088261, 0.000000000000000000 ) ) ;
#582 = ORIENTED_EDGE ( 'NONE', *, *, #2264, .F. ) ;
#583 = EDGE_CURVE ( 'NONE', #2931, #1563, #3237, .T. ) ;
#584 = LINE ( 'NONE', #2109, #2849 ) ;
#585 = VERTEX_POINT ( 'NONE', #167 ) ;
#586 = DIRECTION ( 'NONE',  ( -0.000000000000000000, -0.000000000000000000, -1.000000000000000000 ) ) ;
#587 = EDGE_CURVE ( 'NONE', #2773, #1007, #2257, .T. ) ;
#588 = CARTESIAN_POINT ( 'NONE',  ( 1490.936500404526669, 359.1728227475087465, 1.500000000000000000 ) ) ;
#589 = AXIS2_PLACEMENT_3D ( 'NONE', #1246, #777, #2024 ) ;
#590 = LINE ( 'NONE', #2634, #2575 ) ;
#591 = ORIENTED_EDGE ( 'NONE', *, *, #2556, .T. ) ;
#592 = DIRECTION ( 'NONE',  ( 1.000000000000000000, 0.000000000000000000, 0.000000000000000000 ) ) ;
#593 = ADVANCED_FACE ( 'NONE', ( #199 ), #1980, .F. ) ;
#594 = CIRCLE ( 'NONE', #1285, 0.4999999999999449329 ) ;
#595 = LINE ( 'NONE', #842, #2752 ) ;
#596 = VERTEX_POINT ( 'NONE', #717 ) ;
#597 = ORIENTED_EDGE ( 'NONE', *, *, #1365, .T. ) ;
#598 = CARTESIAN_POINT ( 'NONE',  ( 1485.319469102826588, 366.0228227475088829, 0.000000000000000000 ) ) ;
#599 = CARTESIAN_POINT ( 'NONE',  ( 1543.919162982726448, 344.0228227475088261, 1.500000000000000000 ) ) ;
#600 = ORIENTED_EDGE ( 'NONE', *, *, #2023, .F. ) ;
#601 = VECTOR ( 'NONE', #1052, 1000.000000000000000 ) ;
#602 = CARTESIAN_POINT ( 'NONE',  ( 1496.885625510734371, 344.2728227475088261, 1.500000000000000000 ) ) ;
#603 = EDGE_LOOP ( 'NONE', ( #632, #2983, #754, #390 ) ) ;
#604 = CIRCLE ( 'NONE', #2051, 0.4999999999999449329 ) ;
#605 = DIRECTION ( 'NONE',  ( 0.000000000000000000, 0.000000000000000000, 1.000000000000000000 ) ) ;
#606 = DIRECTION ( 'NONE',  ( -0.4999999999928060324, 0.8660254037885921630, 0.000000000000000000 ) ) ;
#607 = CARTESIAN_POINT ( 'NONE',  ( 1555.918332092626770, 346.5228227475085987, 0.000000000000000000 ) ) ;
#608 = ORIENTED_EDGE ( 'NONE', *, *, #319, .F. ) ;
#609 = CYLINDRICAL_SURFACE ( 'NONE', #2115, 0.5000000000001669775 ) ;
#610 = DIRECTION ( 'NONE',  ( 0.3420201433284436598, 0.9396926207848983470, 0.000000000000000000 ) ) ;
#611 = ADVANCED_FACE ( 'NONE', ( #3283 ), #985, .T. ) ;
#612 = ORIENTED_EDGE ( 'NONE', *, *, #2045, .F. ) ;
#613 = ORIENTED_EDGE ( 'NONE', *, *, #1117, .T. ) ;
#614 = LINE ( 'NONE', #2441, #2305 ) ;
#615 = VECTOR ( 'NONE', #203, 1000.000000000000114 ) ;
#616 = DIRECTION ( 'NONE',  ( 1.000000000000000000, 0.000000000000000000, 0.000000000000000000 ) ) ;
#617 = ORIENTED_EDGE ( 'NONE', *, *, #587, .T. ) ;
#618 = DIRECTION ( 'NONE',  ( -0.000000000000000000, -0.000000000000000000, -1.000000000000000000 ) ) ;
#619 = LINE ( 'NONE', #2159, #909 ) ;
#620 = DIRECTION ( 'NONE',  ( 0.000000000000000000, 1.000000000000000000, 0.000000000000000000 ) ) ;
#621 = DIRECTION ( 'NONE',  ( 0.5000000000043951509, 0.8660254037819009598, 0.000000000000000000 ) ) ;
#622 = VERTEX_POINT ( 'NONE', #435 ) ;
#623 = CARTESIAN_POINT ( 'NONE',  ( 1502.358319245210623, 363.1728227475087465, 0.000000000000000000 ) ) ;
#624 = DIRECTION ( 'NONE',  ( 0.000000000000000000, -1.000000000000000000, 0.000000000000000000 ) ) ;
#625 = EDGE_CURVE ( 'NONE', #1044, #64, #2240, .T. ) ;
#626 = ADVANCED_FACE ( 'NONE', ( #471 ), #1422, .F. ) ;
#627 = ORIENTED_EDGE ( 'NONE', *, *, #2928, .T. ) ;
#628 = ORIENTED_EDGE ( 'NONE', *, *, #3271, .F. ) ;
#629 = DIRECTION ( 'NONE',  ( 1.000000000000000000, 0.000000000000000000, 0.000000000000000000 ) ) ;
#630 = EDGE_CURVE ( 'NONE', #2341, #2055, #3020, .T. ) ;
#631 = CARTESIAN_POINT ( 'NONE',  ( 1555.918332092626770, 346.5228227475085987, 1.500000000000000000 ) ) ;
#632 = ORIENTED_EDGE ( 'NONE', *, *, #2284, .F. ) ;
#633 = CARTESIAN_POINT ( 'NONE',  ( 1491.406346714926713, 359.5018126759086954, 1.500000000000000000 ) ) ;
#634 = CIRCLE ( 'NONE', #482, 0.4999999999999449329 ) ;
#635 = DIRECTION ( 'NONE',  ( 0.5000000000043951509, 0.8660254037819009598, 0.000000000000000000 ) ) ;
#636 = CARTESIAN_POINT ( 'NONE',  ( 1494.660975881326522, 344.1018126759088318, 1.500000000000000000 ) ) ;
#637 = CIRCLE ( 'NONE', #2669, 0.4999999999999449329 ) ;
#638 = DIRECTION ( 'NONE',  ( 0.000000000000000000, 0.000000000000000000, 1.000000000000000000 ) ) ;
#639 = ORIENTED_EDGE ( 'NONE', *, *, #1631, .F. ) ;
#640 = FACE_OUTER_BOUND ( 'NONE', #1097, .T. ) ;
#641 = DIRECTION ( 'NONE',  ( 1.000000000000000000, 0.000000000000000000, 0.000000000000000000 ) ) ;
#642 = CIRCLE ( 'NONE', #1716, 0.5000000000001669775 ) ;
#643 = EDGE_LOOP ( 'NONE', ( #1789, #1567, #2354, #1429 ) ) ;
#644 = ORIENTED_EDGE ( 'NONE', *, *, #1991, .T. ) ;
#645 = DIRECTION ( 'NONE',  ( 1.265353230876974262E-13, 1.000000000000000000, -0.000000000000000000 ) ) ;
#646 = DIRECTION ( 'NONE',  ( 0.000000000000000000, 0.000000000000000000, 1.000000000000000000 ) ) ;
#647 = ORIENTED_EDGE ( 'NONE', *, *, #205, .T. ) ;
#648 = AXIS2_PLACEMENT_3D ( 'NONE', #2094, #1828, #1088 ) ;
#649 = CARTESIAN_POINT ( 'NONE',  ( 1535.049130397310591, 341.7728227475091103, 1.500000000000000000 ) ) ;
#650 = ADVANCED_FACE ( 'NONE', ( #1724 ), #184, .F. ) ;
#651 = CARTESIAN_POINT ( 'NONE',  ( 1497.318638212626638, 344.0228227475088261, 1.500000000000000000 ) ) ;
#652 = DIRECTION ( 'NONE',  ( -0.5000000000043914872, 0.8660254037819031803, 0.000000000000000000 ) ) ;
#653 = LINE ( 'NONE', #2416, #2878 ) ;
#654 = AXIS2_PLACEMENT_3D ( 'NONE', #1592, #2382, #2349 ) ;
#655 = VERTEX_POINT ( 'NONE', #1477 ) ;
#656 = CARTESIAN_POINT ( 'NONE',  ( 1546.106979003726565, 368.7728227475088261, 1.500000000000000000 ) ) ;
#657 = CARTESIAN_POINT ( 'NONE',  ( 1546.576825314126609, 368.4438328192086942, 1.500000000000000000 ) ) ;
#658 = ORIENTED_EDGE ( 'NONE', *, *, #3103, .F. ) ;
#659 = EDGE_LOOP ( 'NONE', ( #406, #849, #272, #2062 ) ) ;
#660 = DIRECTION ( 'NONE',  ( -0.000000000000000000, -0.000000000000000000, -1.000000000000000000 ) ) ;
#661 = CARTESIAN_POINT ( 'NONE',  ( 1552.107820315926574, 359.4228227475086896, 0.000000000000000000 ) ) ;
#662 = AXIS2_PLACEMENT_3D ( 'NONE', #561, #1092, #1584 ) ;
#663 = CARTESIAN_POINT ( 'NONE',  ( 1556.351344794519036, 346.7728227475087692, 1.500000000000000000 ) ) ;
#664 = ORIENTED_EDGE ( 'NONE', *, *, #3186, .F. ) ;
#665 = CARTESIAN_POINT ( 'NONE',  ( 1508.376486819026695, 371.0228227475088261, 0.000000000000000000 ) ) ;
#666 = EDGE_CURVE ( 'NONE', #2931, #2325, #116, .T. ) ;
#667 = AXIS2_PLACEMENT_3D ( 'NONE', #2245, #2768, #2314 ) ;
#668 = CARTESIAN_POINT ( 'NONE',  ( 1532.861314376326618, 371.0228227475088261, 0.000000000000000000 ) ) ;
#669 = LINE ( 'NONE', #1627, #2 ) ;
#670 = DIRECTION ( 'NONE',  ( 0.000000000000000000, 0.000000000000000000, 1.000000000000000000 ) ) ;
#671 = CIRCLE ( 'NONE', #1099, 0.5000000000001669775 ) ;
#672 = ADVANCED_FACE ( 'NONE', ( #1170 ), #2190, .T. ) ;
#673 = ORIENTED_EDGE ( 'NONE', *, *, #2000, .F. ) ;
#674 = ORIENTED_EDGE ( 'NONE', *, *, #2351, .T. ) ;
#675 = CARTESIAN_POINT ( 'NONE',  ( 1500.984812422018877, 363.1728227475088033, 1.500000000000000000 ) ) ;
#676 = DIRECTION ( 'NONE',  ( 0.000000000000000000, 0.000000000000000000, 1.000000000000000000 ) ) ;
#677 = CIRCLE ( 'NONE', #1967, 0.4999999999999449329 ) ;
#678 = ORIENTED_EDGE ( 'NONE', *, *, #2759, .F. ) ;
#679 = VERTEX_POINT ( 'NONE', #2763 ) ;
#680 = CARTESIAN_POINT ( 'NONE',  ( 1540.252988773426750, 362.6728227475086896, 0.000000000000000000 ) ) ;
#681 = CARTESIAN_POINT ( 'NONE',  ( 1546.106979003747028, 368.2728227475085987, 1.500000000000000000 ) ) ;
#682 = CARTESIAN_POINT ( 'NONE',  ( 1550.301300790906225, 352.8728227475089625, 1.500000000000000000 ) ) ;
#683 = ORIENTED_EDGE ( 'NONE', *, *, #1020, .T. ) ;
#684 = CARTESIAN_POINT ( 'NONE',  ( 1555.918332092626542, 366.0228227475088829, 1.500000000000000000 ) ) ;
#685 = LINE ( 'NONE', #2192, #3234 ) ;
#686 = DIRECTION ( 'NONE',  ( 0.000000000000000000, 0.000000000000000000, 1.000000000000000000 ) ) ;
#687 = EDGE_CURVE ( 'NONE', #1434, #255, #1491, .T. ) ;
#688 = DIRECTION ( 'NONE',  ( 0.000000000000000000, 0.000000000000000000, 1.000000000000000000 ) ) ;
#689 = VERTEX_POINT ( 'NONE', #665 ) ;
#690 = EDGE_LOOP ( 'NONE', ( #1053, #1814, #778, #1333 ) ) ;
#691 = EDGE_CURVE ( 'NONE', #943, #1332, #701, .T. ) ;
#692 = CARTESIAN_POINT ( 'NONE',  ( 1513.118900597726906, 353.7728227475088261, 0.000000000000000000 ) ) ;
#693 = DIRECTION ( 'NONE',  ( 0.3420201433252804124, -0.9396926207860497593, 0.000000000000000000 ) ) ;
#694 = ORIENTED_EDGE ( 'NONE', *, *, #2866, .F. ) ;
#695 = EDGE_LOOP ( 'NONE', ( #2444, #2220, #1483, #1283 ) ) ;
#696 = ADVANCED_FACE ( 'NONE', ( #1691 ), #418, .T. ) ;
#697 = SURFACE_SIDE_STYLE ('',( #3249 ) ) ;
#698 = LINE ( 'NONE', #162, #771 ) ;
#699 = APPLICATION_PROTOCOL_DEFINITION ( 'draft international standard', 'automotive_design', 1998, #3115 ) ;
#700 = DIRECTION ( 'NONE',  ( -0.000000000000000000, 0.000000000000000000, -1.000000000000000000 ) ) ;
#701 = LINE ( 'NONE', #684, #3168 ) ;
#702 = CARTESIAN_POINT ( 'NONE',  ( 1495.130822191726566, 368.7728227475088261, 1.500000000000000000 ) ) ;
#703 = VECTOR ( 'NONE', #2335, 1000.000000000000000 ) ;
#704 = FACE_OUTER_BOUND ( 'NONE', #690, .T. ) ;
#705 = DIRECTION ( 'NONE',  ( 0.000000000000000000, 0.000000000000000000, 1.000000000000000000 ) ) ;
#706 = VECTOR ( 'NONE', #1916, 1000.000000000000000 ) ;
#707 = EDGE_CURVE ( 'NONE', #2330, #2155, #3267, .T. ) ;
#708 = ORIENTED_EDGE ( 'NONE', *, *, #300, .T. ) ;
#709 = CARTESIAN_POINT ( 'NONE',  ( 1502.358319245226539, 362.6728227475086896, 1.500000000000000000 ) ) ;
#710 = DIRECTION ( 'NONE',  ( -0.000000000000000000, -0.000000000000000000, -1.000000000000000000 ) ) ;
#711 = EDGE_CURVE ( 'NONE', #2962, #3214, #1962, .T. ) ;
#712 = EDGE_LOOP ( 'NONE', ( #2197, #2119, #2666, #2006 ) ) ;
#713 = VERTEX_POINT ( 'NONE', #1756 ) ;
#714 = PLANE ( 'NONE',  #562 ) ;
#715 = EDGE_CURVE ( 'NONE', #2325, #1445, #2636, .T. ) ;
#716 = PLANE ( 'NONE',  #3252 ) ;
#717 = CARTESIAN_POINT ( 'NONE',  ( 1484.886456400926363, 366.2728227475090534, 0.000000000000000000 ) ) ;
#718 = FACE_OUTER_BOUND ( 'NONE', #2536, .T. ) ;
#719 = DIRECTION ( 'NONE',  ( 0.000000000000000000, -1.000000000000000000, 0.000000000000000000 ) ) ;
#720 = FACE_OUTER_BOUND ( 'NONE', #2829, .T. ) ;
#721 = ORIENTED_EDGE ( 'NONE', *, *, #1635, .T. ) ;
#722 = CARTESIAN_POINT ( 'NONE',  ( 1510.618900597726679, 346.4067973436958709, 1.500000000000000000 ) ) ;
#723 = LINE ( 'NONE', #2399, #860 ) ;
#724 = ORIENTED_EDGE ( 'NONE', *, *, #2886, .T. ) ;
#725 = ORIENTED_EDGE ( 'NONE', *, *, #563, .F. ) ;
#726 = EDGE_CURVE ( 'NONE', #3174, #2383, #1892, .T. ) ;
#727 = CARTESIAN_POINT ( 'NONE',  ( 1530.185887895826454, 366.3888481513088209, 1.500000000000000000 ) ) ;
#728 = ADVANCED_FACE ( 'NONE', ( #71 ), #841, .F. ) ;
#729 = VECTOR ( 'NONE', #3055, 1000.000000000000000 ) ;
#730 = CARTESIAN_POINT ( 'NONE',  ( 1530.118900597726679, 360.7728227475088261, 1.500000000000000000 ) ) ;
#731 = CARTESIAN_POINT ( 'NONE',  ( 1551.674807614034535, 352.8728227475089056, 0.000000000000000000 ) ) ;
#732 = ADVANCED_FACE ( 'NONE', ( #1045 ), #542, .T. ) ;
#733 = DIRECTION ( 'NONE',  ( 0.000000000000000000, -0.000000000000000000, -1.000000000000000000 ) ) ;
#734 = VECTOR ( 'NONE', #1392, 1000.000000000000114 ) ;
#735 = PLANE ( 'NONE',  #798 ) ;
#736 = LINE ( 'NONE', #19, #1253 ) ;
#737 = ORIENTED_EDGE ( 'NONE', *, *, #1653, .T. ) ;
#738 = DIRECTION ( 'NONE',  ( 1.000000000000000000, 0.000000000000000000, 0.000000000000000000 ) ) ;
#739 = FACE_OUTER_BOUND ( 'NONE', #809, .T. ) ;
#740 = ORIENTED_EDGE ( 'NONE', *, *, #2886, .F. ) ;
#741 = VERTEX_POINT ( 'NONE', #339 ) ;
#742 = CARTESIAN_POINT ( 'NONE',  ( 1489.129980879426512, 353.1228227475089625, 1.500000000000000000 ) ) ;
#743 = AXIS2_PLACEMENT_3D ( 'NONE', #1106, #605, #1173 ) ;
#744 = SHAPE_DEFINITION_REPRESENTATION ( #1533, #1905 ) ;
#745 = CARTESIAN_POINT ( 'NONE',  ( 1497.318638212626638, 368.5228227475088829, 1.500000000000000000 ) ) ;
#746 = EDGE_CURVE ( 'NONE', #2475, #2469, #1622, .T. ) ;
#747 = AXIS2_PLACEMENT_3D ( 'NONE', #1443, #202, #3286 ) ;
#748 = FACE_OUTER_BOUND ( 'NONE', #2913, .T. ) ;
#749 = VERTEX_POINT ( 'NONE', #2388 ) ;
#750 = AXIS2_PLACEMENT_3D ( 'NONE', #1298, #61, #45 ) ;
#751 = CYLINDRICAL_SURFACE ( 'NONE', #747, 0.4999999999999449329 ) ;
#752 = DIRECTION ( 'NONE',  ( -0.000000000000000000, -0.000000000000000000, -1.000000000000000000 ) ) ;
#753 = EDGE_CURVE ( 'NONE', #1745, #1793, #2132, .T. ) ;
#754 = ORIENTED_EDGE ( 'NONE', *, *, #422, .T. ) ;
#755 = DIRECTION ( 'NONE',  ( 0.000000000000000000, 0.000000000000000000, 1.000000000000000000 ) ) ;
#756 = CARTESIAN_POINT ( 'NONE',  ( 1502.358319245226539, 362.6728227475086896, 0.000000000000000000 ) ) ;
#757 = ORIENTED_EDGE ( 'NONE', *, *, #3105, .F. ) ;
#758 = VERTEX_POINT ( 'NONE', #2873 ) ;
#759 = FACE_OUTER_BOUND ( 'NONE', #3057, .T. ) ;
#760 = AXIS2_PLACEMENT_3D ( 'NONE', #2075, #2847, #115 ) ;
#761 = UNCERTAINTY_MEASURE_WITH_UNIT (LENGTH_MEASURE( 1.000000000000000082E-05 ), #2660, 'distance_accuracy_value', 'NONE');
#762 = AXIS2_PLACEMENT_3D ( 'NONE', #1440, #2463, #2209 ) ;
#763 = EDGE_LOOP ( 'NONE', ( #411, #1303, #1799, #2826 ) ) ;
#764 = DIRECTION ( 'NONE',  ( 0.000000000000000000, 0.000000000000000000, 1.000000000000000000 ) ) ;
#765 = VECTOR ( 'NONE', #186, 1000.000000000000000 ) ;
#766 = FACE_OUTER_BOUND ( 'NONE', #1585, .T. ) ;
#767 = ORIENTED_EDGE ( 'NONE', *, *, #1741, .F. ) ;
#768 = EDGE_CURVE ( 'NONE', #368, #749, #2068, .T. ) ;
#769 = LINE ( 'NONE', #2802, #3131 ) ;
#770 = VERTEX_POINT ( 'NONE', #1866 ) ;
#771 = VECTOR ( 'NONE', #1419, 1000.000000000000000 ) ;
#772 = DIRECTION ( 'NONE',  ( 0.000000000000000000, -0.000000000000000000, -1.000000000000000000 ) ) ;
#773 = EDGE_CURVE ( 'NONE', #294, #575, #869, .T. ) ;
#774 = PLANE ( 'NONE',  #1127 ) ;
#775 = VERTEX_POINT ( 'NONE', #3123 ) ;
#776 = ORIENTED_EDGE ( 'NONE', *, *, #1880, .T. ) ;
#777 = DIRECTION ( 'NONE',  ( 0.000000000000000000, 0.000000000000000000, 1.000000000000000000 ) ) ;
#778 = ORIENTED_EDGE ( 'NONE', *, *, #2408, .F. ) ;
#779 = DIRECTION ( 'NONE',  ( -0.8660254037819011819, 0.5000000000043952619, 0.000000000000000000 ) ) ;
#780 = CARTESIAN_POINT ( 'NONE',  ( 1550.301300790826645, 359.1728227475087465, 1.500000000000000000 ) ) ;
#781 = ORIENTED_EDGE ( 'NONE', *, *, #361, .T. ) ;
#782 = DIRECTION ( 'NONE',  ( 0.000000000000000000, 0.000000000000000000, 1.000000000000000000 ) ) ;
#783 = VERTEX_POINT ( 'NONE', #1615 ) ;
#784 = EDGE_CURVE ( 'NONE', #2338, #2145, #2603, .T. ) ;
#785 = CYLINDRICAL_SURFACE ( 'NONE', #1156, 0.4999999999999449329 ) ;
#786 = DIRECTION ( 'NONE',  ( -0.000000000000000000, -0.000000000000000000, -1.000000000000000000 ) ) ;
#787 = ADVANCED_FACE ( 'NONE', ( #823 ), #1850, .F. ) ;
#788 = ORIENTED_EDGE ( 'NONE', *, *, #571, .F. ) ;
#789 = DIRECTION ( 'NONE',  ( 1.000000000000000000, 0.000000000000000000, 0.000000000000000000 ) ) ;
#790 = DIRECTION ( 'NONE',  ( 0.000000000000000000, 0.000000000000000000, 1.000000000000000000 ) ) ;
#791 = EDGE_CURVE ( 'NONE', #126, #2067, #1030, .T. ) ;
#792 = ORIENTED_EDGE ( 'NONE', *, *, #753, .T. ) ;
#793 = ORIENTED_EDGE ( 'NONE', *, *, #746, .T. ) ;
#794 = CARTESIAN_POINT ( 'NONE',  ( 1558.962669659926860, 346.7728227475088261, 0.000000000000000000 ) ) ;
#795 = CIRCLE ( 'NONE', #1228, 0.5000000000001669775 ) ;
#796 = LINE ( 'NONE', #2363, #2912 ) ;
#797 = ORIENTED_EDGE ( 'NONE', *, *, #1897, .F. ) ;
#798 = AXIS2_PLACEMENT_3D ( 'NONE', #1759, #2782, #2546 ) ;
#799 = DIRECTION ( 'NONE',  ( 0.000000000000000000, 0.000000000000000000, 1.000000000000000000 ) ) ;
#800 = ORIENTED_EDGE ( 'NONE', *, *, #1259, .F. ) ;
#801 = CARTESIAN_POINT ( 'NONE',  ( 1558.962669659926632, 366.2728227475088261, 1.500000000000000000 ) ) ;
#802 = LINE ( 'NONE', #588, #1722 ) ;
#803 = ORIENTED_EDGE ( 'NONE', *, *, #2952, .T. ) ;
#804 = AXIS2_PLACEMENT_3D ( 'NONE', #2035, #2806, #525 ) ;
#805 = CARTESIAN_POINT ( 'NONE',  ( 1500.984812422026607, 362.6728227475086896, 1.500000000000000000 ) ) ;
#806 = CARTESIAN_POINT ( 'NONE',  ( 1555.918332092626770, 346.5228227475085987, 1.500000000000000000 ) ) ;
#807 = ADVANCED_FACE ( 'NONE', ( #1830 ), #2567, .F. ) ;
#808 = VERTEX_POINT ( 'NONE', #2854 ) ;
#809 = EDGE_LOOP ( 'NONE', ( #884, #600, #923, #1776 ) ) ;
#810 = FACE_OUTER_BOUND ( 'NONE', #826, .T. ) ;
#811 = EDGE_CURVE ( 'NONE', #2686, #1019, #1296, .T. ) ;
#812 = LINE ( 'NONE', #2073, #1033 ) ;
#813 = VECTOR ( 'NONE', #2411, 999.9999999999998863 ) ;
#814 = VERTEX_POINT ( 'NONE', #2322 ) ;
#815 = EDGE_CURVE ( 'NONE', #2325, #2566, #1346, .T. ) ;
#816 = DIRECTION ( 'NONE',  ( -1.000000000000000000, 0.000000000000000000, 0.000000000000000000 ) ) ;
#817 = ORIENTED_EDGE ( 'NONE', *, *, #2397, .T. ) ;
#818 = LINE ( 'NONE', #3101, #2620 ) ;
#819 = VECTOR ( 'NONE', #3266, 1000.000000000000000 ) ;
#820 = LINE ( 'NONE', #1581, #1075 ) ;
#821 = AXIS2_PLACEMENT_3D ( 'NONE', #1752, #90, #2911 ) ;
#822 = VERTEX_POINT ( 'NONE', #2081 ) ;
#823 = FACE_OUTER_BOUND ( 'NONE', #712, .T. ) ;
#824 = FACE_OUTER_BOUND ( 'NONE', #1826, .T. ) ;
#825 = AXIS2_PLACEMENT_3D ( 'NONE', #2562, #1286, #3288 ) ;
#826 = EDGE_LOOP ( 'NONE', ( #2315, #2289, #443, #2898 ) ) ;
#827 = ORIENTED_EDGE ( 'NONE', *, *, #2187, .T. ) ;
#828 = CARTESIAN_POINT ( 'NONE',  ( 1506.188670798126623, 371.2728227475089966, 1.500000000000000000 ) ) ;
#829 = EDGE_CURVE ( 'NONE', #2624, #1010, #41, .T. ) ;
#830 = CIRCLE ( 'NONE', #1531, 0.5000000000001669775 ) ;
#831 = CARTESIAN_POINT ( 'NONE',  ( 1489.129980879426512, 359.4228227475086896, 0.000000000000000000 ) ) ;
#832 = EDGE_LOOP ( 'NONE', ( #2367, #2993, #1214, #1667 ) ) ;
#833 = EDGE_CURVE ( 'NONE', #434, #3278, #355, .T. ) ;
#834 = AXIS2_PLACEMENT_3D ( 'NONE', #3281, #984, #3300 ) ;
#835 = CARTESIAN_POINT ( 'NONE',  ( 1513.118900597726906, 358.7728227475088261, 1.500000000000000000 ) ) ;
#836 = ORIENTED_EDGE ( 'NONE', *, *, #2099, .T. ) ;
#837 = LINE ( 'NONE', #1309, #484 ) ;
#838 = DIRECTION ( 'NONE',  ( -0.000000000000000000, -0.000000000000000000, -1.000000000000000000 ) ) ;
#839 = DIRECTION ( 'NONE',  ( 0.000000000000000000, 0.000000000000000000, 1.000000000000000000 ) ) ;
#840 = ORIENTED_EDGE ( 'NONE', *, *, #3068, .F. ) ;
#841 = CYLINDRICAL_SURFACE ( 'NONE', #3066, 0.5000000000001669775 ) ;
#842 = CARTESIAN_POINT ( 'NONE',  ( 1511.118900597726906, 366.1388481513088209, 0.000000000000000000 ) ) ;
#843 = ORIENTED_EDGE ( 'NONE', *, *, #2500, .F. ) ;
#844 = EDGE_LOOP ( 'NONE', ( #2976, #1907, #310, #817 ) ) ;
#845 = ORIENTED_EDGE ( 'NONE', *, *, #1859, .F. ) ;
#846 = DIRECTION ( 'NONE',  ( 1.000000000000000000, 0.000000000000000000, 0.000000000000000000 ) ) ;
#847 = VECTOR ( 'NONE', #3182, 1000.000000000000114 ) ;
#848 = DIRECTION ( 'NONE',  ( 1.000000000000000000, 0.000000000000000000, 0.000000000000000000 ) ) ;
#849 = ORIENTED_EDGE ( 'NONE', *, *, #876, .F. ) ;
#850 = AXIS2_PLACEMENT_3D ( 'NONE', #375, #1401, #2153 ) ;
#851 = DIRECTION ( 'NONE',  ( 0.000000000000000000, 1.000000000000000000, 0.000000000000000000 ) ) ;
#852 = ORIENTED_EDGE ( 'NONE', *, *, #1841, .T. ) ;
#853 = LINE ( 'NONE', #101, #433 ) ;
#854 = CARTESIAN_POINT ( 'NONE',  ( 1546.106979003726565, 368.7728227475088261, 1.500000000000000000 ) ) ;
#855 = VECTOR ( 'NONE', #1966, 1000.000000000000000 ) ;
#856 = ORIENTED_EDGE ( 'NONE', *, *, #583, .T. ) ;
#857 = DIRECTION ( 'NONE',  ( -0.000000000000000000, -0.000000000000000000, -1.000000000000000000 ) ) ;
#858 = VECTOR ( 'NONE', #3215, 1000.000000000000000 ) ;
#859 = DIRECTION ( 'NONE',  ( 0.000000000000000000, 0.000000000000000000, 1.000000000000000000 ) ) ;
#860 = VECTOR ( 'NONE', #873, 1000.000000000000114 ) ;
#861 = VERTEX_POINT ( 'NONE', #1378 ) ;
#862 = ORIENTED_EDGE ( 'NONE', *, *, #1983, .F. ) ;
#863 = DIRECTION ( 'NONE',  ( 0.000000000000000000, 0.000000000000000000, 1.000000000000000000 ) ) ;
#864 = AXIS2_PLACEMENT_3D ( 'NONE', #1995, #2445, #2511 ) ;
#865 = DIRECTION ( 'NONE',  ( -0.000000000000000000, -0.000000000000000000, -1.000000000000000000 ) ) ;
#866 = EDGE_LOOP ( 'NONE', ( #1735, #1869, #900, #2707 ) ) ;
#867 = VECTOR ( 'NONE', #1461, 1000.000000000000000 ) ;
#868 = DIRECTION ( 'NONE',  ( -1.000000000000000000, 0.000000000000000000, 0.000000000000000000 ) ) ;
#869 = CIRCLE ( 'NONE', #2910, 0.4999999999999449329 ) ;
#870 = EDGE_CURVE ( 'NONE', #1556, #1540, #2453, .T. ) ;
#871 = AXIS2_PLACEMENT_3D ( 'NONE', #3147, #3080, #1805 ) ;
#872 = LINE ( 'NONE', #1914, #1931 ) ;
#873 = DIRECTION ( 'NONE',  ( 0.5000000000092499342, -0.8660254037790982018, 0.000000000000000000 ) ) ;
#874 = LINE ( 'NONE', #1883, #2176 ) ;
#875 = ORIENTED_EDGE ( 'NONE', *, *, #2761, .F. ) ;
#876 = EDGE_CURVE ( 'NONE', #655, #1434, #2402, .T. ) ;
#877 = CARTESIAN_POINT ( 'NONE',  ( 1559.462669659926860, 346.7728227475085987, 1.500000000000000000 ) ) ;
#878 = CARTESIAN_POINT ( 'NONE',  ( 1540.686001475326520, 349.6228227475089625, 1.500000000000000000 ) ) ;
#879 = ORIENTED_EDGE ( 'NONE', *, *, #2705, .F. ) ;
#880 = ORIENTED_EDGE ( 'NONE', *, *, #1403, .F. ) ;
#881 = CYLINDRICAL_SURFACE ( 'NONE', #1607, 0.4999999999999449329 ) ;
#882 = AXIS2_PLACEMENT_3D ( 'NONE', #1209, #1968, #2699 ) ;
#883 = LINE ( 'NONE', #2425, #847 ) ;
#884 = ORIENTED_EDGE ( 'NONE', *, *, #2095, .F. ) ;
#885 = DIRECTION ( 'NONE',  ( 1.000000000000000000, 0.000000000000000000, 0.000000000000000000 ) ) ;
#886 = CARTESIAN_POINT ( 'NONE',  ( 1546.576825314126609, 368.4438328192086942, 1.500000000000000000 ) ) ;
#887 = CARTESIAN_POINT ( 'NONE',  ( 1496.885625510726641, 343.7728227475087692, 1.500000000000000000 ) ) ;
#888 = AXIS2_PLACEMENT_3D ( 'NONE', #1497, #2550, #444 ) ;
#889 = CARTESIAN_POINT ( 'NONE',  ( 1494.660975881326522, 368.4438328192086942, 1.500000000000000000 ) ) ;
#890 = EDGE_CURVE ( 'NONE', #1069, #2118, #830, .T. ) ;
#891 = ORIENTED_EDGE ( 'NONE', *, *, #630, .F. ) ;
#892 = DIRECTION ( 'NONE',  ( -0.000000000000000000, -0.000000000000000000, -1.000000000000000000 ) ) ;
#893 = CARTESIAN_POINT ( 'NONE',  ( 1532.861314376326618, 371.0228227475088261, 1.500000000000000000 ) ) ;
#894 = AXIS2_PLACEMENT_3D ( 'NONE', #1165, #3198, #897 ) ;
#895 = ORIENTED_EDGE ( 'NONE', *, *, #1386, .T. ) ;
#896 = ORIENTED_EDGE ( 'NONE', *, *, #773, .T. ) ;
#897 = DIRECTION ( 'NONE',  ( 1.000000000000000000, 0.000000000000000000, 0.000000000000000000 ) ) ;
#898 = ADVANCED_FACE ( 'NONE', ( #1176 ), #2471, .T. ) ;
#899 = DIRECTION ( 'NONE',  ( -0.5000000000047731818, 0.8660254037816828010, 0.000000000000000000 ) ) ;
#900 = ORIENTED_EDGE ( 'NONE', *, *, #2941, .T. ) ;
#901 = CARTESIAN_POINT ( 'NONE',  ( 1502.358319245226539, 349.8728227475089625, 1.500000000000000000 ) ) ;
#902 = LINE ( 'NONE', #3204, #3219 ) ;
#903 = DIRECTION ( 'NONE',  ( -1.000000000000000000, 0.000000000000000000, 0.000000000000000000 ) ) ;
#904 = AXIS2_PLACEMENT_3D ( 'NONE', #350, #382, #2398 ) ;
#905 = DIRECTION ( 'NONE',  ( 1.000000000000000000, 0.000000000000000000, 0.000000000000000000 ) ) ;
#906 = ORIENTED_EDGE ( 'NONE', *, *, #2307, .T. ) ;
#907 = CARTESIAN_POINT ( 'NONE',  ( 1496.885625510734371, 344.2728227475088261, 1.500000000000000000 ) ) ;
#908 = CARTESIAN_POINT ( 'NONE',  ( 1506.188670798126623, 371.2728227475089966, 1.500000000000000000 ) ) ;
#909 = VECTOR ( 'NONE', #1358, 1000.000000000000000 ) ;
#910 = VERTEX_POINT ( 'NONE', #1447 ) ;
#911 = ORIENTED_EDGE ( 'NONE', *, *, #1699, .F. ) ;
#912 = CARTESIAN_POINT ( 'NONE',  ( 1495.130822191726566, 368.7728227475088261, 1.500000000000000000 ) ) ;
#913 = EDGE_CURVE ( 'NONE', #2280, #1823, #174, .T. ) ;
#914 = CARTESIAN_POINT ( 'NONE',  ( 1558.962669659926632, 366.2728227475088261, 1.500000000000000000 ) ) ;
#915 = DIRECTION ( 'NONE',  ( -1.000000000000000000, 0.000000000000000000, 0.000000000000000000 ) ) ;
#916 = ORIENTED_EDGE ( 'NONE', *, *, #2952, .F. ) ;
#917 = VECTOR ( 'NONE', #512, 1000.000000000000000 ) ;
#918 = DIRECTION ( 'NONE',  ( -0.000000000000000000, -0.000000000000000000, -1.000000000000000000 ) ) ;
#919 = EDGE_CURVE ( 'NONE', #2201, #1458, #123, .T. ) ;
#920 = DIRECTION ( 'NONE',  ( 1.000000000000000000, 0.000000000000000000, 0.000000000000000000 ) ) ;
#921 = DIRECTION ( 'NONE',  ( 0.000000000000000000, 0.000000000000000000, 1.000000000000000000 ) ) ;
#922 = DIRECTION ( 'NONE',  ( -0.000000000000000000, -0.000000000000000000, -1.000000000000000000 ) ) ;
#923 = ORIENTED_EDGE ( 'NONE', *, *, #3176, .T. ) ;
#924 = VECTOR ( 'NONE', #3305, 1000.000000000000114 ) ;
#925 = ORIENTED_EDGE ( 'NONE', *, *, #155, .F. ) ;
#926 = CARTESIAN_POINT ( 'NONE',  ( 1544.352175684618715, 368.2728227475090534, 1.500000000000000000 ) ) ;
#927 = CARTESIAN_POINT ( 'NONE',  ( 1506.188670798105932, 370.7728227475090534, 1.500000000000000000 ) ) ;
#928 = VERTEX_POINT ( 'NONE', #1125 ) ;
#929 = ORIENTED_EDGE ( 'NONE', *, *, #486, .T. ) ;
#930 = DIRECTION ( 'NONE',  ( -0.000000000000000000, -0.000000000000000000, -1.000000000000000000 ) ) ;
#931 = CARTESIAN_POINT ( 'NONE',  ( 1543.919162982726448, 344.0228227475088261, 1.500000000000000000 ) ) ;
#932 = VECTOR ( 'NONE', #1469, 1000.000000000000114 ) ;
#933 = DIRECTION ( 'NONE',  ( 1.000000000000000000, 0.000000000000000000, 0.000000000000000000 ) ) ;
#934 = ORIENTED_EDGE ( 'NONE', *, *, #467, .T. ) ;
#935 = ADVANCED_FACE ( 'NONE', ( #387 ), #609, .F. ) ;
#936 = CARTESIAN_POINT ( 'NONE',  ( 1481.775131535526725, 346.7728227475088261, 1.500000000000000000 ) ) ;
#937 = CARTESIAN_POINT ( 'NONE',  ( 1506.188670798105932, 370.7728227475090534, 0.000000000000000000 ) ) ;
#938 = EDGE_CURVE ( 'NONE', #2576, #1260, #3175, .T. ) ;
#939 = CARTESIAN_POINT ( 'NONE',  ( 1538.879481950226818, 349.8728227475089625, 1.500000000000000000 ) ) ;
#940 = DIRECTION ( 'NONE',  ( -1.000000000000000000, 0.000000000000000000, 0.000000000000000000 ) ) ;
#941 = EDGE_CURVE ( 'NONE', #822, #1696, #2544, .T. ) ;
#942 = ORIENTED_EDGE ( 'NONE', *, *, #1054, .F. ) ;
#943 = VERTEX_POINT ( 'NONE', #2960 ) ;
#944 = CARTESIAN_POINT ( 'NONE',  ( 1549.831454480526645, 353.0438328192087738, 0.000000000000000000 ) ) ;
#945 = CYLINDRICAL_SURFACE ( 'NONE', #2324, 0.4999999999999449329 ) ;
#946 = VECTOR ( 'NONE', #259, 1000.000000000000000 ) ;
#947 = VERTEX_POINT ( 'NONE', #656 ) ;
#948 = ORIENTED_EDGE ( 'NONE', *, *, #119, .T. ) ;
#949 = SURFACE_STYLE_USAGE ( .BOTH. , #697 ) ;
#950 = LINE ( 'NONE', #468, #188 ) ;
#951 =( NAMED_UNIT ( * ) PLANE_ANGLE_UNIT ( ) SI_UNIT ( $, .RADIAN. ) );
#952 = PLANE ( 'NONE',  #1327 ) ;
#953 = CARTESIAN_POINT ( 'NONE',  ( 1505.718824487726579, 370.9438328192089216, 0.000000000000000000 ) ) ;
#954 = CARTESIAN_POINT ( 'NONE',  ( 1544.352175684626900, 343.7728227475088261, 1.500000000000000000 ) ) ;
#955 = CYLINDRICAL_SURFACE ( 'NONE', #2087, 0.4999999999999449329 ) ;
#956 = EDGE_CURVE ( 'NONE', #1865, #107, #2909, .T. ) ;
#957 = LINE ( 'NONE', #2975, #496 ) ;
#958 = AXIS2_PLACEMENT_3D ( 'NONE', #663, #1960, #1640 ) ;
#959 = ORIENTED_EDGE ( 'NONE', *, *, #974, .F. ) ;
#960 = CARTESIAN_POINT ( 'NONE',  ( 1494.660975881326522, 344.1018126759089455, 1.500000000000000000 ) ) ;
#961 = ADVANCED_FACE ( 'NONE', ( #1142 ), #2703, .T. ) ;
#962 = CARTESIAN_POINT ( 'NONE',  ( 1494.660975881326522, 368.4438328192086942, 0.000000000000000000 ) ) ;
#963 = ORIENTED_EDGE ( 'NONE', *, *, #2789, .T. ) ;
#964 = ORIENTED_EDGE ( 'NONE', *, *, #2410, .T. ) ;
#965 = FACE_OUTER_BOUND ( 'NONE', #695, .T. ) ;
#966 = CARTESIAN_POINT ( 'NONE',  ( 0.000000000000000000, 0.000000000000000000, 0.000000000000000000 ) ) ;
#967 = FACE_OUTER_BOUND ( 'NONE', #91, .T. ) ;
#968 = CARTESIAN_POINT ( 'NONE',  ( 1482.275131535526725, 366.2728227475088261, 1.500000000000000000 ) ) ;
#969 = LINE ( 'NONE', #1002, #2154 ) ;
#970 = VECTOR ( 'NONE', #1122, 1000.000000000000000 ) ;
#971 = CARTESIAN_POINT ( 'NONE',  ( 1558.962669659926632, 346.2728227475088261, 1.500000000000000000 ) ) ;
#972 = AXIS2_PLACEMENT_3D ( 'NONE', #1218, #1205, #2693 ) ;
#973 = CARTESIAN_POINT ( 'NONE',  ( 1549.831454480526645, 353.0438328192087738, 1.500000000000000000 ) ) ;
#974 = EDGE_CURVE ( 'NONE', #3040, #2605, #671, .T. ) ;
#975 = ORIENTED_EDGE ( 'NONE', *, *, #2232, .F. ) ;
#976 = EDGE_CURVE ( 'NONE', #1690, #255, #993, .T. ) ;
#977 = DIRECTION ( 'NONE',  ( -0.000000000000000000, -0.000000000000000000, -1.000000000000000000 ) ) ;
#978 = DIRECTION ( 'NONE',  ( 1.000000000000000000, 0.000000000000000000, 0.000000000000000000 ) ) ;
#979 = ADVANCED_FACE ( 'NONE', ( #640 ), #2435, .T. ) ;
#980 = VERTEX_POINT ( 'NONE', #2419 ) ;
#981 = EDGE_LOOP ( 'NONE', ( #934, #546, #3065, #2545 ) ) ;
#982 = CYLINDRICAL_SURFACE ( 'NONE', #1579, 0.4999999999999449329 ) ;
#983 = VECTOR ( 'NONE', #1855, 1000.000000000000000 ) ;
#984 = DIRECTION ( 'NONE',  ( -0.000000000000000000, -0.000000000000000000, -1.000000000000000000 ) ) ;
#985 = CYLINDRICAL_SURFACE ( 'NONE', #3013, 0.4999999999999449329 ) ;
#986 = AXIS2_PLACEMENT_3D ( 'NONE', #2961, #2235, #3261 ) ;
#987 = LINE ( 'NONE', #1235, #2580 ) ;
#988 = DIRECTION ( 'NONE',  ( -1.000000000000000000, -1.581691538506154777E-13, 0.000000000000000000 ) ) ;
#989 = CIRCLE ( 'NONE', #667, 0.4999999999999449329 ) ;
#990 = LINE ( 'NONE', #218, #3282 ) ;
#991 = ORIENTED_EDGE ( 'NONE', *, *, #768, .T. ) ;
#992 = DIRECTION ( 'NONE',  ( -1.000000000000000000, 0.000000000000000000, 0.000000000000000000 ) ) ;
#993 = CIRCLE ( 'NONE', #2438, 0.5000000000001669775 ) ;
#994 = DIRECTION ( 'NONE',  ( 0.8660254037790982018, 0.5000000000092499342, -0.000000000000000000 ) ) ;
#995 = APPLICATION_CONTEXT ( 'automotive_design' ) ;
#996 = ORIENTED_EDGE ( 'NONE', *, *, #1157, .T. ) ;
#997 = ORIENTED_EDGE ( 'NONE', *, *, #2954, .F. ) ;
#998 = DIRECTION ( 'NONE',  ( 1.000000000000000000, 0.000000000000000000, -0.000000000000000000 ) ) ;
#999 = PRODUCT_CONTEXT ( 'NONE', #995, 'mechanical' ) ;
#1000 = CARTESIAN_POINT ( 'NONE',  ( 1550.301300790942605, 359.6728227475087465, 0.000000000000000000 ) ) ;
#1001 = EDGE_CURVE ( 'NONE', #2247, #1549, #3192, .T. ) ;
#1002 = CARTESIAN_POINT ( 'NONE',  ( 1502.358319245226539, 349.8728227475090193, 1.500000000000000000 ) ) ;
#1003 = AXIS2_PLACEMENT_3D ( 'NONE', #2947, #839, #138 ) ;
#1004 = ORIENTED_EDGE ( 'NONE', *, *, #2844, .T. ) ;
#1005 = CARTESIAN_POINT ( 'NONE',  ( 1540.252988773426750, 349.8728227475090193, 0.000000000000000000 ) ) ;
#1006 = DIRECTION ( 'NONE',  ( -1.000000000000000000, 0.000000000000000000, 0.000000000000000000 ) ) ;
#1007 = VERTEX_POINT ( 'NONE', #141 ) ;
#1008 = LINE ( 'NONE', #2034, #729 ) ;
#1009 = DIRECTION ( 'NONE',  ( -0.3420201433284436598, -0.9396926207848983470, 0.000000000000000000 ) ) ;
#1010 = VERTEX_POINT ( 'NONE', #2181 ) ;
#1011 = VERTEX_POINT ( 'NONE', #1485 ) ;
#1012 = AXIS2_PLACEMENT_3D ( 'NONE', #110, #1132, #933 ) ;
#1013 = DIRECTION ( 'NONE',  ( -0.5000000000047607474, -0.8660254037816901285, 0.000000000000000000 ) ) ;
#1014 = VERTEX_POINT ( 'NONE', #709 ) ;
#1015 = EDGE_CURVE ( 'NONE', #1763, #1884, #1423, .T. ) ;
#1016 = DIRECTION ( 'NONE',  ( -0.000000000000000000, -0.000000000000000000, -1.000000000000000000 ) ) ;
#1017 = AXIS2_PLACEMENT_3D ( 'NONE', #3223, #921, #365 ) ;
#1018 = LINE ( 'NONE', #1773, #553 ) ;
#1019 = VERTEX_POINT ( 'NONE', #944 ) ;
#1020 = EDGE_CURVE ( 'NONE', #783, #3143, #1746, .T. ) ;
#1021 = VECTOR ( 'NONE', #412, 1000.000000000000114 ) ;
#1022 = LINE ( 'NONE', #1225, #1464 ) ;
#1023 = ORIENTED_EDGE ( 'NONE', *, *, #2144, .F. ) ;
#1024 = DIRECTION ( 'NONE',  ( 0.000000000000000000, -1.000000000000000000, 0.000000000000000000 ) ) ;
#1025 = CARTESIAN_POINT ( 'NONE',  ( 1508.376486819026695, 371.0228227475088261, 1.500000000000000000 ) ) ;
#1026 = EDGE_LOOP ( 'NONE', ( #1590, #2030, #1175, #3030 ) ) ;
#1027 = EDGE_LOOP ( 'NONE', ( #1796, #1989, #3226, #449 ) ) ;
#1028 = DIRECTION ( 'NONE',  ( 1.000000000000000000, 0.000000000000000000, 0.000000000000000000 ) ) ;
#1029 = AXIS2_PLACEMENT_3D ( 'NONE', #649, #1676, #3222 ) ;
#1030 = CIRCLE ( 'NONE', #1465, 0.5000000000001669775 ) ;
#1031 = ORIENTED_EDGE ( 'NONE', *, *, #2104, .F. ) ;
#1032 = CARTESIAN_POINT ( 'NONE',  ( 1497.318638212626638, 344.0228227475088261, 1.500000000000000000 ) ) ;
#1033 = VECTOR ( 'NONE', #3096, 1000.000000000000000 ) ;
#1034 = CARTESIAN_POINT ( 'NONE',  ( 1482.275131535526725, 365.7728227475088261, 0.000000000000000000 ) ) ;
#1035 = EDGE_CURVE ( 'NONE', #2588, #183, #3010, .T. ) ;
#1036 = ORIENTED_EDGE ( 'NONE', *, *, #1264, .T. ) ;
#1037 = EDGE_CURVE ( 'NONE', #3159, #2462, #1642, .T. ) ;
#1038 = DIRECTION ( 'NONE',  ( 0.000000000000000000, 1.000000000000000000, 0.000000000000000000 ) ) ;
#1039 = ORIENTED_EDGE ( 'NONE', *, *, #453, .T. ) ;
#1040 = VECTOR ( 'NONE', #3017, 1000.000000000000000 ) ;
#1041 = CARTESIAN_POINT ( 'NONE',  ( 1482.275131535526725, 366.2728227475088261, 0.000000000000000000 ) ) ;
#1042 = CARTESIAN_POINT ( 'NONE',  ( 1528.118900597726679, 351.7728227475088261, 1.500000000000000000 ) ) ;
#1043 = ADVANCED_FACE ( 'NONE', ( #2771 ), #1764, .T. ) ;
#1044 = VERTEX_POINT ( 'NONE', #1240 ) ;
#1045 = FACE_OUTER_BOUND ( 'NONE', #329, .T. ) ;
#1046 = CARTESIAN_POINT ( 'NONE',  ( 1489.129980879426512, 353.1228227475089625, 1.500000000000000000 ) ) ;
#1047 = ORIENTED_EDGE ( 'NONE', *, *, #2933, .T. ) ;
#1048 = DIRECTION ( 'NONE',  ( 0.000000000000000000, 0.000000000000000000, 1.000000000000000000 ) ) ;
#1049 = AXIS2_PLACEMENT_3D ( 'NONE', #252, #2234, #2505 ) ;
#1050 = CARTESIAN_POINT ( 'NONE',  ( 1546.576825314126836, 344.1018126759086044, 1.500000000000000000 ) ) ;
#1051 = EDGE_LOOP ( 'NONE', ( #3078, #911, #856, #1985 ) ) ;
#1052 = DIRECTION ( 'NONE',  ( 1.000000000000000000, 0.000000000000000000, 0.000000000000000000 ) ) ;
#1053 = ORIENTED_EDGE ( 'NONE', *, *, #408, .T. ) ;
#1054 = EDGE_CURVE ( 'NONE', #1467, #1680, #2655, .T. ) ;
#1055 = CARTESIAN_POINT ( 'NONE',  ( 1502.358319245226539, 362.6728227475086896, 1.500000000000000000 ) ) ;
#1056 = CARTESIAN_POINT ( 'NONE',  ( 1513.118900597726906, 353.7728227475088261, 1.500000000000000000 ) ) ;
#1057 = ORIENTED_EDGE ( 'NONE', *, *, #2104, .T. ) ;
#1058 = EDGE_CURVE ( 'NONE', #775, #156, #1468, .T. ) ;
#1059 = CARTESIAN_POINT ( 'NONE',  ( 1482.275131535526725, 346.2728227475088261, 1.500000000000000000 ) ) ;
#1060 = LINE ( 'NONE', #742, #234 ) ;
#1061 = ORIENTED_EDGE ( 'NONE', *, *, #3176, .F. ) ;
#1062 = VERTEX_POINT ( 'NONE', #2248 ) ;
#1063 = DIRECTION ( 'NONE',  ( 0.5000000000047607474, 0.8660254037816901285, 0.000000000000000000 ) ) ;
#1064 = AXIS2_PLACEMENT_3D ( 'NONE', #22, #1024, #772 ) ;
#1065 = CARTESIAN_POINT ( 'NONE',  ( 1495.130822191726566, 368.7728227475088261, 0.000000000000000000 ) ) ;
#1066 = VERTEX_POINT ( 'NONE', #2218 ) ;
#1067 = AXIS2_PLACEMENT_3D ( 'NONE', #3045, #1801, #1503 ) ;
#1068 = CARTESIAN_POINT ( 'NONE',  ( 1551.674807614034535, 359.6728227475087465, 1.500000000000000000 ) ) ;
#1069 = VERTEX_POINT ( 'NONE', #2995 ) ;
#1070 = DIRECTION ( 'NONE',  ( 1.000000000000000000, 0.000000000000000000, 0.000000000000000000 ) ) ;
#1071 = LINE ( 'NONE', #1645, #703 ) ;
#1072 = EDGE_CURVE ( 'NONE', #3214, #2053, #3291, .T. ) ;
#1073 = EDGE_CURVE ( 'NONE', #1044, #3031, #3194, .T. ) ;
#1074 = ORIENTED_EDGE ( 'NONE', *, *, #515, .F. ) ;
#1075 = VECTOR ( 'NONE', #2600, 1000.000000000000000 ) ;
#1076 = CARTESIAN_POINT ( 'NONE',  ( 1530.618900597726679, 366.1388481513226338, 1.500000000000000000 ) ) ;
#1077 = CARTESIAN_POINT ( 'NONE',  ( 1500.984812422026607, 349.8728227475089625, 1.500000000000000000 ) ) ;
#1078 = ADVANCED_FACE ( 'NONE', ( #220 ), #3274, .F. ) ;
#1079 = ORIENTED_EDGE ( 'NONE', *, *, #1572, .T. ) ;
#1080 = VERTEX_POINT ( 'NONE', #1513 ) ;
#1081 = CARTESIAN_POINT ( 'NONE',  ( 1511.051913299626449, 366.3888481513088209, 0.000000000000000000 ) ) ;
#1082 = DIRECTION ( 'NONE',  ( 0.5000000000092499342, -0.8660254037790982018, 0.000000000000000000 ) ) ;
#1083 = AXIS2_PLACEMENT_3D ( 'NONE', #901, #1930, #2953 ) ;
#1084 = ORIENTED_EDGE ( 'NONE', *, *, #326, .F. ) ;
#1085 = CARTESIAN_POINT ( 'NONE',  ( 1533.294327078218885, 370.7728227475087692, 1.500000000000000000 ) ) ;
#1086 = ORIENTED_EDGE ( 'NONE', *, *, #2262, .T. ) ;
#1087 = DIRECTION ( 'NONE',  ( 0.000000000000000000, -0.000000000000000000, -1.000000000000000000 ) ) ;
#1088 = DIRECTION ( 'NONE',  ( 1.000000000000000000, 0.000000000000000000, 0.000000000000000000 ) ) ;
#1089 = VECTOR ( 'NONE', #2668, 1000.000000000000000 ) ;
#1090 = ORIENTED_EDGE ( 'NONE', *, *, #2659, .F. ) ;
#1091 = DIRECTION ( 'NONE',  ( -0.000000000000000000, -0.000000000000000000, -1.000000000000000000 ) ) ;
#1092 = DIRECTION ( 'NONE',  ( -0.000000000000000000, -0.000000000000000000, -1.000000000000000000 ) ) ;
#1093 = ORIENTED_EDGE ( 'NONE', *, *, #1554, .T. ) ;
#1094 = AXIS2_PLACEMENT_3D ( 'NONE', #1661, #403, #652 ) ;
#1095 = EDGE_CURVE ( 'NONE', #1865, #3174, #1731, .T. ) ;
#1096 = ORIENTED_EDGE ( 'NONE', *, *, #114, .T. ) ;
#1097 = EDGE_LOOP ( 'NONE', ( #2859, #2853, #2945, #1146 ) ) ;
#1098 = DIRECTION ( 'NONE',  ( -0.000000000000000000, -0.000000000000000000, -1.000000000000000000 ) ) ;
#1099 = AXIS2_PLACEMENT_3D ( 'NONE', #1431, #2979, #2926 ) ;
#1100 = CARTESIAN_POINT ( 'NONE',  ( 1533.294327078218885, 370.7728227475087692, 0.000000000000000000 ) ) ;
#1101 = ORIENTED_EDGE ( 'NONE', *, *, #1035, .T. ) ;
#1102 = ADVANCED_FACE ( 'NONE', ( #3027 ), #2533, .T. ) ;
#1103 = AXIS2_PLACEMENT_3D ( 'NONE', #2326, #2861, #29 ) ;
#1104 = CARTESIAN_POINT ( 'NONE',  ( 1535.518976707726551, 370.9438328192090921, 0.000000000000000000 ) ) ;
#1105 = VERTEX_POINT ( 'NONE', #237 ) ;
#1106 = CARTESIAN_POINT ( 'NONE',  ( 1510.618900597726679, 346.4067973436958709, 0.000000000000000000 ) ) ;
#1107 = CARTESIAN_POINT ( 'NONE',  ( 1543.919162982726448, 344.0228227475088261, 0.000000000000000000 ) ) ;
#1108 = DIRECTION ( 'NONE',  ( -0.4999999999928060324, 0.8660254037885921630, 0.000000000000000000 ) ) ;
#1109 = VERTEX_POINT ( 'NONE', #1256 ) ;
#1110 = DIRECTION ( 'NONE',  ( 1.000000000000000000, 0.000000000000000000, 0.000000000000000000 ) ) ;
#1111 = LINE ( 'NONE', #3177, #2107 ) ;
#1112 = ORIENTED_EDGE ( 'NONE', *, *, #58, .F. ) ;
#1113 = VERTEX_POINT ( 'NONE', #3308 ) ;
#1114 = ORIENTED_EDGE ( 'NONE', *, *, #1671, .F. ) ;
#1115 = CARTESIAN_POINT ( 'NONE',  ( 1535.049130397326280, 371.2728227475090534, 1.500000000000000000 ) ) ;
#1116 = PRODUCT_DEFINITION_FORMATION_WITH_SPECIFIED_SOURCE ( 'ANY', '', #2304, .NOT_KNOWN. ) ;
#1117 = EDGE_CURVE ( 'NONE', #514, #2675, #1008, .T. ) ;
#1118 = ORIENTED_EDGE ( 'NONE', *, *, #3189, .F. ) ;
#1119 = CARTESIAN_POINT ( 'NONE',  ( 1502.828165555626583, 363.0018126759086954, 1.500000000000000000 ) ) ;
#1120 = EDGE_CURVE ( 'NONE', #2841, #462, #1211, .T. ) ;
#1121 = CARTESIAN_POINT ( 'NONE',  ( 1490.936500404526669, 353.3728227475089056, 1.500000000000000000 ) ) ;
#1122 = DIRECTION ( 'NONE',  ( -0.000000000000000000, -0.000000000000000000, -1.000000000000000000 ) ) ;
#1123 = LINE ( 'NONE', #2130, #416 ) ;
#1124 = VERTEX_POINT ( 'NONE', #2804 ) ;
#1125 = CARTESIAN_POINT ( 'NONE',  ( 1528.118900597726679, 358.7728227475088261, 1.500000000000000000 ) ) ;
#1126 = PLANE ( 'NONE',  #1144 ) ;
#1127 = AXIS2_PLACEMENT_3D ( 'NONE', #5, #3309, #1782 ) ;
#1128 = ORIENTED_EDGE ( 'NONE', *, *, #3007, .F. ) ;
#1129 = ORIENTED_EDGE ( 'NONE', *, *, #1134, .F. ) ;
#1130 = DIRECTION ( 'NONE',  ( 0.000000000000000000, 0.000000000000000000, 1.000000000000000000 ) ) ;
#1131 = AXIS2_PLACEMENT_3D ( 'NONE', #1234, #150, #1460 ) ;
#1132 = DIRECTION ( 'NONE',  ( 0.000000000000000000, 0.000000000000000000, 1.000000000000000000 ) ) ;
#1133 = ORIENTED_EDGE ( 'NONE', *, *, #3258, .T. ) ;
#1134 = EDGE_CURVE ( 'NONE', #1164, #622, #1212, .T. ) ;
#1135 = AXIS2_PLACEMENT_3D ( 'NONE', #1441, #1206, #2227 ) ;
#1136 = CARTESIAN_POINT ( 'NONE',  ( 1555.918332092626770, 346.5228227475085987, 1.500000000000000000 ) ) ;
#1137 = VECTOR ( 'NONE', #79, 1000.000000000000000 ) ;
#1138 = LINE ( 'NONE', #1879, #2465 ) ;
#1139 = CARTESIAN_POINT ( 'NONE',  ( 1507.943474117134201, 370.7728227475086555, 0.000000000000000000 ) ) ;
#1140 = DIRECTION ( 'NONE',  ( -0.4999999999952401963, 0.8660254037871867316, 0.000000000000000000 ) ) ;
#1141 = VERTEX_POINT ( 'NONE', #960 ) ;
#1142 = FACE_OUTER_BOUND ( 'NONE', #3243, .T. ) ;
#1143 = ADVANCED_FACE ( 'NONE', ( #2884 ), #785, .F. ) ;
#1144 = AXIS2_PLACEMENT_3D ( 'NONE', #356, #577, #1145 ) ;
#1145 = DIRECTION ( 'NONE',  ( 0.4999999999928023131, 0.8660254037885941614, 0.000000000000000000 ) ) ;
#1146 = ORIENTED_EDGE ( 'NONE', *, *, #2862, .T. ) ;
#1147 = ORIENTED_EDGE ( 'NONE', *, *, #95, .F. ) ;
#1148 = LINE ( 'NONE', #392, #2627 ) ;
#1149 = CIRCLE ( 'NONE', #2542, 1.999999999999779732 ) ;
#1150 = DIRECTION ( 'NONE',  ( -1.000000000000000000, 0.000000000000000000, 0.000000000000000000 ) ) ;
#1151 = ORIENTED_EDGE ( 'NONE', *, *, #133, .F. ) ;
#1152 = CARTESIAN_POINT ( 'NONE',  ( 1490.936500404526669, 359.1728227475087465, 1.500000000000000000 ) ) ;
#1153 = EDGE_CURVE ( 'NONE', #1014, #1690, #1797, .T. ) ;
#1154 = CARTESIAN_POINT ( 'NONE',  ( 1494.660975881326522, 344.1018126759088318, 0.000000000000000000 ) ) ;
#1155 = DIRECTION ( 'NONE',  ( -1.000000000000000000, 0.000000000000000000, 0.000000000000000000 ) ) ;
#1156 = AXIS2_PLACEMENT_3D ( 'NONE', #3120, #2063, #2093 ) ;
#1157 = EDGE_CURVE ( 'NONE', #2675, #1889, #818, .T. ) ;
#1158 = CARTESIAN_POINT ( 'NONE',  ( 1530.618900597726679, 346.4067973436950751, 1.500000000000000000 ) ) ;
#1159 = ORIENTED_EDGE ( 'NONE', *, *, #938, .T. ) ;
#1160 = CARTESIAN_POINT ( 'NONE',  ( 1556.351344794526540, 366.2728227475087692, 1.500000000000000000 ) ) ;
#1161 = CARTESIAN_POINT ( 'NONE',  ( 1505.718824487726579, 341.6018126759088318, 1.500000000000000000 ) ) ;
#1162 = EDGE_CURVE ( 'NONE', #2201, #2522, #637, .T. ) ;
#1163 = EDGE_LOOP ( 'NONE', ( #3074, #1112, #2946, #2321 ) ) ;
#1164 = VERTEX_POINT ( 'NONE', #265 ) ;
#1165 = CARTESIAN_POINT ( 'NONE',  ( 1528.118900597726679, 360.7728227475088261, 1.500000000000000000 ) ) ;
#1166 = LINE ( 'NONE', #3032, #2163 ) ;
#1167 = LINE ( 'NONE', #2188, #1761 ) ;
#1168 = EDGE_CURVE ( 'NONE', #2330, #980, #795, .T. ) ;
#1169 = DIRECTION ( 'NONE',  ( 1.000000000000000000, 0.000000000000000000, 0.000000000000000000 ) ) ;
#1170 = FACE_OUTER_BOUND ( 'NONE', #2560, .T. ) ;
#1171 = DIRECTION ( 'NONE',  ( -1.000000000000000000, 0.000000000000000000, 0.000000000000000000 ) ) ;
#1172 = AXIS2_PLACEMENT_3D ( 'NONE', #966, #2272, #1771 ) ;
#1173 = DIRECTION ( 'NONE',  ( 1.000000000000000000, 0.000000000000000000, 0.000000000000000000 ) ) ;
#1174 = DIRECTION ( 'NONE',  ( -1.000000000000000000, 0.000000000000000000, 0.000000000000000000 ) ) ;
#1175 = ORIENTED_EDGE ( 'NONE', *, *, #1020, .F. ) ;
#1176 = FACE_OUTER_BOUND ( 'NONE', #1663, .T. ) ;
#1177 = FACE_OUTER_BOUND ( 'NONE', #2184, .T. ) ;
#1178 = VECTOR ( 'NONE', #3153, 1000.000000000000000 ) ;
#1179 = EDGE_CURVE ( 'NONE', #3140, #429, #1610, .T. ) ;
#1180 = ORIENTED_EDGE ( 'NONE', *, *, #3254, .T. ) ;
#1181 = ORIENTED_EDGE ( 'NONE', *, *, #486, .F. ) ;
#1182 = CARTESIAN_POINT ( 'NONE',  ( 1543.919162982726448, 344.0228227475088261, 1.500000000000000000 ) ) ;
#1183 = AXIS2_PLACEMENT_3D ( 'NONE', #2406, #1130, #2151 ) ;
#1184 = DIRECTION ( 'NONE',  ( 0.000000000000000000, 0.000000000000000000, 1.000000000000000000 ) ) ;
#1185 = EDGE_CURVE ( 'NONE', #1793, #70, #3099, .T. ) ;
#1186 = LINE ( 'NONE', #2691, #2887 ) ;
#1187 = ORIENTED_EDGE ( 'NONE', *, *, #715, .T. ) ;
#1188 = DIRECTION ( 'NONE',  ( -8.503139837832922640E-14, 1.000000000000000000, 0.000000000000000000 ) ) ;
#1189 = EDGE_CURVE ( 'NONE', #1601, #758, #315, .T. ) ;
#1190 = DIRECTION ( 'NONE',  ( 0.000000000000000000, 0.000000000000000000, 1.000000000000000000 ) ) ;
#1191 = CARTESIAN_POINT ( 'NONE',  ( 1489.562993581318779, 352.8728227475089625, 1.500000000000000000 ) ) ;
#1192 = DIRECTION ( 'NONE',  ( 1.000000000000000000, 0.000000000000000000, 0.000000000000000000 ) ) ;
#1193 = CIRCLE ( 'NONE', #15, 0.4999999999999449329 ) ;
#1194 = VECTOR ( 'NONE', #592, 1000.000000000000000 ) ;
#1195 = VERTEX_POINT ( 'NONE', #2819 ) ;
#1196 = CIRCLE ( 'NONE', #1624, 0.4999999999999449329 ) ;
#1197 = ORIENTED_EDGE ( 'NONE', *, *, #571, .T. ) ;
#1198 = CARTESIAN_POINT ( 'NONE',  ( 1505.718824487726579, 341.6018126759087181, 1.500000000000000000 ) ) ;
#1199 = DIRECTION ( 'NONE',  ( -0.000000000000000000, -0.000000000000000000, -1.000000000000000000 ) ) ;
#1200 = ORIENTED_EDGE ( 'NONE', *, *, #1631, .T. ) ;
#1201 = ORIENTED_EDGE ( 'NONE', *, *, #2597, .T. ) ;
#1202 = CARTESIAN_POINT ( 'NONE',  ( 1540.252988773434254, 349.3728227475090193, 1.500000000000000000 ) ) ;
#1203 = CARTESIAN_POINT ( 'NONE',  ( 1540.686001475326520, 349.6228227475089625, 1.500000000000000000 ) ) ;
#1204 = ORIENTED_EDGE ( 'NONE', *, *, #2577, .T. ) ;
#1205 = DIRECTION ( 'NONE',  ( -0.000000000000000000, -0.000000000000000000, -1.000000000000000000 ) ) ;
#1206 = DIRECTION ( 'NONE',  ( -0.000000000000000000, -0.000000000000000000, -1.000000000000000000 ) ) ;
#1207 = ADVANCED_FACE ( 'NONE', ( #2850 ), #2832, .T. ) ;
#1208 = FACE_OUTER_BOUND ( 'NONE', #535, .T. ) ;
#1209 = CARTESIAN_POINT ( 'NONE',  ( 1528.118900597726679, 360.7728227475088261, 0.000000000000000000 ) ) ;
#1210 = VERTEX_POINT ( 'NONE', #1271 ) ;
#1211 = CIRCLE ( 'NONE', #3083, 0.4999999999999449329 ) ;
#1212 = LINE ( 'NONE', #511, #2766 ) ;
#1213 = CARTESIAN_POINT ( 'NONE',  ( 1490.936500404510980, 359.6728227475088033, 1.500000000000000000 ) ) ;
#1214 = ORIENTED_EDGE ( 'NONE', *, *, #1657, .F. ) ;
#1215 = ORIENTED_EDGE ( 'NONE', *, *, #2482, .T. ) ;
#1216 = LINE ( 'NONE', #2459, #2756 ) ;
#1217 = CARTESIAN_POINT ( 'NONE',  ( 1559.462669659926860, 346.7728227475085987, 0.000000000000000000 ) ) ;
#1218 = CARTESIAN_POINT ( 'NONE',  ( 1538.879481950242734, 363.1728227475088602, 1.500000000000000000 ) ) ;
#1219 = ADVANCED_FACE ( 'NONE', ( #1560 ), #524, .F. ) ;
#1220 = CYLINDRICAL_SURFACE ( 'NONE', #2640, 0.4999999999999449329 ) ;
#1221 = ADVANCED_FACE ( 'NONE', ( #2112 ), #283, .T. ) ;
#1222 = DIRECTION ( 'NONE',  ( 0.000000000000000000, -0.000000000000000000, 1.000000000000000000 ) ) ;
#1223 = LINE ( 'NONE', #2751, #2864 ) ;
#1224 = EDGE_CURVE ( 'NONE', #2470, #66, #837, .T. ) ;
#1225 = CARTESIAN_POINT ( 'NONE',  ( 1535.518976707726324, 341.6018126759088318, 1.500000000000000000 ) ) ;
#1226 = EDGE_LOOP ( 'NONE', ( #97, #2457, #725, #2840 ) ) ;
#1227 = DIRECTION ( 'NONE',  ( 0.000000000000000000, 0.000000000000000000, 1.000000000000000000 ) ) ;
#1228 = AXIS2_PLACEMENT_3D ( 'NONE', #1289, #538, #1594 ) ;
#1229 = CARTESIAN_POINT ( 'NONE',  ( 1530.185887895826454, 346.1567973437088312, 1.500000000000000000 ) ) ;
#1230 = ORIENTED_EDGE ( 'NONE', *, *, #1754, .T. ) ;
#1231 = ORIENTED_EDGE ( 'NONE', *, *, #1859, .T. ) ;
#1232 = DIRECTION ( 'NONE',  ( -0.4999999999928022576, -0.8660254037885941614, 0.000000000000000000 ) ) ;
#1233 = CARTESIAN_POINT ( 'NONE',  ( 1489.562993581326737, 359.1728227475086896, 0.000000000000000000 ) ) ;
#1234 = CARTESIAN_POINT ( 'NONE',  ( 1508.376486819026695, 341.5228227475088261, 1.500000000000000000 ) ) ;
#1235 = CARTESIAN_POINT ( 'NONE',  ( 1546.106979003726337, 343.7728227475091671, 1.500000000000000000 ) ) ;
#1236 = AXIS2_PLACEMENT_3D ( 'NONE', #2318, #1562, #2582 ) ;
#1237 = CARTESIAN_POINT ( 'NONE',  ( 1490.936500404526669, 359.1728227475087465, 1.500000000000000000 ) ) ;
#1238 = DIRECTION ( 'NONE',  ( 0.000000000000000000, -0.000000000000000000, 1.000000000000000000 ) ) ;
#1239 = ORIENTED_EDGE ( 'NONE', *, *, #1185, .T. ) ;
#1240 = CARTESIAN_POINT ( 'NONE',  ( 1511.051913299626449, 346.1567973437088312, 1.500000000000000000 ) ) ;
#1241 = DIRECTION ( 'NONE',  ( -1.000000000000000000, 0.000000000000000000, 0.000000000000000000 ) ) ;
#1242 = AXIS2_PLACEMENT_3D ( 'NONE', #1068, #554, #570 ) ;
#1243 = VERTEX_POINT ( 'NONE', #3136 ) ;
#1244 = ORIENTED_EDGE ( 'NONE', *, *, #1095, .F. ) ;
#1245 = ADVANCED_FACE ( 'NONE', ( #2298 ), #1861, .F. ) ;
#1246 = CARTESIAN_POINT ( 'NONE',  ( 1490.936500404510980, 359.6728227475088033, 1.500000000000000000 ) ) ;
#1247 = DIRECTION ( 'NONE',  ( -1.000000000000000000, -1.265353230805084169E-13, 0.000000000000000000 ) ) ;
#1248 = VECTOR ( 'NONE', #1247, 1000.000000000000000 ) ;
#1249 = VECTOR ( 'NONE', #2271, 1000.000000000000114 ) ;
#1250 = CARTESIAN_POINT ( 'NONE',  ( 1546.576825314126836, 344.1018126759086044, 1.500000000000000000 ) ) ;
#1251 = ORIENTED_EDGE ( 'NONE', *, *, #1751, .T. ) ;
#1252 = DIRECTION ( 'NONE',  ( 0.000000000000000000, 0.000000000000000000, 1.000000000000000000 ) ) ;
#1253 = VECTOR ( 'NONE', #476, 1000.000000000000000 ) ;
#1254 = LINE ( 'NONE', #1269, #924 ) ;
#1255 = ORIENTED_EDGE ( 'NONE', *, *, #2496, .F. ) ;
#1256 = CARTESIAN_POINT ( 'NONE',  ( 1506.188670798126623, 341.2728227475088261, 1.500000000000000000 ) ) ;
#1257 = VECTOR ( 'NONE', #105, 1000.000000000000000 ) ;
#1258 = CARTESIAN_POINT ( 'NONE',  ( 1484.886456400934094, 365.7728227475089398, 1.500000000000000000 ) ) ;
#1259 = EDGE_CURVE ( 'NONE', #1007, #713, #49, .T. ) ;
#1260 = VERTEX_POINT ( 'NONE', #1041 ) ;
#1261 = ORIENTED_EDGE ( 'NONE', *, *, #1306, .F. ) ;
#1262 = FACE_OUTER_BOUND ( 'NONE', #559, .T. ) ;
#1263 = AXIS2_PLACEMENT_3D ( 'NONE', #308, #2607, #1587 ) ;
#1264 = EDGE_CURVE ( 'NONE', #156, #64, #1580, .T. ) ;
#1265 = ORIENTED_EDGE ( 'NONE', *, *, #2083, .T. ) ;
#1266 = CARTESIAN_POINT ( 'NONE',  ( 1535.518976707726324, 341.6018126759088318, 0.000000000000000000 ) ) ;
#1267 = LINE ( 'NONE', #1250, #18 ) ;
#1268 = VERTEX_POINT ( 'NONE', #2599 ) ;
#1269 = CARTESIAN_POINT ( 'NONE',  ( 1497.318638212626638, 368.5228227475088829, 0.000000000000000000 ) ) ;
#1270 = VERTEX_POINT ( 'NONE', #298 ) ;
#1271 = CARTESIAN_POINT ( 'NONE',  ( 1552.107820315926574, 353.1228227475089625, 1.500000000000000000 ) ) ;
#1272 = PLANE ( 'NONE',  #1825 ) ;
#1273 = AXIS2_PLACEMENT_3D ( 'NONE', #432, #2986, #1705 ) ;
#1274 = ORIENTED_EDGE ( 'NONE', *, *, #515, .T. ) ;
#1275 = ORIENTED_EDGE ( 'NONE', *, *, #2500, .T. ) ;
#1276 = LINE ( 'NONE', #270, #1338 ) ;
#1277 = EDGE_CURVE ( 'NONE', #1535, #3180, #1324, .T. ) ;
#1278 = EDGE_LOOP ( 'NONE', ( #2089, #1114, #1712, #297 ) ) ;
#1279 = LINE ( 'NONE', #3033, #819 ) ;
#1280 = ADVANCED_FACE ( 'NONE', ( #1390 ), #2663, .F. ) ;
#1281 = VECTOR ( 'NONE', #2775, 1000.000000000000000 ) ;
#1282 = LINE ( 'NONE', #3004, #2966 ) ;
#1283 = ORIENTED_EDGE ( 'NONE', *, *, #346, .T. ) ;
#1284 = EDGE_CURVE ( 'NONE', #2841, #1243, #1660, .T. ) ;
#1285 = AXIS2_PLACEMENT_3D ( 'NONE', #2086, #2392, #94 ) ;
#1286 = DIRECTION ( 'NONE',  ( 0.000000000000000000, 0.000000000000000000, 1.000000000000000000 ) ) ;
#1287 = AXIS2_PLACEMENT_3D ( 'NONE', #1847, #620, #2113 ) ;
#1288 = ORIENTED_EDGE ( 'NONE', *, *, #1426, .F. ) ;
#1289 = CARTESIAN_POINT ( 'NONE',  ( 1533.294327078218885, 341.7728227475089398, 0.000000000000000000 ) ) ;
#1290 = AXIS2_PLACEMENT_3D ( 'NONE', #2400, #2432, #1612 ) ;
#1291 = LINE ( 'NONE', #756, #9 ) ;
#1292 = ORIENTED_EDGE ( 'NONE', *, *, #3211, .T. ) ;
#1293 = CARTESIAN_POINT ( 'NONE',  ( 1502.358319245210623, 363.1728227475087465, 1.500000000000000000 ) ) ;
#1294 = PLANE ( 'NONE',  #1389 ) ;
#1295 = AXIS2_PLACEMENT_3D ( 'NONE', #937, #401, #885 ) ;
#1296 = CIRCLE ( 'NONE', #1352, 0.4999999999999449329 ) ;
#1297 = ORIENTED_EDGE ( 'NONE', *, *, #1120, .T. ) ;
#1298 = CARTESIAN_POINT ( 'NONE',  ( 1530.118900597726679, 366.1388481513088209, 1.500000000000000000 ) ) ;
#1299 = EDGE_CURVE ( 'NONE', #2280, #2338, #2447, .T. ) ;
#1300 = CIRCLE ( 'NONE', #1837, 2.000000000000001776 ) ;
#1301 = CYLINDRICAL_SURFACE ( 'NONE', #871, 0.4999999999999449329 ) ;
#1302 = EDGE_CURVE ( 'NONE', #64, #1164, #2191, .T. ) ;
#1303 = ORIENTED_EDGE ( 'NONE', *, *, #1519, .F. ) ;
#1304 = VECTOR ( 'NONE', #2117, 1000.000000000000000 ) ;
#1305 = DIRECTION ( 'NONE',  ( 0.000000000000000000, -0.000000000000000000, 1.000000000000000000 ) ) ;
#1306 = EDGE_CURVE ( 'NONE', #43, #373, #1374, .T. ) ;
#1307 = ORIENTED_EDGE ( 'NONE', *, *, #422, .F. ) ;
#1308 = VECTOR ( 'NONE', #414, 1000.000000000000000 ) ;
#1309 = CARTESIAN_POINT ( 'NONE',  ( 1489.562993581326737, 359.1728227475086896, 1.500000000000000000 ) ) ;
#1310 = CARTESIAN_POINT ( 'NONE',  ( 1482.275131535526725, 346.7728227475088261, 1.500000000000000000 ) ) ;
#1311 = ORIENTED_EDGE ( 'NONE', *, *, #1189, .F. ) ;
#1312 = CARTESIAN_POINT ( 'NONE',  ( 1482.275131535526725, 346.2728227475088261, 1.500000000000000000 ) ) ;
#1313 = PLANE ( 'NONE',  #821 ) ;
#1314 = ORIENTED_EDGE ( 'NONE', *, *, #1365, .F. ) ;
#1315 = VERTEX_POINT ( 'NONE', #2974 ) ;
#1316 = DIRECTION ( 'NONE',  ( 0.000000000000000000, 0.000000000000000000, 1.000000000000000000 ) ) ;
#1317 = DIRECTION ( 'NONE',  ( -0.8660254037871867316, -0.4999999999952402518, 0.000000000000000000 ) ) ;
#1318 = VERTEX_POINT ( 'NONE', #1932 ) ;
#1319 = EDGE_CURVE ( 'NONE', #1574, #66, #902, .T. ) ;
#1320 = CIRCLE ( 'NONE', #148, 0.4999999999999449329 ) ;
#1321 = EDGE_CURVE ( 'NONE', #368, #43, #2194, .T. ) ;
#1322 = DIRECTION ( 'NONE',  ( 0.000000000000000000, 0.000000000000000000, 1.000000000000000000 ) ) ;
#1323 = ORIENTED_EDGE ( 'NONE', *, *, #1369, .T. ) ;
#1324 = LINE ( 'NONE', #52, #2355 ) ;
#1325 = EDGE_CURVE ( 'NONE', #126, #1763, #1425, .T. ) ;
#1326 = CARTESIAN_POINT ( 'NONE',  ( 1495.130822191726566, 343.7728227475088261, 0.000000000000000000 ) ) ;
#1327 = AXIS2_PLACEMENT_3D ( 'NONE', #112, #2224, #1672 ) ;
#1328 = ORIENTED_EDGE ( 'NONE', *, *, #941, .T. ) ;
#1329 = DIRECTION ( 'NONE',  ( -0.000000000000000000, -0.000000000000000000, -1.000000000000000000 ) ) ;
#1330 = DIRECTION ( 'NONE',  ( -0.000000000000000000, -0.000000000000000000, -1.000000000000000000 ) ) ;
#1331 = AXIS2_PLACEMENT_3D ( 'NONE', #1438, #2206, #3235 ) ;
#1332 = VERTEX_POINT ( 'NONE', #2937 ) ;
#1333 = ORIENTED_EDGE ( 'NONE', *, *, #2821, .T. ) ;
#1334 = LINE ( 'NONE', #598, #353 ) ;
#1335 = AXIS2_PLACEMENT_3D ( 'NONE', #68, #2581, #3071 ) ;
#1336 = DIRECTION ( 'NONE',  ( -0.000000000000000000, -0.000000000000000000, -1.000000000000000000 ) ) ;
#1337 = ORIENTED_EDGE ( 'NONE', *, *, #378, .T. ) ;
#1338 = VECTOR ( 'NONE', #3059, 1000.000000000000000 ) ;
#1339 = DIRECTION ( 'NONE',  ( 0.000000000000000000, 0.000000000000000000, 1.000000000000000000 ) ) ;
#1340 = VERTEX_POINT ( 'NONE', #2175 ) ;
#1341 = EDGE_CURVE ( 'NONE', #126, #1619, #1138, .T. ) ;
#1342 = DIRECTION ( 'NONE',  ( 1.000000000000000000, 0.000000000000000000, 0.000000000000000000 ) ) ;
#1343 = CARTESIAN_POINT ( 'NONE',  ( 1550.301300790826645, 353.3728227475089625, 1.500000000000000000 ) ) ;
#1344 = ORIENTED_EDGE ( 'NONE', *, *, #2761, .T. ) ;
#1345 = AXIS2_PLACEMENT_3D ( 'NONE', #1595, #1359, #2871 ) ;
#1346 = LINE ( 'NONE', #1312, #1784 ) ;
#1347 = FACE_OUTER_BOUND ( 'NONE', #3277, .T. ) ;
#1348 = EDGE_CURVE ( 'NONE', #1680, #1113, #1407, .T. ) ;
#1349 = EDGE_LOOP ( 'NONE', ( #2007, #2002, #1922, #2786 ) ) ;
#1350 = ORIENTED_EDGE ( 'NONE', *, *, #2482, .F. ) ;
#1351 = CARTESIAN_POINT ( 'NONE',  ( 1508.376486819026695, 341.5228227475088261, 0.000000000000000000 ) ) ;
#1352 = AXIS2_PLACEMENT_3D ( 'NONE', #3091, #2621, #320 ) ;
#1353 = CARTESIAN_POINT ( 'NONE',  ( 1505.718824487726579, 370.9438328192089216, 1.500000000000000000 ) ) ;
#1354 = VECTOR ( 'NONE', #2815, 1000.000000000000227 ) ;
#1355 = ORIENTED_EDGE ( 'NONE', *, *, #2834, .F. ) ;
#1356 = DIRECTION ( 'NONE',  ( -1.000000000000000000, 0.000000000000000000, 0.000000000000000000 ) ) ;
#1357 = ORIENTED_EDGE ( 'NONE', *, *, #3217, .F. ) ;
#1358 = DIRECTION ( 'NONE',  ( -0.000000000000000000, -0.000000000000000000, -1.000000000000000000 ) ) ;
#1359 = DIRECTION ( 'NONE',  ( 0.000000000000000000, 0.000000000000000000, 1.000000000000000000 ) ) ;
#1360 = AXIS2_PLACEMENT_3D ( 'NONE', #657, #3012, #158 ) ;
#1361 = DIRECTION ( 'NONE',  ( 0.000000000000000000, 0.000000000000000000, 1.000000000000000000 ) ) ;
#1362 = ORIENTED_EDGE ( 'NONE', *, *, #2356, .F. ) ;
#1363 = DIRECTION ( 'NONE',  ( 0.000000000000000000, 0.000000000000000000, 1.000000000000000000 ) ) ;
#1364 = CARTESIAN_POINT ( 'NONE',  ( 1535.049130397326508, 341.2728227475090534, 0.000000000000000000 ) ) ;
#1365 = EDGE_CURVE ( 'NONE', #305, #2671, #2698, .T. ) ;
#1366 = ORIENTED_EDGE ( 'NONE', *, *, #753, .F. ) ;
#1367 = ORIENTED_EDGE ( 'NONE', *, *, #2099, .F. ) ;
#1368 = PLANE ( 'NONE',  #750 ) ;
#1369 = EDGE_CURVE ( 'NONE', #1109, #143, #669, .T. ) ;
#1370 = CARTESIAN_POINT ( 'NONE',  ( 1546.106979003711103, 344.2728227475091671, 1.500000000000000000 ) ) ;
#1371 = ORIENTED_EDGE ( 'NONE', *, *, #1880, .F. ) ;
#1372 = AXIS2_PLACEMENT_3D ( 'NONE', #1541, #2795, #2011 ) ;
#1373 = CARTESIAN_POINT ( 'NONE',  ( 1546.106979003726337, 343.7728227475091103, 0.000000000000000000 ) ) ;
#1374 = LINE ( 'NONE', #2430, #3053 ) ;
#1375 = DIRECTION ( 'NONE',  ( 0.000000000000000000, 0.000000000000000000, 1.000000000000000000 ) ) ;
#1376 = CARTESIAN_POINT ( 'NONE',  ( 1558.962669659926632, 366.2728227475088261, 1.500000000000000000 ) ) ;
#1377 = ORIENTED_EDGE ( 'NONE', *, *, #1277, .F. ) ;
#1378 = CARTESIAN_POINT ( 'NONE',  ( 1533.294327078226615, 371.2728227475088829, 1.500000000000000000 ) ) ;
#1379 = DIRECTION ( 'NONE',  ( -0.000000000000000000, -0.000000000000000000, -1.000000000000000000 ) ) ;
#1380 = ORIENTED_EDGE ( 'NONE', *, *, #1519, .T. ) ;
#1381 = ORIENTED_EDGE ( 'NONE', *, *, #2370, .T. ) ;
#1382 = CARTESIAN_POINT ( 'NONE',  ( 1506.188670798126623, 371.2728227475090534, 1.500000000000000000 ) ) ;
#1383 = EDGE_CURVE ( 'NONE', #1917, #655, #2302, .T. ) ;
#1384 = CARTESIAN_POINT ( 'NONE',  ( 1489.562993581318779, 359.6728227475088602, 1.500000000000000000 ) ) ;
#1385 = ORIENTED_EDGE ( 'NONE', *, *, #2336, .F. ) ;
#1386 = EDGE_CURVE ( 'NONE', #1853, #2427, #2413, .T. ) ;
#1387 = CARTESIAN_POINT ( 'NONE',  ( 1500.984812422018877, 349.3728227475089056, 1.500000000000000000 ) ) ;
#1388 = EDGE_CURVE ( 'NONE', #861, #2301, #619, .T. ) ;
#1389 = AXIS2_PLACEMENT_3D ( 'NONE', #2810, #500, #26 ) ;
#1390 = FACE_OUTER_BOUND ( 'NONE', #2635, .T. ) ;
#1391 = LINE ( 'NONE', #1427, #379 ) ;
#1392 = DIRECTION ( 'NONE',  ( -0.5000000000047607474, -0.8660254037816901285, 0.000000000000000000 ) ) ;
#1393 = EDGE_LOOP ( 'NONE', ( #2519, #7, #1079, #2872 ) ) ;
#1394 = CARTESIAN_POINT ( 'NONE',  ( 1482.275131535526725, 366.2728227475088261, 1.500000000000000000 ) ) ;
#1395 = CARTESIAN_POINT ( 'NONE',  ( 1546.576825314126836, 344.1018126759086044, 0.000000000000000000 ) ) ;
#1396 = VECTOR ( 'NONE', #351, 1000.000000000000000 ) ;
#1397 = ORIENTED_EDGE ( 'NONE', *, *, #2108, .T. ) ;
#1398 = ORIENTED_EDGE ( 'NONE', *, *, #3195, .F. ) ;
#1399 = LINE ( 'NONE', #2423, #858 ) ;
#1400 = VECTOR ( 'NONE', #3221, 1000.000000000000000 ) ;
#1401 = DIRECTION ( 'NONE',  ( 0.000000000000000000, 0.000000000000000000, 1.000000000000000000 ) ) ;
#1402 = ORIENTED_EDGE ( 'NONE', *, *, #492, .T. ) ;
#1403 = EDGE_CURVE ( 'NONE', #2528, #2350, #2384, .T. ) ;
#1404 = AXIS2_PLACEMENT_3D ( 'NONE', #2882, #296, #99 ) ;
#1405 = CARTESIAN_POINT ( 'NONE',  ( 1484.886456400926591, 346.2728227475088261, 1.500000000000000000 ) ) ;
#1406 = VECTOR ( 'NONE', #3048, 1000.000000000000000 ) ;
#1407 = LINE ( 'NONE', #134, #3268 ) ;
#1408 = LINE ( 'NONE', #2502, #615 ) ;
#1409 = EDGE_CURVE ( 'NONE', #1011, #2918, #853, .T. ) ;
#1410 = LINE ( 'NONE', #1629, #2448 ) ;
#1411 = VERTEX_POINT ( 'NONE', #1121 ) ;
#1412 = VECTOR ( 'NONE', #2776, 1000.000000000000000 ) ;
#1413 = CARTESIAN_POINT ( 'NONE',  ( 1546.106979003747028, 368.2728227475085987, 1.500000000000000000 ) ) ;
#1414 = AXIS2_PLACEMENT_3D ( 'NONE', #57, #322, #2420 ) ;
#1415 = CARTESIAN_POINT ( 'NONE',  ( 1511.118900597726906, 366.1388481513088209, 0.000000000000000000 ) ) ;
#1416 = ORIENTED_EDGE ( 'NONE', *, *, #489, .F. ) ;
#1417 = VERTEX_POINT ( 'NONE', #3169 ) ;
#1418 = DIRECTION ( 'NONE',  ( -1.000000000000000000, 1.265353230876974262E-13, 0.000000000000000000 ) ) ;
#1419 = DIRECTION ( 'NONE',  ( -0.000000000000000000, -0.000000000000000000, -1.000000000000000000 ) ) ;
#1420 = DIRECTION ( 'NONE',  ( 0.000000000000000000, 0.000000000000000000, 1.000000000000000000 ) ) ;
#1421 = ORIENTED_EDGE ( 'NONE', *, *, #3014, .T. ) ;
#1422 = PLANE ( 'NONE',  #1131 ) ;
#1423 = CIRCLE ( 'NONE', #3298, 0.5000000000001669775 ) ;
#1424 = CARTESIAN_POINT ( 'NONE',  ( 1507.943474117126698, 371.2728227475088261, 0.000000000000000000 ) ) ;
#1425 = LINE ( 'NONE', #1678, #487 ) ;
#1426 = EDGE_CURVE ( 'NONE', #1260, #596, #872, .T. ) ;
#1427 = CARTESIAN_POINT ( 'NONE',  ( 1532.861314376326618, 341.5228227475088261, 1.500000000000000000 ) ) ;
#1428 = CARTESIAN_POINT ( 'NONE',  ( 1555.918332092626542, 366.0228227475088829, 0.000000000000000000 ) ) ;
#1429 = ORIENTED_EDGE ( 'NONE', *, *, #1325, .T. ) ;
#1430 = EDGE_CURVE ( 'NONE', #2021, #2053, #2921, .T. ) ;
#1431 = CARTESIAN_POINT ( 'NONE',  ( 1538.879481950242734, 363.1728227475088602, 1.500000000000000000 ) ) ;
#1432 = DIRECTION ( 'NONE',  ( -0.000000000000000000, -0.000000000000000000, -1.000000000000000000 ) ) ;
#1433 = CIRCLE ( 'NONE', #1003, 0.4999999999999449329 ) ;
#1434 = VERTEX_POINT ( 'NONE', #1982 ) ;
#1435 = ORIENTED_EDGE ( 'NONE', *, *, #2784, .F. ) ;
#1436 = CARTESIAN_POINT ( 'NONE',  ( 1497.318638212626638, 344.0228227475088261, 1.500000000000000000 ) ) ;
#1437 = DIRECTION ( 'NONE',  ( 1.000000000000000000, 0.000000000000000000, 0.000000000000000000 ) ) ;
#1438 = CARTESIAN_POINT ( 'NONE',  ( 1556.351344794518809, 365.7728227475088261, 1.500000000000000000 ) ) ;
#1439 = ORIENTED_EDGE ( 'NONE', *, *, #691, .T. ) ;
#1440 = CARTESIAN_POINT ( 'NONE',  ( 1530.618900597726679, 346.4067973436950751, 1.500000000000000000 ) ) ;
#1441 = CARTESIAN_POINT ( 'NONE',  ( 1544.352175684618715, 344.2728227475088829, 1.500000000000000000 ) ) ;
#1442 = AXIS2_PLACEMENT_3D ( 'NONE', #1384, #865, #1893 ) ;
#1443 = CARTESIAN_POINT ( 'NONE',  ( 1535.049130397347199, 370.7728227475091103, 1.500000000000000000 ) ) ;
#1444 = CARTESIAN_POINT ( 'NONE',  ( 1490.936500404547360, 352.8728227475090193, 1.500000000000000000 ) ) ;
#1445 = VERTEX_POINT ( 'NONE', #3023 ) ;
#1446 = ORIENTED_EDGE ( 'NONE', *, *, #2800, .F. ) ;
#1447 = CARTESIAN_POINT ( 'NONE',  ( 1513.118900597726906, 358.7728227475089398, 1.500000000000000000 ) ) ;
#1448 = DIRECTION ( 'NONE',  ( -1.000000000000000000, 0.000000000000000000, 0.000000000000000000 ) ) ;
#1449 = AXIS2_PLACEMENT_3D ( 'NONE', #226, #483, #1028 ) ;
#1450 = ORIENTED_EDGE ( 'NONE', *, *, #2717, .F. ) ;
#1451 = ORIENTED_EDGE ( 'NONE', *, *, #1224, .T. ) ;
#1452 = LINE ( 'NONE', #2658, #2196 ) ;
#1453 = AXIS2_PLACEMENT_3D ( 'NONE', #1909, #2203, #161 ) ;
#1454 = CARTESIAN_POINT ( 'NONE',  ( 1496.885625510726641, 368.7728227475088261, 1.500000000000000000 ) ) ;
#1455 = ADVANCED_FACE ( 'NONE', ( #1208 ), #475, .T. ) ;
#1456 = AXIS2_PLACEMENT_3D ( 'NONE', #2177, #2734, #2215 ) ;
#1457 = FACE_OUTER_BOUND ( 'NONE', #1767, .T. ) ;
#1458 = VERTEX_POINT ( 'NONE', #2733 ) ;
#1459 = AXIS2_PLACEMENT_3D ( 'NONE', #1158, #2386, #352 ) ;
#1460 = DIRECTION ( 'NONE',  ( -0.5000000000092452712, -0.8660254037791007553, 0.000000000000000000 ) ) ;
#1461 = DIRECTION ( 'NONE',  ( -0.000000000000000000, -0.000000000000000000, -1.000000000000000000 ) ) ;
#1462 = CARTESIAN_POINT ( 'NONE',  ( 1550.301300790826645, 359.1728227475087465, 0.000000000000000000 ) ) ;
#1463 = FACE_OUTER_BOUND ( 'NONE', #555, .T. ) ;
#1464 = VECTOR ( 'NONE', #3069, 1000.000000000000000 ) ;
#1465 = AXIS2_PLACEMENT_3D ( 'NONE', #1598, #2890, #1110 ) ;
#1466 = VECTOR ( 'NONE', #2845, 1000.000000000000000 ) ;
#1467 = VERTEX_POINT ( 'NONE', #939 ) ;
#1468 = LINE ( 'NONE', #2282, #2066 ) ;
#1469 = DIRECTION ( 'NONE',  ( -0.4999999999952446372, -0.8660254037871841781, 0.000000000000000000 ) ) ;
#1470 = ORIENTED_EDGE ( 'NONE', *, *, #687, .T. ) ;
#1471 = EDGE_LOOP ( 'NONE', ( #875, #797, #2364, #2037 ) ) ;
#1472 = VECTOR ( 'NONE', #288, 1000.000000000000000 ) ;
#1473 = EDGE_CURVE ( 'NONE', #1853, #1650, #3162, .T. ) ;
#1474 = CARTESIAN_POINT ( 'NONE',  ( 1530.618900597726679, 366.1388481513226338, 0.000000000000000000 ) ) ;
#1475 = CARTESIAN_POINT ( 'NONE',  ( 1481.775131535526725, 365.7728227475088261, 1.500000000000000000 ) ) ;
#1476 = CIRCLE ( 'NONE', #2433, 0.5000000000001669775 ) ;
#1477 = CARTESIAN_POINT ( 'NONE',  ( 1505.718824487726579, 370.9438328192089216, 1.500000000000000000 ) ) ;
#1478 = ADVANCED_FACE ( 'NONE', ( #420 ), #187, .T. ) ;
#1479 = DIRECTION ( 'NONE',  ( -0.8660254037873709176, 0.4999999999949213403, 0.000000000000000000 ) ) ;
#1480 = DIRECTION ( 'NONE',  ( 1.000000000000000000, 0.000000000000000000, 0.000000000000000000 ) ) ;
#1481 = LINE ( 'NONE', #2186, #3184 ) ;
#1482 = CARTESIAN_POINT ( 'NONE',  ( 1481.775131535526725, 346.7728227475088261, 0.000000000000000000 ) ) ;
#1483 = ORIENTED_EDGE ( 'NONE', *, *, #2834, .T. ) ;
#1484 = AXIS2_PLACEMENT_3D ( 'NONE', #1987, #2754, #478 ) ;
#1485 = CARTESIAN_POINT ( 'NONE',  ( 1532.861314376326618, 371.0228227475088261, 1.500000000000000000 ) ) ;
#1486 = CARTESIAN_POINT ( 'NONE',  ( 1511.118900597726906, 366.1388481513088209, 1.500000000000000000 ) ) ;
#1487 = VERTEX_POINT ( 'NONE', #1237 ) ;
#1488 = VERTEX_POINT ( 'NONE', #440 ) ;
#1489 = CARTESIAN_POINT ( 'NONE',  ( 1511.118900597726906, 366.1388481513088209, 1.500000000000000000 ) ) ;
#1490 = LINE ( 'NONE', #3018, #2988 ) ;
#1491 = LINE ( 'NONE', #953, #2740 ) ;
#1492 = DIRECTION ( 'NONE',  ( 0.000000000000000000, 0.000000000000000000, 1.000000000000000000 ) ) ;
#1493 = LINE ( 'NONE', #2716, #2732 ) ;
#1494 = CARTESIAN_POINT ( 'NONE',  ( 1495.130822191726566, 368.7728227475088261, 1.500000000000000000 ) ) ;
#1495 = EDGE_CURVE ( 'NONE', #1109, #1195, #3005, .T. ) ;
#1496 = ORIENTED_EDGE ( 'NONE', *, *, #1426, .T. ) ;
#1497 = CARTESIAN_POINT ( 'NONE',  ( 1546.106979003711103, 344.2728227475091671, 1.500000000000000000 ) ) ;
#1498 = VECTOR ( 'NONE', #37, 1000.000000000000227 ) ;
#1499 = CARTESIAN_POINT ( 'NONE',  ( 1490.936500404526669, 353.3728227475089625, 0.000000000000000000 ) ) ;
#1500 = ORIENTED_EDGE ( 'NONE', *, *, #531, .F. ) ;
#1501 = EDGE_LOOP ( 'NONE', ( #241, #1512, #1180, #2523 ) ) ;
#1502 = CIRCLE ( 'NONE', #54, 0.5000000000001669775 ) ;
#1503 = DIRECTION ( 'NONE',  ( 1.000000000000000000, 0.000000000000000000, 0.000000000000000000 ) ) ;
#1504 = CARTESIAN_POINT ( 'NONE',  ( 1500.984812422018877, 363.1728227475088033, 0.000000000000000000 ) ) ;
#1505 = ADVANCED_FACE ( 'NONE', ( #704 ), #751, .T. ) ;
#1506 = CARTESIAN_POINT ( 'NONE',  ( 1513.118900597726906, 351.7728227475088261, 1.500000000000000000 ) ) ;
#1507 = AXIS2_PLACEMENT_3D ( 'NONE', #421, #705, #1192 ) ;
#1508 = ORIENTED_EDGE ( 'NONE', *, *, #2496, .T. ) ;
#1509 = DIRECTION ( 'NONE',  ( 1.000000000000000000, 0.000000000000000000, 0.000000000000000000 ) ) ;
#1510 = EDGE_CURVE ( 'NONE', #1917, #2118, #3304, .T. ) ;
#1511 = DIRECTION ( 'NONE',  ( -0.000000000000000000, -0.000000000000000000, -1.000000000000000000 ) ) ;
#1512 = ORIENTED_EDGE ( 'NONE', *, *, #1817, .F. ) ;
#1513 = CARTESIAN_POINT ( 'NONE',  ( 1530.185887895826454, 366.3888481513088209, 0.000000000000000000 ) ) ;
#1514 = EDGE_CURVE ( 'NONE', #372, #1525, #2950, .T. ) ;
#1515 = DIRECTION ( 'NONE',  ( 0.000000000000000000, 0.000000000000000000, 1.000000000000000000 ) ) ;
#1516 = AXIS2_PLACEMENT_3D ( 'NONE', #2513, #215, #733 ) ;
#1517 = ORIENTED_EDGE ( 'NONE', *, *, #2721, .T. ) ;
#1518 = ORIENTED_EDGE ( 'NONE', *, *, #1653, .F. ) ;
#1519 = EDGE_CURVE ( 'NONE', #2605, #713, #2031, .T. ) ;
#1520 = DIRECTION ( 'NONE',  ( -0.000000000000000000, -0.000000000000000000, -1.000000000000000000 ) ) ;
#1521 = ORIENTED_EDGE ( 'NONE', *, *, #726, .F. ) ;
#1522 = CARTESIAN_POINT ( 'NONE',  ( 1506.188670798126623, 341.2728227475088261, 0.000000000000000000 ) ) ;
#1523 = CIRCLE ( 'NONE', #1414, 0.5000000000003890221 ) ;
#1524 = DIRECTION ( 'NONE',  ( -0.000000000000000000, -0.000000000000000000, -1.000000000000000000 ) ) ;
#1525 = VERTEX_POINT ( 'NONE', #1005 ) ;
#1526 = CARTESIAN_POINT ( 'NONE',  ( 1490.936500404526669, 359.1728227475087465, 0.000000000000000000 ) ) ;
#1527 = DIRECTION ( 'NONE',  ( -0.000000000000000000, -0.000000000000000000, -1.000000000000000000 ) ) ;
#1528 = ORIENTED_EDGE ( 'NONE', *, *, #2844, .F. ) ;
#1529 = ADVANCED_FACE ( 'NONE', ( #2486 ), #2501, .T. ) ;
#1530 = DIRECTION ( 'NONE',  ( 0.000000000000000000, 1.000000000000000000, 0.000000000000000000 ) ) ;
#1531 = AXIS2_PLACEMENT_3D ( 'NONE', #157, #1633, #2166 ) ;
#1532 = CYLINDRICAL_SURFACE ( 'NONE', #2366, 2.000000000000001776 ) ;
#1533 = PRODUCT_DEFINITION_SHAPE ( 'NONE', 'NONE',  #400 ) ;
#1534 = EDGE_CURVE ( 'NONE', #1713, #3159, #3051, .T. ) ;
#1535 = VERTEX_POINT ( 'NONE', #1709 ) ;
#1536 = EDGE_LOOP ( 'NONE', ( #2963, #313, #1697, #1323 ) ) ;
#1537 = DIRECTION ( 'NONE',  ( -1.000000000000000000, 0.000000000000000000, 0.000000000000000000 ) ) ;
#1538 = CIRCLE ( 'NONE', #1103, 0.5000000000003890221 ) ;
#1539 = ADVANCED_FACE ( 'NONE', ( #2229 ), #955, .T. ) ;
#1540 = VERTEX_POINT ( 'NONE', #1997 ) ;
#1541 = CARTESIAN_POINT ( 'NONE',  ( 1558.962669659926860, 346.7728227475088261, 1.500000000000000000 ) ) ;
#1542 = DIRECTION ( 'NONE',  ( -0.000000000000000000, -0.000000000000000000, -1.000000000000000000 ) ) ;
#1543 = ORIENTED_EDGE ( 'NONE', *, *, #2677, .T. ) ;
#1544 = FACE_OUTER_BOUND ( 'NONE', #1027, .T. ) ;
#1545 = EDGE_LOOP ( 'NONE', ( #925, #3295, #2720, #724 ) ) ;
#1546 = CARTESIAN_POINT ( 'NONE',  ( 1538.879481950242734, 363.1728227475088602, 0.000000000000000000 ) ) ;
#1547 = PLANE ( 'NONE',  #2573 ) ;
#1548 = VECTOR ( 'NONE', #899, 1000.000000000000114 ) ;
#1549 = VERTEX_POINT ( 'NONE', #1743 ) ;
#1550 = CARTESIAN_POINT ( 'NONE',  ( 1528.118900597726679, 360.7728227475088261, 1.500000000000000000 ) ) ;
#1551 = CARTESIAN_POINT ( 'NONE',  ( 1500.984812422018877, 349.3728227475089056, 1.500000000000000000 ) ) ;
#1552 = ORIENTED_EDGE ( 'NONE', *, *, #1157, .F. ) ;
#1553 = CYLINDRICAL_SURFACE ( 'NONE', #321, 2.000000000000001776 ) ;
#1554 = EDGE_CURVE ( 'NONE', #1793, #980, #1493, .T. ) ;
#1555 = DIRECTION ( 'NONE',  ( 0.000000000000000000, 0.000000000000000000, 1.000000000000000000 ) ) ;
#1556 = VERTEX_POINT ( 'NONE', #491 ) ;
#1557 = PLANE ( 'NONE',  #654 ) ;
#1558 = CIRCLE ( 'NONE', #1507, 0.5000000000001669775 ) ;
#1559 = ORIENTED_EDGE ( 'NONE', *, *, #3313, .T. ) ;
#1560 = FACE_OUTER_BOUND ( 'NONE', #3081, .T. ) ;
#1561 = VECTOR ( 'NONE', #1740, 1000.000000000000000 ) ;
#1562 = DIRECTION ( 'NONE',  ( 0.000000000000000000, 0.000000000000000000, 1.000000000000000000 ) ) ;
#1563 = VERTEX_POINT ( 'NONE', #216 ) ;
#1564 = DIRECTION ( 'NONE',  ( 0.000000000000000000, 0.000000000000000000, 1.000000000000000000 ) ) ;
#1565 = LINE ( 'NONE', #2039, #2246 ) ;
#1566 = AXIS2_PLACEMENT_3D ( 'NONE', #2867, #1339, #2613 ) ;
#1567 = ORIENTED_EDGE ( 'NONE', *, *, #2512, .F. ) ;
#1568 = ORIENTED_EDGE ( 'NONE', *, *, #2158, .T. ) ;
#1569 = ADVANCED_FACE ( 'NONE', ( #3037 ), #735, .T. ) ;
#1570 = DIRECTION ( 'NONE',  ( 1.000000000000000000, 0.000000000000000000, 0.000000000000000000 ) ) ;
#1571 = AXIS2_PLACEMENT_3D ( 'NONE', #2779, #1479, #1725 ) ;
#1572 = EDGE_CURVE ( 'NONE', #1315, #1835, #249, .T. ) ;
#1573 = LINE ( 'NONE', #567, #2320 ) ;
#1574 = VERTEX_POINT ( 'NONE', #1526 ) ;
#1575 = EDGE_CURVE ( 'NONE', #808, #980, #1777, .T. ) ;
#1576 = CIRCLE ( 'NONE', #986, 0.4999999999999449329 ) ;
#1577 = CARTESIAN_POINT ( 'NONE',  ( 1489.129980879426512, 359.4228227475086896, 1.500000000000000000 ) ) ;
#1578 = ORIENTED_EDGE ( 'NONE', *, *, #2436, .T. ) ;
#1579 = AXIS2_PLACEMENT_3D ( 'NONE', #2760, #2965, #1992 ) ;
#1580 = LINE ( 'NONE', #2334, #1498 ) ;
#1581 = CARTESIAN_POINT ( 'NONE',  ( 1490.936500404526669, 353.3728227475089625, 1.500000000000000000 ) ) ;
#1582 = ORIENTED_EDGE ( 'NONE', *, *, #2307, .F. ) ;
#1583 = DIRECTION ( 'NONE',  ( -0.000000000000000000, -0.000000000000000000, -1.000000000000000000 ) ) ;
#1584 = DIRECTION ( 'NONE',  ( -1.000000000000000000, 0.000000000000000000, 0.000000000000000000 ) ) ;
#1585 = EDGE_LOOP ( 'NONE', ( #1734, #481, #2493, #1568 ) ) ;
#1586 = ORIENTED_EDGE ( 'NONE', *, *, #2375, .T. ) ;
#1587 = DIRECTION ( 'NONE',  ( 1.000000000000000000, 1.265353230805084169E-13, 0.000000000000000000 ) ) ;
#1588 = FACE_OUTER_BOUND ( 'NONE', #2297, .T. ) ;
#1589 = ADVANCED_FACE ( 'NONE', ( #759 ), #516, .T. ) ;
#1590 = ORIENTED_EDGE ( 'NONE', *, *, #3316, .T. ) ;
#1591 = STYLED_ITEM ( 'NONE', ( #2999 ), #436 ) ;
#1592 = CARTESIAN_POINT ( 'NONE',  ( 1490.936500404526669, 353.3728227475089625, 1.500000000000000000 ) ) ;
#1593 = ORIENTED_EDGE ( 'NONE', *, *, #784, .F. ) ;
#1594 = DIRECTION ( 'NONE',  ( 1.000000000000000000, 0.000000000000000000, 0.000000000000000000 ) ) ;
#1595 = CARTESIAN_POINT ( 'NONE',  ( 1556.351344794519036, 346.7728227475087692, 0.000000000000000000 ) ) ;
#1596 = EDGE_CURVE ( 'NONE', #2831, #3040, #1276, .T. ) ;
#1597 = ORIENTED_EDGE ( 'NONE', *, *, #1514, .F. ) ;
#1598 = CARTESIAN_POINT ( 'NONE',  ( 1496.885625510734371, 368.2728227475087124, 1.500000000000000000 ) ) ;
#1599 = CARTESIAN_POINT ( 'NONE',  ( 1550.301300790826645, 359.1728227475087465, 1.500000000000000000 ) ) ;
#1600 = ORIENTED_EDGE ( 'NONE', *, *, #2095, .T. ) ;
#1601 = VERTEX_POINT ( 'NONE', #2524 ) ;
#1602 = CARTESIAN_POINT ( 'NONE',  ( 1546.576825314126609, 368.4438328192086942, 1.500000000000000000 ) ) ;
#1603 = DIRECTION ( 'NONE',  ( 1.000000000000000000, 0.000000000000000000, 0.000000000000000000 ) ) ;
#1604 = EDGE_LOOP ( 'NONE', ( #1239, #2656, #2217, #792 ) ) ;
#1605 = AXIS2_PLACEMENT_3D ( 'NONE', #1191, #1252, #2529 ) ;
#1606 = CARTESIAN_POINT ( 'NONE',  ( 1551.674807614126621, 359.1728227475087465, 1.500000000000000000 ) ) ;
#1607 = AXIS2_PLACEMENT_3D ( 'NONE', #1202, #930, #1703 ) ;
#1608 = ORIENTED_EDGE ( 'NONE', *, *, #2010, .F. ) ;
#1609 = EDGE_CURVE ( 'NONE', #1340, #741, #642, .T. ) ;
#1610 = LINE ( 'NONE', #2077, #2080 ) ;
#1611 = DIRECTION ( 'NONE',  ( -0.000000000000000000, -0.000000000000000000, -1.000000000000000000 ) ) ;
#1612 = DIRECTION ( 'NONE',  ( 1.000000000000000000, 0.000000000000000000, 0.000000000000000000 ) ) ;
#1613 = ORIENTED_EDGE ( 'NONE', *, *, #1302, .T. ) ;
#1614 = EDGE_CURVE ( 'NONE', #1487, #183, #263, .T. ) ;
#1615 = CARTESIAN_POINT ( 'NONE',  ( 1546.106979003726337, 343.7728227475091671, 1.500000000000000000 ) ) ;
#1616 = LINE ( 'NONE', #878, #1304 ) ;
#1617 = ORIENTED_EDGE ( 'NONE', *, *, #1983, .T. ) ;
#1618 = ORIENTED_EDGE ( 'NONE', *, *, #98, .F. ) ;
#1619 = VERTEX_POINT ( 'NONE', #243 ) ;
#1620 = LINE ( 'NONE', #1115, #1877 ) ;
#1621 = CIRCLE ( 'NONE', #1242, 0.4999999999999449329 ) ;
#1622 = CIRCLE ( 'NONE', #3232, 0.4999999999999449329 ) ;
#1623 = FACE_OUTER_BOUND ( 'NONE', #1026, .T. ) ;
#1624 = AXIS2_PLACEMENT_3D ( 'NONE', #2559, #1492, #46 ) ;
#1625 = ORIENTED_EDGE ( 'NONE', *, *, #1325, .F. ) ;
#1626 = DIRECTION ( 'NONE',  ( 0.000000000000000000, 0.000000000000000000, 1.000000000000000000 ) ) ;
#1627 = CARTESIAN_POINT ( 'NONE',  ( 1506.188670798126623, 341.2728227475088261, 1.500000000000000000 ) ) ;
#1628 = LINE ( 'NONE', #2649, #1396 ) ;
#1629 = CARTESIAN_POINT ( 'NONE',  ( 1546.106979003726565, 368.7728227475088261, 1.500000000000000000 ) ) ;
#1630 = AXIS2_PLACEMENT_3D ( 'NONE', #2009, #2223, #1437 ) ;
#1631 = EDGE_CURVE ( 'NONE', #2808, #2675, #2895, .T. ) ;
#1632 = ORIENTED_EDGE ( 'NONE', *, *, #3068, .T. ) ;
#1633 = DIRECTION ( 'NONE',  ( 0.000000000000000000, 0.000000000000000000, 1.000000000000000000 ) ) ;
#1634 = CARTESIAN_POINT ( 'NONE',  ( 1511.118900597726906, 346.4067973437088312, 1.500000000000000000 ) ) ;
#1635 = EDGE_CURVE ( 'NONE', #910, #928, #42, .T. ) ;
#1636 = ORIENTED_EDGE ( 'NONE', *, *, #1054, .T. ) ;
#1637 = VERTEX_POINT ( 'NONE', #1787 ) ;
#1638 = FACE_OUTER_BOUND ( 'NONE', #2814, .T. ) ;
#1639 = ADVANCED_FACE ( 'NONE', ( #1262 ), #1294, .F. ) ;
#1640 = DIRECTION ( 'NONE',  ( -1.000000000000000000, 0.000000000000000000, 0.000000000000000000 ) ) ;
#1641 = ORIENTED_EDGE ( 'NONE', *, *, #2083, .F. ) ;
#1642 = CIRCLE ( 'NONE', #196, 0.4999999999999449329 ) ;
#1643 = LINE ( 'NONE', #1708, #2212 ) ;
#1644 = DIRECTION ( 'NONE',  ( -0.000000000000000000, -0.000000000000000000, -1.000000000000000000 ) ) ;
#1645 = CARTESIAN_POINT ( 'NONE',  ( 1535.049130397326508, 341.2728227475091103, 1.500000000000000000 ) ) ;
#1646 = ORIENTED_EDGE ( 'NONE', *, *, #711, .T. ) ;
#1647 = DIRECTION ( 'NONE',  ( 0.000000000000000000, 0.000000000000000000, 1.000000000000000000 ) ) ;
#1648 = LINE ( 'NONE', #2373, #285 ) ;
#1649 = EDGE_CURVE ( 'NONE', #2338, #1315, #371, .T. ) ;
#1650 = VERTEX_POINT ( 'NONE', #1046 ) ;
#1651 = ORIENTED_EDGE ( 'NONE', *, *, #3151, .F. ) ;
#1652 = FACE_OUTER_BOUND ( 'NONE', #3106, .T. ) ;
#1653 = EDGE_CURVE ( 'NONE', #1637, #808, #1502, .T. ) ;
#1654 = FACE_OUTER_BOUND ( 'NONE', #2639, .T. ) ;
#1655 = ORIENTED_EDGE ( 'NONE', *, *, #1341, .T. ) ;
#1656 = VECTOR ( 'NONE', #2632, 1000.000000000000000 ) ;
#1657 = EDGE_CURVE ( 'NONE', #3031, #2822, #1565, .T. ) ;
#1658 = CARTESIAN_POINT ( 'NONE',  ( 1528.118900597726679, 351.7728227475088261, 1.500000000000000000 ) ) ;
#1659 = VECTOR ( 'NONE', #1509, 1000.000000000000000 ) ;
#1660 = LINE ( 'NONE', #1154, #312 ) ;
#1661 = CARTESIAN_POINT ( 'NONE',  ( 1497.318638212626638, 368.5228227475088829, 1.500000000000000000 ) ) ;
#1662 = DIRECTION ( 'NONE',  ( 0.4999999999949212848, 0.8660254037873708066, 0.000000000000000000 ) ) ;
#1663 = EDGE_LOOP ( 'NONE', ( #2421, #1951, #2270, #224 ) ) ;
#1664 = CARTESIAN_POINT ( 'NONE',  ( 1530.118900597726679, 346.4067973437088312, 1.500000000000000000 ) ) ;
#1665 = CARTESIAN_POINT ( 'NONE',  ( 1558.962669659926632, 365.7728227475088261, 1.500000000000000000 ) ) ;
#1666 = VECTOR ( 'NONE', #2633, 1000.000000000000000 ) ;
#1667 = ORIENTED_EDGE ( 'NONE', *, *, #1783, .T. ) ;
#1668 = ORIENTED_EDGE ( 'NONE', *, *, #1117, .F. ) ;
#1669 = DIRECTION ( 'NONE',  ( 1.000000000000000000, 1.581691538506154777E-13, 0.000000000000000000 ) ) ;
#1670 = CYLINDRICAL_SURFACE ( 'NONE', #1442, 0.5000000000001669775 ) ;
#1671 = EDGE_CURVE ( 'NONE', #1650, #1066, #1060, .T. ) ;
#1672 = DIRECTION ( 'NONE',  ( 0.000000000000000000, -0.000000000000000000, 1.000000000000000000 ) ) ;
#1673 = EDGE_CURVE ( 'NONE', #2997, #1680, #2082, .T. ) ;
#1674 = DIRECTION ( 'NONE',  ( -0.3420201433252698653, -0.9396926207860535341, 0.000000000000000000 ) ) ;
#1675 = CIRCLE ( 'NONE', #3173, 0.4999999999999449329 ) ;
#1676 = DIRECTION ( 'NONE',  ( 0.000000000000000000, 0.000000000000000000, 1.000000000000000000 ) ) ;
#1677 = EDGE_CURVE ( 'NONE', #943, #1124, #257, .T. ) ;
#1678 = CARTESIAN_POINT ( 'NONE',  ( 1497.318638212626638, 368.5228227475088829, 1.500000000000000000 ) ) ;
#1679 = CARTESIAN_POINT ( 'NONE',  ( 1485.319469102826588, 346.5228227475090534, 0.000000000000000000 ) ) ;
#1680 = VERTEX_POINT ( 'NONE', #2054 ) ;
#1681 = AXIS2_PLACEMENT_3D ( 'NONE', #397, #1723, #1169 ) ;
#1682 = DIRECTION ( 'NONE',  ( 1.000000000000000000, 0.000000000000000000, 0.000000000000000000 ) ) ;
#1683 = DIRECTION ( 'NONE',  ( -1.000000000000000000, 0.000000000000000000, 0.000000000000000000 ) ) ;
#1684 = EDGE_LOOP ( 'NONE', ( #3197, #1651, #344, #1451 ) ) ;
#1685 = ORIENTED_EDGE ( 'NONE', *, *, #531, .T. ) ;
#1686 = DIRECTION ( 'NONE',  ( -0.000000000000000000, -0.000000000000000000, -1.000000000000000000 ) ) ;
#1687 = CIRCLE ( 'NONE', #882, 2.000000000000001776 ) ;
#1688 = LINE ( 'NONE', #1489, #460 ) ;
#1689 = CYLINDRICAL_SURFACE ( 'NONE', #958, 0.4999999999999449329 ) ;
#1690 = VERTEX_POINT ( 'NONE', #3108 ) ;
#1691 = FACE_OUTER_BOUND ( 'NONE', #1226, .T. ) ;
#1692 = AXIS2_PLACEMENT_3D ( 'NONE', #907, #1885, #3227 ) ;
#1693 = CARTESIAN_POINT ( 'NONE',  ( 1481.775131535526725, 346.7728227475088261, 1.500000000000000000 ) ) ;
#1694 = CARTESIAN_POINT ( 'NONE',  ( 1505.718824487726579, 341.6018126759088318, 1.500000000000000000 ) ) ;
#1695 = DIRECTION ( 'NONE',  ( -0.000000000000000000, -0.000000000000000000, -1.000000000000000000 ) ) ;
#1696 = VERTEX_POINT ( 'NONE', #2824 ) ;
#1697 = ORIENTED_EDGE ( 'NONE', *, *, #1495, .F. ) ;
#1698 = DIRECTION ( 'NONE',  ( 1.000000000000000000, 0.000000000000000000, 0.000000000000000000 ) ) ;
#1699 = EDGE_CURVE ( 'NONE', #2931, #1268, #530, .T. ) ;
#1700 = DIRECTION ( 'NONE',  ( -1.000000000000000000, 0.000000000000000000, 0.000000000000000000 ) ) ;
#1701 = EDGE_LOOP ( 'NONE', ( #1381, #166, #2092, #348 ) ) ;
#1702 = ORIENTED_EDGE ( 'NONE', *, *, #3086, .F. ) ;
#1703 = DIRECTION ( 'NONE',  ( -1.000000000000000000, 0.000000000000000000, 0.000000000000000000 ) ) ;
#1704 = DIRECTION ( 'NONE',  ( -1.000000000000000000, -1.265353230805084169E-13, 0.000000000000000000 ) ) ;
#1705 = DIRECTION ( 'NONE',  ( 0.000000000000000000, -0.000000000000000000, 1.000000000000000000 ) ) ;
#1706 = ORIENTED_EDGE ( 'NONE', *, *, #1673, .F. ) ;
#1707 = DIRECTION ( 'NONE',  ( -1.000000000000000000, 0.000000000000000000, 0.000000000000000000 ) ) ;
#1708 = CARTESIAN_POINT ( 'NONE',  ( 1538.409635639826774, 363.0018126759086954, 1.500000000000000000 ) ) ;
#1709 = CARTESIAN_POINT ( 'NONE',  ( 1530.118900597726679, 366.1388481513088209, 0.000000000000000000 ) ) ;
#1710 = DIRECTION ( 'NONE',  ( 1.000000000000000000, 0.000000000000000000, 0.000000000000000000 ) ) ;
#1711 = ADVANCED_FACE ( 'NONE', ( #2340 ), #3312, .F. ) ;
#1712 = ORIENTED_EDGE ( 'NONE', *, *, #2825, .F. ) ;
#1713 = VERTEX_POINT ( 'NONE', #543 ) ;
#1714 = DIRECTION ( 'NONE',  ( 0.000000000000000000, 0.000000000000000000, 1.000000000000000000 ) ) ;
#1715 = PLANE ( 'NONE',  #1360 ) ;
#1716 = AXIS2_PLACEMENT_3D ( 'NONE', #2555, #3297, #3076 ) ;
#1717 = ADVANCED_FACE ( 'NONE', ( #2586 ), #1313, .F. ) ;
#1718 = ORIENTED_EDGE ( 'NONE', *, *, #726, .T. ) ;
#1719 = ORIENTED_EDGE ( 'NONE', *, *, #1185, .F. ) ;
#1720 = CIRCLE ( 'NONE', #1183, 0.4999999999999449329 ) ;
#1721 = CARTESIAN_POINT ( 'NONE',  ( 1530.118900597726679, 366.1388481513088209, 1.500000000000000000 ) ) ;
#1722 = VECTOR ( 'NONE', #2851, 1000.000000000000000 ) ;
#1723 = DIRECTION ( 'NONE',  ( 0.000000000000000000, 0.000000000000000000, 1.000000000000000000 ) ) ;
#1724 = FACE_OUTER_BOUND ( 'NONE', #572, .T. ) ;
#1725 = DIRECTION ( 'NONE',  ( -0.4999999999949212848, -0.8660254037873708066, 0.000000000000000000 ) ) ;
#1726 = CARTESIAN_POINT ( 'NONE',  ( 1482.275131535526725, 365.7728227475088261, 1.500000000000000000 ) ) ;
#1727 = DIRECTION ( 'NONE',  ( -0.000000000000000000, -0.000000000000000000, -1.000000000000000000 ) ) ;
#1728 = VECTOR ( 'NONE', #2295, 1000.000000000000000 ) ;
#1729 = CIRCLE ( 'NONE', #452, 0.5000000000001669775 ) ;
#1730 = VERTEX_POINT ( 'NONE', #2891 ) ;
#1731 = LINE ( 'NONE', #2003, #34 ) ;
#1732 = DIRECTION ( 'NONE',  ( -1.000000000000000000, 0.000000000000000000, 0.000000000000000000 ) ) ;
#1733 = EDGE_CURVE ( 'NONE', #1923, #758, #595, .T. ) ;
#1734 = ORIENTED_EDGE ( 'NONE', *, *, #1319, .T. ) ;
#1735 = ORIENTED_EDGE ( 'NONE', *, *, #1284, .F. ) ;
#1736 = AXIS2_PLACEMENT_3D ( 'NONE', #2927, #1330, #340 ) ;
#1737 = CARTESIAN_POINT ( 'NONE',  ( 1550.301300790826645, 353.3728227475089625, 1.500000000000000000 ) ) ;
#1738 = CARTESIAN_POINT ( 'NONE',  ( 1511.051913299626449, 346.1567973437088312, 0.000000000000000000 ) ) ;
#1739 = CIRCLE ( 'NONE', #289, 0.5000000000001669775 ) ;
#1740 = DIRECTION ( 'NONE',  ( -0.000000000000000000, -0.000000000000000000, -1.000000000000000000 ) ) ;
#1741 = EDGE_CURVE ( 'NONE', #3093, #1713, #1904, .T. ) ;
#1742 = CARTESIAN_POINT ( 'NONE',  ( 1552.107820315926574, 359.4228227475086896, 1.500000000000000000 ) ) ;
#1743 = CARTESIAN_POINT ( 'NONE',  ( 1530.118900597726679, 346.4067973437088312, 0.000000000000000000 ) ) ;
#1744 = DIRECTION ( 'NONE',  ( 1.000000000000000000, 0.000000000000000000, 0.000000000000000000 ) ) ;
#1745 = VERTEX_POINT ( 'NONE', #72 ) ;
#1746 = CIRCLE ( 'NONE', #888, 0.4999999999999449329 ) ;
#1747 = DIRECTION ( 'NONE',  ( 1.000000000000000000, 0.000000000000000000, 0.000000000000000000 ) ) ;
#1748 = CYLINDRICAL_SURFACE ( 'NONE', #2793, 0.5000000000001669775 ) ;
#1749 = ORIENTED_EDGE ( 'NONE', *, *, #2512, .T. ) ;
#1750 = ORIENTED_EDGE ( 'NONE', *, *, #2726, .T. ) ;
#1751 = EDGE_CURVE ( 'NONE', #1857, #498, #1523, .T. ) ;
#1752 = CARTESIAN_POINT ( 'NONE',  ( 1495.130822191726566, 343.7728227475088261, 1.500000000000000000 ) ) ;
#1753 = VECTOR ( 'NONE', #1662, 1000.000000000000114 ) ;
#1754 = EDGE_CURVE ( 'NONE', #40, #1019, #2855, .T. ) ;
#1755 = PLANE ( 'NONE',  #2267 ) ;
#1756 = CARTESIAN_POINT ( 'NONE',  ( 1538.879481950226818, 362.6728227475086328, 0.000000000000000000 ) ) ;
#1757 = DIRECTION ( 'NONE',  ( -0.000000000000000000, -0.000000000000000000, -1.000000000000000000 ) ) ;
#1758 = EDGE_CURVE ( 'NONE', #3296, #1243, #1648, .T. ) ;
#1759 = CARTESIAN_POINT ( 'NONE',  ( 1485.319469102826588, 366.0228227475088829, 1.500000000000000000 ) ) ;
#1760 = CARTESIAN_POINT ( 'NONE',  ( 1540.252988773434254, 363.1728227475087465, 1.500000000000000000 ) ) ;
#1761 = VECTOR ( 'NONE', #616, 1000.000000000000000 ) ;
#1762 = ADVANCED_FACE ( 'NONE', ( #1347 ), #2638, .T. ) ;
#1763 = VERTEX_POINT ( 'NONE', #1867 ) ;
#1764 = CYLINDRICAL_SURFACE ( 'NONE', #1912, 0.4999999999999449329 ) ;
#1765 = AXIS2_PLACEMENT_3D ( 'NONE', #801, #1827, #1087 ) ;
#1766 = DIRECTION ( 'NONE',  ( -1.000000000000000000, 0.000000000000000000, 0.000000000000000000 ) ) ;
#1767 = EDGE_LOOP ( 'NONE', ( #2150, #767, #3044, #2584 ) ) ;
#1768 = VERTEX_POINT ( 'NONE', #2874 ) ;
#1769 = VECTOR ( 'NONE', #152, 1000.000000000000227 ) ;
#1770 = DIRECTION ( 'NONE',  ( 0.000000000000000000, 0.000000000000000000, 1.000000000000000000 ) ) ;
#1771 = DIRECTION ( 'NONE',  ( 1.000000000000000000, 0.000000000000000000, 0.000000000000000000 ) ) ;
#1772 = FACE_OUTER_BOUND ( 'NONE', #2391, .T. ) ;
#1773 = CARTESIAN_POINT ( 'NONE',  ( 1530.118900597726679, 366.1388481513088209, 1.500000000000000000 ) ) ;
#1774 = EDGE_CURVE ( 'NONE', #2377, #372, #1616, .T. ) ;
#1775 = VECTOR ( 'NONE', #838, 1000.000000000000000 ) ;
#1776 = ORIENTED_EDGE ( 'NONE', *, *, #2241, .T. ) ;
#1777 = LINE ( 'NONE', #2568, #1874 ) ;
#1778 = ADVANCED_FACE ( 'NONE', ( #3142 ), #106, .T. ) ;
#1779 = CARTESIAN_POINT ( 'NONE',  ( 1549.831454480526645, 359.5018126759086954, 1.500000000000000000 ) ) ;
#1780 = ORIENTED_EDGE ( 'NONE', *, *, #2789, .F. ) ;
#1781 = DIRECTION ( 'NONE',  ( 1.000000000000000000, 0.000000000000000000, 0.000000000000000000 ) ) ;
#1782 = DIRECTION ( 'NONE',  ( 0.000000000000000000, -0.000000000000000000, 1.000000000000000000 ) ) ;
#1783 = EDGE_CURVE ( 'NONE', #3031, #1164, #1831, .T. ) ;
#1784 = VECTOR ( 'NONE', #2339, 1000.000000000000000 ) ;
#1785 = ORIENTED_EDGE ( 'NONE', *, *, #1510, .T. ) ;
#1786 = ORIENTED_EDGE ( 'NONE', *, *, #829, .T. ) ;
#1787 = CARTESIAN_POINT ( 'NONE',  ( 1532.861314376326618, 341.5228227475088261, 1.500000000000000000 ) ) ;
#1788 = APPLICATION_PROTOCOL_DEFINITION ( 'draft international standard', 'automotive_design', 1998, #995 ) ;
#1789 = ORIENTED_EDGE ( 'NONE', *, *, #1015, .T. ) ;
#1790 = DIRECTION ( 'NONE',  ( 1.000000000000000000, 0.000000000000000000, 0.000000000000000000 ) ) ;
#1791 = VECTOR ( 'NONE', #2604, 1000.000000000000000 ) ;
#1792 = DIRECTION ( 'NONE',  ( -1.000000000000000000, 0.000000000000000000, 0.000000000000000000 ) ) ;
#1793 = VERTEX_POINT ( 'NONE', #1364 ) ;
#1794 = EDGE_CURVE ( 'NONE', #2280, #1109, #2429, .T. ) ;
#1795 = CARTESIAN_POINT ( 'NONE',  ( 1485.319469102826588, 366.0228227475088829, 1.500000000000000000 ) ) ;
#1796 = ORIENTED_EDGE ( 'NONE', *, *, #3195, .T. ) ;
#1797 = LINE ( 'NONE', #1055, #2601 ) ;
#1798 = CARTESIAN_POINT ( 'NONE',  ( 1535.518976707726324, 341.6018126759088318, 0.000000000000000000 ) ) ;
#1799 = ORIENTED_EDGE ( 'NONE', *, *, #3293, .T. ) ;
#1800 = ORIENTED_EDGE ( 'NONE', *, *, #2726, .F. ) ;
#1801 = DIRECTION ( 'NONE',  ( 0.000000000000000000, 0.000000000000000000, 1.000000000000000000 ) ) ;
#1802 = CIRCLE ( 'NONE', #2281, 0.4999999999999449329 ) ;
#1803 = ORIENTED_EDGE ( 'NONE', *, *, #1072, .T. ) ;
#1804 = FACE_OUTER_BOUND ( 'NONE', #424, .T. ) ;
#1805 = DIRECTION ( 'NONE',  ( -1.000000000000000000, 0.000000000000000000, 0.000000000000000000 ) ) ;
#1806 = ORIENTED_EDGE ( 'NONE', *, *, #829, .F. ) ;
#1807 = DIRECTION ( 'NONE',  ( -0.000000000000000000, -0.000000000000000000, -1.000000000000000000 ) ) ;
#1808 = ORIENTED_EDGE ( 'NONE', *, *, #1430, .T. ) ;
#1809 = DIRECTION ( 'NONE',  ( -1.000000000000000000, 0.000000000000000000, 0.000000000000000000 ) ) ;
#1810 = CARTESIAN_POINT ( 'NONE',  ( 1500.984812422018877, 363.1728227475088033, 1.500000000000000000 ) ) ;
#1811 = CIRCLE ( 'NONE', #1012, 0.4999999999999449329 ) ;
#1812 = ADVANCED_FACE ( 'NONE', ( #2389 ), #1126, .F. ) ;
#1813 = EDGE_CURVE ( 'NONE', #514, #2848, #1111, .T. ) ;
#1814 = ORIENTED_EDGE ( 'NONE', *, *, #273, .F. ) ;
#1815 = DIRECTION ( 'NONE',  ( 0.000000000000000000, 0.000000000000000000, 1.000000000000000000 ) ) ;
#1816 = CARTESIAN_POINT ( 'NONE',  ( 1513.118900597726906, 358.7728227475088261, 1.500000000000000000 ) ) ;
#1817 = EDGE_CURVE ( 'NONE', #2808, #490, #2167, .T. ) ;
#1818 = ORIENTED_EDGE ( 'NONE', *, *, #2253, .T. ) ;
#1819 = ORIENTED_EDGE ( 'NONE', *, *, #81, .F. ) ;
#1820 = LINE ( 'NONE', #828, #168 ) ;
#1821 = VECTOR ( 'NONE', #2799, 1000.000000000000000 ) ;
#1822 = CARTESIAN_POINT ( 'NONE',  ( 1551.674807614126621, 359.1728227475087465, 0.000000000000000000 ) ) ;
#1823 = VERTEX_POINT ( 'NONE', #2148 ) ;
#1824 = CYLINDRICAL_SURFACE ( 'NONE', #67, 0.5000000000001669775 ) ;
#1825 = AXIS2_PLACEMENT_3D ( 'NONE', #2065, #2772, #1009 ) ;
#1826 = EDGE_LOOP ( 'NONE', ( #1613, #2901, #3015, #2553 ) ) ;
#1827 = DIRECTION ( 'NONE',  ( 0.000000000000000000, -1.000000000000000000, 0.000000000000000000 ) ) ;
#1828 = DIRECTION ( 'NONE',  ( 0.000000000000000000, 0.000000000000000000, 1.000000000000000000 ) ) ;
#1829 = ORIENTED_EDGE ( 'NONE', *, *, #568, .T. ) ;
#1830 = FACE_OUTER_BOUND ( 'NONE', #603, .T. ) ;
#1831 = LINE ( 'NONE', #1634, #1089 ) ;
#1832 = EDGE_CURVE ( 'NONE', #3093, #2865, #2358, .T. ) ;
#1833 = AXIS2_PLACEMENT_3D ( 'NONE', #835, #851, #1305 ) ;
#1834 = ORIENTED_EDGE ( 'NONE', *, *, #2516, .F. ) ;
#1835 = VERTEX_POINT ( 'NONE', #1077 ) ;
#1836 = CARTESIAN_POINT ( 'NONE',  ( 1491.406346714926713, 359.5018126759086954, 1.500000000000000000 ) ) ;
#1837 = AXIS2_PLACEMENT_3D ( 'NONE', #1506, #3062, #200 ) ;
#1838 = DIRECTION ( 'NONE',  ( -0.000000000000000000, -0.000000000000000000, -1.000000000000000000 ) ) ;
#1839 = CIRCLE ( 'NONE', #2696, 0.5000000000001669775 ) ;
#1840 = EDGE_LOOP ( 'NONE', ( #3132, #608, #721, #1096 ) ) ;
#1841 = EDGE_CURVE ( 'NONE', #377, #2588, #2809, .T. ) ;
#1842 = AXIS2_PLACEMENT_3D ( 'NONE', #2755, #1973, #1448 ) ;
#1843 = DIRECTION ( 'NONE',  ( -1.000000000000000000, -1.581691538506555392E-13, 0.000000000000000000 ) ) ;
#1844 = VERTEX_POINT ( 'NONE', #1887 ) ;
#1845 = AXIS2_PLACEMENT_3D ( 'NONE', #2992, #922, #1174 ) ;
#1846 = DIRECTION ( 'NONE',  ( -0.000000000000000000, -0.000000000000000000, -1.000000000000000000 ) ) ;
#1847 = CARTESIAN_POINT ( 'NONE',  ( 1513.118900597726906, 353.7728227475088261, 1.500000000000000000 ) ) ;
#1848 = ORIENTED_EDGE ( 'NONE', *, *, #38, .F. ) ;
#1849 = VECTOR ( 'NONE', #2652, 1000.000000000000000 ) ;
#1850 = PLANE ( 'NONE',  #2319 ) ;
#1851 = CYLINDRICAL_SURFACE ( 'NONE', #2973, 0.5000000000001669775 ) ;
#1852 = ORIENTED_EDGE ( 'NONE', *, *, #1813, .T. ) ;
#1853 = VERTEX_POINT ( 'NONE', #3124 ) ;
#1854 = DIRECTION ( 'NONE',  ( -0.000000000000000000, -0.000000000000000000, -1.000000000000000000 ) ) ;
#1855 = DIRECTION ( 'NONE',  ( -0.000000000000000000, -0.000000000000000000, -1.000000000000000000 ) ) ;
#1856 = ADVANCED_FACE ( 'NONE', ( #824 ), #1851, .T. ) ;
#1857 = VERTEX_POINT ( 'NONE', #1486 ) ;
#1858 = LINE ( 'NONE', #1373, #385 ) ;
#1859 = EDGE_CURVE ( 'NONE', #1011, #2475, #2472, .T. ) ;
#1860 = ORIENTED_EDGE ( 'NONE', *, *, #890, .F. ) ;
#1861 = PLANE ( 'NONE',  #1064 ) ;
#1862 = DIRECTION ( 'NONE',  ( 1.000000000000000000, 0.000000000000000000, 0.000000000000000000 ) ) ;
#1863 = ADVANCED_FACE ( 'NONE', ( #2980 ), #945, .T. ) ;
#1864 = CARTESIAN_POINT ( 'NONE',  ( 1559.462669659926860, 365.7728227475088261, 1.500000000000000000 ) ) ;
#1865 = VERTEX_POINT ( 'NONE', #3228 ) ;
#1866 = CARTESIAN_POINT ( 'NONE',  ( 1540.252988773426750, 349.8728227475090193, 1.500000000000000000 ) ) ;
#1867 = CARTESIAN_POINT ( 'NONE',  ( 1497.318638212626638, 368.5228227475088829, 0.000000000000000000 ) ) ;
#1868 = AXIS2_PLACEMENT_3D ( 'NONE', #147, #2674, #1420 ) ;
#1869 = ORIENTED_EDGE ( 'NONE', *, *, #3170, .F. ) ;
#1870 = ORIENTED_EDGE ( 'NONE', *, *, #1162, .T. ) ;
#1871 = CARTESIAN_POINT ( 'NONE',  ( 1502.828165555626583, 363.0018126759086954, 0.000000000000000000 ) ) ;
#1872 = CARTESIAN_POINT ( 'NONE',  ( 1540.252988773426750, 349.8728227475090193, 1.500000000000000000 ) ) ;
#1873 = ORIENTED_EDGE ( 'NONE', *, *, #1153, .T. ) ;
#1874 = VECTOR ( 'NONE', #2792, 1000.000000000000000 ) ;
#1875 = ADVANCED_FACE ( 'NONE', ( #1177 ), #1715, .T. ) ;
#1876 = LINE ( 'NONE', #1896, #277 ) ;
#1877 = VECTOR ( 'NONE', #325, 1000.000000000000000 ) ;
#1878 = ORIENTED_EDGE ( 'NONE', *, *, #469, .F. ) ;
#1879 = CARTESIAN_POINT ( 'NONE',  ( 1497.318638212626638, 368.5228227475088829, 1.500000000000000000 ) ) ;
#1880 = EDGE_CURVE ( 'NONE', #1141, #1062, #2538, .T. ) ;
#1881 = CARTESIAN_POINT ( 'NONE',  ( 1543.919162982726448, 368.5228227475088829, 1.500000000000000000 ) ) ;
#1882 = VECTOR ( 'NONE', #3042, 1000.000000000000114 ) ;
#1883 = CARTESIAN_POINT ( 'NONE',  ( 1497.318638212626638, 344.0228227475088261, 0.000000000000000000 ) ) ;
#1884 = VERTEX_POINT ( 'NONE', #2739 ) ;
#1885 = DIRECTION ( 'NONE',  ( -0.000000000000000000, -0.000000000000000000, -1.000000000000000000 ) ) ;
#1886 = ADVANCED_FACE ( 'NONE', ( #2684 ), #1919, .T. ) ;
#1887 = CARTESIAN_POINT ( 'NONE',  ( 1546.106979003726565, 368.7728227475088261, 0.000000000000000000 ) ) ;
#1888 = VERTEX_POINT ( 'NONE', #175 ) ;
#1889 = VERTEX_POINT ( 'NONE', #2506 ) ;
#1890 = DIRECTION ( 'NONE',  ( 1.581691538506154777E-13, -1.000000000000000000, 0.000000000000000000 ) ) ;
#1891 = CIRCLE ( 'NONE', #447, 0.5000000000001669775 ) ;
#1892 = CIRCLE ( 'NONE', #2050, 0.5000000000001669775 ) ;
#1893 = DIRECTION ( 'NONE',  ( -1.000000000000000000, 0.000000000000000000, 0.000000000000000000 ) ) ;
#1894 = CIRCLE ( 'NONE', #2852, 0.4999999999999449329 ) ;
#1895 = ORIENTED_EDGE ( 'NONE', *, *, #2817, .F. ) ;
#1896 = CARTESIAN_POINT ( 'NONE',  ( 1546.576825314126609, 368.4438328192086942, 1.500000000000000000 ) ) ;
#1897 = EDGE_CURVE ( 'NONE', #1835, #2439, #2704, .T. ) ;
#1898 = DIRECTION ( 'NONE',  ( 1.000000000000000000, 8.503139837832923902E-14, 0.000000000000000000 ) ) ;
#1899 = DIRECTION ( 'NONE',  ( -1.000000000000000000, 0.000000000000000000, 0.000000000000000000 ) ) ;
#1900 = EDGE_CURVE ( 'NONE', #2671, #3093, #2008, .T. ) ;
#1901 = CIRCLE ( 'NONE', #3029, 0.4999999999999449329 ) ;
#1902 = ORIENTED_EDGE ( 'NONE', *, *, #1058, .T. ) ;
#1903 = DIRECTION ( 'NONE',  ( -0.000000000000000000, -0.000000000000000000, -1.000000000000000000 ) ) ;
#1904 = LINE ( 'NONE', #1599, #509 ) ;
#1905 = ADVANCED_BREP_SHAPE_REPRESENTATION ( 'XMas_UT_t1p5', ( #436, #1172 ), #2294 ) ;
#1906 = EDGE_CURVE ( 'NONE', #2040, #3111, #558, .T. ) ;
#1907 = ORIENTED_EDGE ( 'NONE', *, *, #2862, .F. ) ;
#1908 = ORIENTED_EDGE ( 'NONE', *, *, #711, .F. ) ;
#1909 = CARTESIAN_POINT ( 'NONE',  ( 1528.118900597726679, 351.7728227475088261, 0.000000000000000000 ) ) ;
#1910 = DIRECTION ( 'NONE',  ( 0.9396926207860535341, -0.3420201433252699208, 0.000000000000000000 ) ) ;
#1911 = ORIENTED_EDGE ( 'NONE', *, *, #1677, .F. ) ;
#1912 = AXIS2_PLACEMENT_3D ( 'NONE', #2737, #977, #495 ) ;
#1913 = LINE ( 'NONE', #954, #765 ) ;
#1914 = CARTESIAN_POINT ( 'NONE',  ( 1482.275131535526725, 366.2728227475088261, 0.000000000000000000 ) ) ;
#1915 = FACE_OUTER_BOUND ( 'NONE', #3259, .T. ) ;
#1916 = DIRECTION ( 'NONE',  ( -0.000000000000000000, -0.000000000000000000, -1.000000000000000000 ) ) ;
#1917 = VERTEX_POINT ( 'NONE', #908 ) ;
#1918 = DIRECTION ( 'NONE',  ( -1.000000000000000000, 0.000000000000000000, 0.000000000000000000 ) ) ;
#1919 = CYLINDRICAL_SURFACE ( 'NONE', #1842, 0.5000000000001669775 ) ;
#1920 = ADVANCED_FACE ( 'NONE', ( #2996 ), #2182, .F. ) ;
#1921 = ADVANCED_FACE ( 'NONE', ( #388 ), #464, .T. ) ;
#1922 = ORIENTED_EDGE ( 'NONE', *, *, #222, .T. ) ;
#1923 = VERTEX_POINT ( 'NONE', #1415 ) ;
#1924 = CARTESIAN_POINT ( 'NONE',  ( 1540.686001475326520, 362.9228227475086896, 1.500000000000000000 ) ) ;
#1925 = ADVANCED_FACE ( 'NONE', ( #2437 ), #409, .T. ) ;
#1926 = AXIS2_PLACEMENT_3D ( 'NONE', #1370, #2171, #915 ) ;
#1927 = PLANE ( 'NONE',  #3000 ) ;
#1928 = VERTEX_POINT ( 'NONE', #1229 ) ;
#1929 = AXIS2_PLACEMENT_3D ( 'NONE', #2048, #2317, #1809 ) ;
#1930 = DIRECTION ( 'NONE',  ( 0.000000000000000000, -1.000000000000000000, 0.000000000000000000 ) ) ;
#1931 = VECTOR ( 'NONE', #1898, 1000.000000000000000 ) ;
#1932 = CARTESIAN_POINT ( 'NONE',  ( 1559.462669659926860, 365.7728227475088261, 0.000000000000000000 ) ) ;
#1933 = CARTESIAN_POINT ( 'NONE',  ( 1505.718824487726579, 341.6018126759087181, 1.500000000000000000 ) ) ;
#1934 = DIRECTION ( 'NONE',  ( -0.000000000000000000, -0.000000000000000000, -1.000000000000000000 ) ) ;
#1935 = EDGE_LOOP ( 'NONE', ( #60, #891, #2071, #827 ) ) ;
#1936 = DIRECTION ( 'NONE',  ( -1.000000000000000000, 0.000000000000000000, 0.000000000000000000 ) ) ;
#1937 = CARTESIAN_POINT ( 'NONE',  ( 1500.984812422026607, 349.8728227475089625, 1.500000000000000000 ) ) ;
#1938 = VECTOR ( 'NONE', #606, 1000.000000000000114 ) ;
#1939 = ORIENTED_EDGE ( 'NONE', *, *, #140, .T. ) ;
#1940 = ORIENTED_EDGE ( 'NONE', *, *, #489, .T. ) ;
#1941 = DIRECTION ( 'NONE',  ( 1.000000000000000000, 0.000000000000000000, 0.000000000000000000 ) ) ;
#1942 = DIRECTION ( 'NONE',  ( -0.000000000000000000, -0.000000000000000000, -1.000000000000000000 ) ) ;
#1943 = FACE_OUTER_BOUND ( 'NONE', #2835, .T. ) ;
#1944 = ORIENTED_EDGE ( 'NONE', *, *, #2537, .T. ) ;
#1945 = DIRECTION ( 'NONE',  ( 0.000000000000000000, 1.000000000000000000, 0.000000000000000000 ) ) ;
#1946 = AXIS2_PLACEMENT_3D ( 'NONE', #1658, #2676, #2428 ) ;
#1947 = DIRECTION ( 'NONE',  ( -0.000000000000000000, -0.000000000000000000, -1.000000000000000000 ) ) ;
#1948 = EDGE_CURVE ( 'NONE', #2055, #749, #1576, .T. ) ;
#1949 = DIRECTION ( 'NONE',  ( -0.000000000000000000, -0.000000000000000000, -1.000000000000000000 ) ) ;
#1950 = CARTESIAN_POINT ( 'NONE',  ( 1513.118900597726906, 351.7728227475088261, 0.000000000000000000 ) ) ;
#1951 = ORIENTED_EDGE ( 'NONE', *, *, #768, .F. ) ;
#1952 = ORIENTED_EDGE ( 'NONE', *, *, #319, .T. ) ;
#1953 = DIRECTION ( 'NONE',  ( 0.000000000000000000, 0.000000000000000000, 1.000000000000000000 ) ) ;
#1954 = AXIS2_PLACEMENT_3D ( 'NONE', #2219, #192, #641 ) ;
#1955 = DIRECTION ( 'NONE',  ( 1.000000000000000000, 0.000000000000000000, 0.000000000000000000 ) ) ;
#1956 = VERTEX_POINT ( 'NONE', #962 ) ;
#1957 = ORIENTED_EDGE ( 'NONE', *, *, #3035, .T. ) ;
#1958 = CARTESIAN_POINT ( 'NONE',  ( 1500.551799720126610, 349.6228227475089625, 0.000000000000000000 ) ) ;
#1959 = CARTESIAN_POINT ( 'NONE',  ( 1552.107820315926574, 353.1228227475089625, 1.500000000000000000 ) ) ;
#1960 = DIRECTION ( 'NONE',  ( -0.000000000000000000, -0.000000000000000000, -1.000000000000000000 ) ) ;
#1961 = PLANE ( 'NONE',  #3125 ) ;
#1962 = LINE ( 'NONE', #2989, #2637 ) ;
#1963 = AXIS2_PLACEMENT_3D ( 'NONE', #926, #1953, #2147 ) ;
#1964 = EDGE_CURVE ( 'NONE', #1195, #3060, #3193, .T. ) ;
#1965 = CARTESIAN_POINT ( 'NONE',  ( 1551.674807614034535, 352.8728227475089056, 1.500000000000000000 ) ) ;
#1966 = DIRECTION ( 'NONE',  ( 1.000000000000000000, -1.265353230876974262E-13, 0.000000000000000000 ) ) ;
#1967 = AXIS2_PLACEMENT_3D ( 'NONE', #3079, #2120, #2571 ) ;
#1968 = DIRECTION ( 'NONE',  ( 0.000000000000000000, 0.000000000000000000, 1.000000000000000000 ) ) ;
#1969 = ADVANCED_FACE ( 'NONE', ( #2454 ), #1532, .F. ) ;
#1970 = ORIENTED_EDGE ( 'NONE', *, *, #2902, .T. ) ;
#1971 = ORIENTED_EDGE ( 'NONE', *, *, #58, .T. ) ;
#1972 = DIRECTION ( 'NONE',  ( -0.000000000000000000, -0.000000000000000000, -1.000000000000000000 ) ) ;
#1973 = DIRECTION ( 'NONE',  ( -0.000000000000000000, -0.000000000000000000, -1.000000000000000000 ) ) ;
#1974 = ADVANCED_FACE ( 'NONE', ( #2820 ), #1748, .T. ) ;
#1975 = ORIENTED_EDGE ( 'NONE', *, *, #3133, .F. ) ;
#1976 = ORIENTED_EDGE ( 'NONE', *, *, #1751, .F. ) ;
#1977 = FILL_AREA_STYLE ('',( #2687 ) ) ;
#1978 = CARTESIAN_POINT ( 'NONE',  ( 1481.775131535526725, 365.7728227475088261, 0.000000000000000000 ) ) ;
#1979 = ORIENTED_EDGE ( 'NONE', *, *, #427, .T. ) ;
#1980 = PLANE ( 'NONE',  #864 ) ;
#1981 = LINE ( 'NONE', #702, #2906 ) ;
#1982 = CARTESIAN_POINT ( 'NONE',  ( 1505.718824487726579, 370.9438328192089216, 0.000000000000000000 ) ) ;
#1983 = EDGE_CURVE ( 'NONE', #2918, #1080, #3088, .T. ) ;
#1984 = CARTESIAN_POINT ( 'NONE',  ( 1502.828165555626583, 349.5438328192087738, 1.500000000000000000 ) ) ;
#1985 = ORIENTED_EDGE ( 'NONE', *, *, #38, .T. ) ;
#1986 = ADVANCED_FACE ( 'NONE', ( #739 ), #1547, .T. ) ;
#1987 = CARTESIAN_POINT ( 'NONE',  ( 1550.301300790942605, 359.6728227475087465, 1.500000000000000000 ) ) ;
#1988 = CARTESIAN_POINT ( 'NONE',  ( 1507.943474117126698, 341.2728227475087692, 1.500000000000000000 ) ) ;
#1989 = ORIENTED_EDGE ( 'NONE', *, *, #1409, .F. ) ;
#1990 = ORIENTED_EDGE ( 'NONE', *, *, #1037, .T. ) ;
#1991 = EDGE_CURVE ( 'NONE', #1690, #1010, #1291, .T. ) ;
#1992 = DIRECTION ( 'NONE',  ( -1.000000000000000000, 0.000000000000000000, 0.000000000000000000 ) ) ;
#1993 = DIRECTION ( 'NONE',  ( 1.000000000000000000, 0.000000000000000000, 0.000000000000000000 ) ) ;
#1994 = AXIS2_PLACEMENT_3D ( 'NONE', #968, #1188, #2970 ) ;
#1995 = CARTESIAN_POINT ( 'NONE',  ( 1532.861314376326618, 371.0228227475088261, 1.500000000000000000 ) ) ;
#1996 = PLANE ( 'NONE',  #1571 ) ;
#1997 = CARTESIAN_POINT ( 'NONE',  ( 1556.351344794526540, 366.2728227475087692, 0.000000000000000000 ) ) ;
#1998 = AXIS2_PLACEMENT_3D ( 'NONE', #204, #1999, #1006 ) ;
#1999 = DIRECTION ( 'NONE',  ( -0.000000000000000000, -0.000000000000000000, -1.000000000000000000 ) ) ;
#2000 = EDGE_CURVE ( 'NONE', #1619, #2624, #541, .T. ) ;
#2001 = AXIS2_PLACEMENT_3D ( 'NONE', #1100, #2122, #848 ) ;
#2002 = ORIENTED_EDGE ( 'NONE', *, *, #1758, .F. ) ;
#2003 = CARTESIAN_POINT ( 'NONE',  ( 1559.462669659926860, 346.7728227475085987, 1.500000000000000000 ) ) ;
#2004 = FACE_OUTER_BOUND ( 'NONE', #3244, .T. ) ;
#2005 = ADVANCED_FACE ( 'NONE', ( #253 ), #774, .T. ) ;
#2006 = ORIENTED_EDGE ( 'NONE', *, *, #2228, .T. ) ;
#2007 = ORIENTED_EDGE ( 'NONE', *, *, #363, .F. ) ;
#2008 = CIRCLE ( 'NONE', #1954, 0.4999999999999449329 ) ;
#2009 = CARTESIAN_POINT ( 'NONE',  ( 1535.049130397347199, 370.7728227475091103, 1.500000000000000000 ) ) ;
#2010 = EDGE_CURVE ( 'NONE', #2757, #2427, #479, .T. ) ;
#2011 = DIRECTION ( 'NONE',  ( -1.000000000000000000, 0.000000000000000000, 0.000000000000000000 ) ) ;
#2012 = CIRCLE ( 'NONE', #2111, 0.4999999999999449329 ) ;
#2013 = DIRECTION ( 'NONE',  ( 1.000000000000000000, 0.000000000000000000, 0.000000000000000000 ) ) ;
#2014 = DIRECTION ( 'NONE',  ( 0.000000000000000000, 0.000000000000000000, 1.000000000000000000 ) ) ;
#2015 = VECTOR ( 'NONE', #2199, 1000.000000000000000 ) ;
#2016 = DIRECTION ( 'NONE',  ( -0.8660254037816829120, -0.5000000000047732929, 0.000000000000000000 ) ) ;
#2017 = FACE_OUTER_BOUND ( 'NONE', #532, .T. ) ;
#2018 = ORIENTED_EDGE ( 'NONE', *, *, #2228, .F. ) ;
#2019 = DIRECTION ( 'NONE',  ( 0.000000000000000000, 1.000000000000000000, 0.000000000000000000 ) ) ;
#2020 = PLANE ( 'NONE',  #804 ) ;
#2021 = VERTEX_POINT ( 'NONE', #2565 ) ;
#2022 = ORIENTED_EDGE ( 'NONE', *, *, #1473, .T. ) ;
#2023 = EDGE_CURVE ( 'NONE', #1069, #689, #2551, .T. ) ;
#2024 = DIRECTION ( 'NONE',  ( 1.000000000000000000, 0.000000000000000000, 0.000000000000000000 ) ) ;
#2025 = VECTOR ( 'NONE', #1941, 1000.000000000000000 ) ;
#2026 = ADVANCED_FACE ( 'NONE', ( #223 ), #1272, .F. ) ;
#2027 = FACE_OUTER_BOUND ( 'NONE', #3049, .T. ) ;
#2028 = ADVANCED_FACE ( 'NONE', ( #2250 ), #2020, .F. ) ;
#2029 = CARTESIAN_POINT ( 'NONE',  ( 1558.962669659926632, 365.7728227475088261, 0.000000000000000000 ) ) ;
#2030 = ORIENTED_EDGE ( 'NONE', *, *, #3035, .F. ) ;
#2031 = LINE ( 'NONE', #2767, #2038 ) ;
#2032 = CARTESIAN_POINT ( 'NONE',  ( 1550.301300790826645, 353.3728227475089625, 1.500000000000000000 ) ) ;
#2033 = ORIENTED_EDGE ( 'NONE', *, *, #2204, .F. ) ;
#2034 = CARTESIAN_POINT ( 'NONE',  ( 1558.962669659926632, 346.2728227475088261, 1.500000000000000000 ) ) ;
#2035 = CARTESIAN_POINT ( 'NONE',  ( 1535.518976707726324, 341.6018126759088318, 1.500000000000000000 ) ) ;
#2036 = EDGE_LOOP ( 'NONE', ( #3196, #2033, #3016, #1292 ) ) ;
#2037 = ORIENTED_EDGE ( 'NONE', *, *, #1306, .T. ) ;
#2038 = VECTOR ( 'NONE', #2466, 1000.000000000000000 ) ;
#2039 = CARTESIAN_POINT ( 'NONE',  ( 1511.118900597726906, 346.4067973437088312, 1.500000000000000000 ) ) ;
#2040 = VERTEX_POINT ( 'NONE', #2534 ) ;
#2041 = CARTESIAN_POINT ( 'NONE',  ( 1559.462669659926860, 346.7728227475085987, 0.000000000000000000 ) ) ;
#2042 = CARTESIAN_POINT ( 'NONE',  ( 1507.943474117126698, 341.2728227475087692, 0.000000000000000000 ) ) ;
#2043 = ORIENTED_EDGE ( 'NONE', *, *, #2612, .F. ) ;
#2044 = CARTESIAN_POINT ( 'NONE',  ( 1485.319469102826588, 346.5228227475090534, 1.500000000000000000 ) ) ;
#2045 = EDGE_CURVE ( 'NONE', #70, #1113, #2049, .T. ) ;
#2046 = ORIENTED_EDGE ( 'NONE', *, *, #3007, .T. ) ;
#2047 = CIRCLE ( 'NONE', #1946, 2.000000000000001776 ) ;
#2048 = CARTESIAN_POINT ( 'NONE',  ( 1533.294327078218885, 341.7728227475089398, 1.500000000000000000 ) ) ;
#2049 = LINE ( 'NONE', #1798, #1882 ) ;
#2050 = AXIS2_PLACEMENT_3D ( 'NONE', #56, #1815, #2116 ) ;
#2051 = AXIS2_PLACEMENT_3D ( 'NONE', #1034, #2057, #2863 ) ;
#2052 = ORIENTED_EDGE ( 'NONE', *, *, #3009, .F. ) ;
#2053 = VERTEX_POINT ( 'NONE', #266 ) ;
#2054 = CARTESIAN_POINT ( 'NONE',  ( 1538.409635639826774, 349.5438328192090580, 1.500000000000000000 ) ) ;
#2055 = VERTEX_POINT ( 'NONE', #2788 ) ;
#2056 = LINE ( 'NONE', #13, #87 ) ;
#2057 = DIRECTION ( 'NONE',  ( 0.000000000000000000, 0.000000000000000000, 1.000000000000000000 ) ) ;
#2058 = VECTOR ( 'NONE', #182, 1000.000000000000000 ) ;
#2059 = ORIENTED_EDGE ( 'NONE', *, *, #453, .F. ) ;
#2060 = EDGE_CURVE ( 'NONE', #2118, #2875, #539, .T. ) ;
#2061 = CARTESIAN_POINT ( 'NONE',  ( 1507.943474117134201, 341.7728227475088829, 0.000000000000000000 ) ) ;
#2062 = ORIENTED_EDGE ( 'NONE', *, *, #279, .T. ) ;
#2063 = DIRECTION ( 'NONE',  ( -0.000000000000000000, -0.000000000000000000, -1.000000000000000000 ) ) ;
#2064 = ADVANCED_FACE ( 'NONE', ( #2004 ), #497, .F. ) ;
#2065 = CARTESIAN_POINT ( 'NONE',  ( 1546.576825314126836, 344.1018126759086044, 1.500000000000000000 ) ) ;
#2066 = VECTOR ( 'NONE', #1972, 1000.000000000000000 ) ;
#2067 = VERTEX_POINT ( 'NONE', #284 ) ;
#2068 = LINE ( 'NONE', #529, #450 ) ;
#2069 = CARTESIAN_POINT ( 'NONE',  ( 1555.918332092626542, 366.0228227475088829, 1.500000000000000000 ) ) ;
#2070 = ORIENTED_EDGE ( 'NONE', *, *, #2969, .T. ) ;
#2071 = ORIENTED_EDGE ( 'NONE', *, *, #201, .F. ) ;
#2072 = CARTESIAN_POINT ( 'NONE',  ( 1546.106979003726337, 343.7728227475091671, 0.000000000000000000 ) ) ;
#2073 = CARTESIAN_POINT ( 'NONE',  ( 1482.275131535526725, 366.2728227475088261, 1.500000000000000000 ) ) ;
#2074 = ORIENTED_EDGE ( 'NONE', *, *, #1037, .F. ) ;
#2075 = CARTESIAN_POINT ( 'NONE',  ( 1558.962669659926860, 346.7728227475088261, 1.500000000000000000 ) ) ;
#2076 = ORIENTED_EDGE ( 'NONE', *, *, #446, .F. ) ;
#2077 = CARTESIAN_POINT ( 'NONE',  ( 1540.252988773426750, 362.6728227475086896, 1.500000000000000000 ) ) ;
#2078 = CARTESIAN_POINT ( 'NONE',  ( 1490.936500404526669, 353.3728227475089056, 1.500000000000000000 ) ) ;
#2079 = EDGE_LOOP ( 'NONE', ( #1578, #2052, #210, #2794 ) ) ;
#2080 = VECTOR ( 'NONE', #2615, 1000.000000000000000 ) ;
#2081 = CARTESIAN_POINT ( 'NONE',  ( 1544.352175684626900, 368.7728227475090534, 1.500000000000000000 ) ) ;
#2082 = LINE ( 'NONE', #10, #1249 ) ;
#2083 = EDGE_CURVE ( 'NONE', #429, #3278, #2091, .T. ) ;
#2084 = ORIENTED_EDGE ( 'NONE', *, *, #2060, .F. ) ;
#2085 = ORIENTED_EDGE ( 'NONE', *, *, #3189, .T. ) ;
#2086 = CARTESIAN_POINT ( 'NONE',  ( 1530.618900597726679, 346.4067973436950751, 0.000000000000000000 ) ) ;
#2087 = AXIS2_PLACEMENT_3D ( 'NONE', #1726, #2243, #3270 ) ;
#2088 = CARTESIAN_POINT ( 'NONE',  ( 1559.462669659926860, 365.7728227475088261, 1.500000000000000000 ) ) ;
#2089 = ORIENTED_EDGE ( 'NONE', *, *, #469, .T. ) ;
#2090 = PLANE ( 'NONE',  #1833 ) ;
#2091 = CIRCLE ( 'NONE', #2309, 0.5000000000001669775 ) ;
#2092 = ORIENTED_EDGE ( 'NONE', *, *, #919, .F. ) ;
#2093 = DIRECTION ( 'NONE',  ( -1.000000000000000000, 0.000000000000000000, 0.000000000000000000 ) ) ;
#2094 = CARTESIAN_POINT ( 'NONE',  ( 1484.886456400934321, 346.7728227475088829, 1.500000000000000000 ) ) ;
#2095 = EDGE_CURVE ( 'NONE', #689, #258, #723, .T. ) ;
#2096 = ORIENTED_EDGE ( 'NONE', *, *, #2572, .F. ) ;
#2097 = CARTESIAN_POINT ( 'NONE',  ( 1535.049130397326508, 341.2728227475090534, 1.500000000000000000 ) ) ;
#2098 = DIRECTION ( 'NONE',  ( 1.000000000000000000, 0.000000000000000000, 0.000000000000000000 ) ) ;
#2099 = EDGE_CURVE ( 'NONE', #1445, #2528, #221, .T. ) ;
#2100 = VECTOR ( 'NONE', #1171, 1000.000000000000000 ) ;
#2101 = ORIENTED_EDGE ( 'NONE', *, *, #2800, .T. ) ;
#2102 = ORIENTED_EDGE ( 'NONE', *, *, #2336, .T. ) ;
#2103 = PLANE ( 'NONE',  #247 ) ;
#2104 = EDGE_CURVE ( 'NONE', #1768, #2350, #3113, .T. ) ;
#2105 = LINE ( 'NONE', #581, #280 ) ;
#2106 = EDGE_LOOP ( 'NONE', ( #1084, #2858, #1970, #1808 ) ) ;
#2107 = VECTOR ( 'NONE', #2403, 1000.000000000000000 ) ;
#2108 = EDGE_CURVE ( 'NONE', #490, #1889, #327, .T. ) ;
#2109 = CARTESIAN_POINT ( 'NONE',  ( 1502.358319245226539, 349.8728227475089625, 0.000000000000000000 ) ) ;
#2110 = ORIENTED_EDGE ( 'NONE', *, *, #1430, .F. ) ;
#2111 = AXIS2_PLACEMENT_3D ( 'NONE', #3280, #2743, #195 ) ;
#2112 = FACE_OUTER_BOUND ( 'NONE', #3160, .T. ) ;
#2113 = DIRECTION ( 'NONE',  ( 0.000000000000000000, -0.000000000000000000, 1.000000000000000000 ) ) ;
#2114 = EDGE_LOOP ( 'NONE', ( #521, #3089, #2629, #1275 ) ) ;
#2115 = AXIS2_PLACEMENT_3D ( 'NONE', #675, #3157, #1936 ) ;
#2116 = DIRECTION ( 'NONE',  ( 1.000000000000000000, 0.000000000000000000, 0.000000000000000000 ) ) ;
#2117 = DIRECTION ( 'NONE',  ( -0.000000000000000000, -0.000000000000000000, -1.000000000000000000 ) ) ;
#2118 = VERTEX_POINT ( 'NONE', #3102 ) ;
#2119 = ORIENTED_EDGE ( 'NONE', *, *, #3211, .F. ) ;
#2120 = DIRECTION ( 'NONE',  ( 0.000000000000000000, 0.000000000000000000, 1.000000000000000000 ) ) ;
#2121 = EDGE_CURVE ( 'NONE', #1411, #2757, #574, .T. ) ;
#2122 = DIRECTION ( 'NONE',  ( 0.000000000000000000, 0.000000000000000000, 1.000000000000000000 ) ) ;
#2123 = ORIENTED_EDGE ( 'NONE', *, *, #2764, .T. ) ;
#2124 = EDGE_CURVE ( 'NONE', #2822, #622, #3171, .T. ) ;
#2125 = FACE_OUTER_BOUND ( 'NONE', #2221, .T. ) ;
#2126 = EDGE_CURVE ( 'NONE', #462, #2055, #2885, .T. ) ;
#2127 = ORIENTED_EDGE ( 'NONE', *, *, #2060, .T. ) ;
#2128 = DIRECTION ( 'NONE',  ( -0.000000000000000000, -0.000000000000000000, -1.000000000000000000 ) ) ;
#2129 = LINE ( 'NONE', #1056, #62 ) ;
#2130 = CARTESIAN_POINT ( 'NONE',  ( 1546.576825314126836, 344.1018126759086044, 1.500000000000000000 ) ) ;
#2131 = ORIENTED_EDGE ( 'NONE', *, *, #2284, .T. ) ;
#2132 = LINE ( 'NONE', #2097, #17 ) ;
#2133 = DIRECTION ( 'NONE',  ( -0.000000000000000000, -0.000000000000000000, -1.000000000000000000 ) ) ;
#2134 = EDGE_LOOP ( 'NONE', ( #547, #1366, #2646, #2719 ) ) ;
#2135 = ORIENTED_EDGE ( 'NONE', *, *, #3271, .T. ) ;
#2136 = CARTESIAN_POINT ( 'NONE',  ( 1552.107820315926574, 353.1228227475089625, 0.000000000000000000 ) ) ;
#2137 = FACE_OUTER_BOUND ( 'NONE', #2404, .T. ) ;
#2138 = ORIENTED_EDGE ( 'NONE', *, *, #1900, .F. ) ;
#2139 = CARTESIAN_POINT ( 'NONE',  ( 1490.936500404526669, 353.3728227475089056, 0.000000000000000000 ) ) ;
#2140 = CIRCLE ( 'NONE', #267, 0.5000000000001669775 ) ;
#2141 = DIRECTION ( 'NONE',  ( -0.3420201433252804124, 0.9396926207860497593, 0.000000000000000000 ) ) ;
#2142 = CARTESIAN_POINT ( 'NONE',  ( 1502.828165555626583, 349.5438328192087738, 0.000000000000000000 ) ) ;
#2143 = AXIS2_PLACEMENT_3D ( 'NONE', #1810, #3292, #2833 ) ;
#2144 = EDGE_CURVE ( 'NONE', #2962, #2021, #2129, .T. ) ;
#2145 = VERTEX_POINT ( 'NONE', #2142 ) ;
#2146 = AXIS2_PLACEMENT_3D ( 'NONE', #336, #1361, #3190 ) ;
#2147 = DIRECTION ( 'NONE',  ( 1.000000000000000000, 0.000000000000000000, 0.000000000000000000 ) ) ;
#2148 = CARTESIAN_POINT ( 'NONE',  ( 1505.718824487726579, 341.6018126759087181, 0.000000000000000000 ) ) ;
#2149 = ORIENTED_EDGE ( 'NONE', *, *, #919, .T. ) ;
#2150 = ORIENTED_EDGE ( 'NONE', *, *, #1534, .F. ) ;
#2151 = DIRECTION ( 'NONE',  ( 1.000000000000000000, 0.000000000000000000, 0.000000000000000000 ) ) ;
#2152 = VECTOR ( 'NONE', #2517, 1000.000000000000000 ) ;
#2153 = DIRECTION ( 'NONE',  ( 1.000000000000000000, 0.000000000000000000, 0.000000000000000000 ) ) ;
#2154 = VECTOR ( 'NONE', #1757, 1000.000000000000000 ) ;
#2155 = VERTEX_POINT ( 'NONE', #2385 ) ;
#2156 = CARTESIAN_POINT ( 'NONE',  ( 1511.118900597726906, 351.7728227475088261, 1.500000000000000000 ) ) ;
#2157 = AXIS2_PLACEMENT_3D ( 'NONE', #1213, #2942, #445 ) ;
#2158 = EDGE_CURVE ( 'NONE', #1487, #1574, #802, .T. ) ;
#2159 = CARTESIAN_POINT ( 'NONE',  ( 1533.294327078226615, 371.2728227475088829, 1.500000000000000000 ) ) ;
#2160 = ADVANCED_FACE ( 'NONE', ( #316 ), #557, .T. ) ;
#2161 = CARTESIAN_POINT ( 'NONE',  ( 1532.861314376326618, 341.5228227475088261, 0.000000000000000000 ) ) ;
#2162 = DIRECTION ( 'NONE',  ( -0.000000000000000000, -0.000000000000000000, -1.000000000000000000 ) ) ;
#2163 = VECTOR ( 'NONE', #1704, 1000.000000000000000 ) ;
#2164 = ORIENTED_EDGE ( 'NONE', *, *, #2108, .F. ) ;
#2165 = EDGE_CURVE ( 'NONE', #783, #1730, #2617, .T. ) ;
#2166 = DIRECTION ( 'NONE',  ( 1.000000000000000000, 0.000000000000000000, 0.000000000000000000 ) ) ;
#2167 = LINE ( 'NONE', #806, #128 ) ;
#2168 = ORIENTED_EDGE ( 'NONE', *, *, #1035, .F. ) ;
#2169 = EDGE_LOOP ( 'NONE', ( #2508, #2930, #2183, #338 ) ) ;
#2170 = DIRECTION ( 'NONE',  ( 0.4999999999928059768, -0.8660254037885921630, 0.000000000000000000 ) ) ;
#2171 = DIRECTION ( 'NONE',  ( -0.000000000000000000, -0.000000000000000000, -1.000000000000000000 ) ) ;
#2172 = ORIENTED_EDGE ( 'NONE', *, *, #3009, .T. ) ;
#2173 = AXIS2_PLACEMENT_3D ( 'NONE', #722, #1714, #2489 ) ;
#2174 = FACE_OUTER_BOUND ( 'NONE', #1393, .T. ) ;
#2175 = CARTESIAN_POINT ( 'NONE',  ( 1485.319469102826588, 366.0228227475088261, 1.500000000000000000 ) ) ;
#2176 = VECTOR ( 'NONE', #621, 1000.000000000000114 ) ;
#2177 = CARTESIAN_POINT ( 'NONE',  ( 1538.879481950206355, 349.3728227475089056, 0.000000000000000000 ) ) ;
#2178 = LINE ( 'NONE', #1376, #271 ) ;
#2179 = EDGE_CURVE ( 'NONE', #1411, #1853, #820, .T. ) ;
#2180 = ORIENTED_EDGE ( 'NONE', *, *, #474, .T. ) ;
#2181 = CARTESIAN_POINT ( 'NONE',  ( 1500.984812422026607, 362.6728227475086896, 0.000000000000000000 ) ) ;
#2182 = CYLINDRICAL_SURFACE ( 'NONE', #2157, 0.4999999999999449329 ) ;
#2183 = ORIENTED_EDGE ( 'NONE', *, *, #1299, .T. ) ;
#2184 = EDGE_LOOP ( 'NONE', ( #256, #1435, #597, #1971 ) ) ;
#2185 = DIRECTION ( 'NONE',  ( -0.000000000000000000, -0.000000000000000000, -1.000000000000000000 ) ) ;
#2186 = CARTESIAN_POINT ( 'NONE',  ( 1550.301300790826645, 353.3728227475089625, 0.000000000000000000 ) ) ;
#2187 = EDGE_CURVE ( 'NONE', #1062, #462, #2664, .T. ) ;
#2188 = CARTESIAN_POINT ( 'NONE',  ( 1538.879481950226818, 362.6728227475086896, 1.500000000000000000 ) ) ;
#2189 = FACE_OUTER_BOUND ( 'NONE', #2816, .T. ) ;
#2190 = PLANE ( 'NONE',  #1994 ) ;
#2191 = CIRCLE ( 'NONE', #743, 0.5000000000001669775 ) ;
#2192 = CARTESIAN_POINT ( 'NONE',  ( 1485.319469102826588, 346.5228227475090534, 1.500000000000000000 ) ) ;
#2193 = VECTOR ( 'NONE', #231, 1000.000000000000000 ) ;
#2194 = LINE ( 'NONE', #651, #2518 ) ;
#2195 = FACE_OUTER_BOUND ( 'NONE', #866, .T. ) ;
#2196 = VECTOR ( 'NONE', #127, 1000.000000000000000 ) ;
#2197 = ORIENTED_EDGE ( 'NONE', *, *, #2612, .T. ) ;
#2198 = ORIENTED_EDGE ( 'NONE', *, *, #2690, .T. ) ;
#2199 = DIRECTION ( 'NONE',  ( -0.000000000000000000, -0.000000000000000000, -1.000000000000000000 ) ) ;
#2200 = DIRECTION ( 'NONE',  ( -0.000000000000000000, -0.000000000000000000, -1.000000000000000000 ) ) ;
#2201 = VERTEX_POINT ( 'NONE', #1343 ) ;
#2202 = ORIENTED_EDGE ( 'NONE', *, *, #2179, .F. ) ;
#2203 = DIRECTION ( 'NONE',  ( 0.000000000000000000, 0.000000000000000000, 1.000000000000000000 ) ) ;
#2204 = EDGE_CURVE ( 'NONE', #1696, #290, #299, .T. ) ;
#2205 = DIRECTION ( 'NONE',  ( 1.000000000000000000, 0.000000000000000000, 0.000000000000000000 ) ) ;
#2206 = DIRECTION ( 'NONE',  ( 0.000000000000000000, 0.000000000000000000, 1.000000000000000000 ) ) ;
#2207 = EDGE_LOOP ( 'NONE', ( #1357, #1311, #2102, #1952 ) ) ;
#2208 = AXIS2_PLACEMENT_3D ( 'NONE', #3255, #419, #438 ) ;
#2209 = DIRECTION ( 'NONE',  ( -1.000000000000000000, 0.000000000000000000, 0.000000000000000000 ) ) ;
#2210 = ADVANCED_FACE ( 'NONE', ( #69 ), #53, .F. ) ;
#2211 = AXIS2_PLACEMENT_3D ( 'NONE', #3141, #303, #2372 ) ;
#2212 = VECTOR ( 'NONE', #618, 1000.000000000000000 ) ;
#2213 = LINE ( 'NONE', #2990, #813 ) ;
#2214 = CARTESIAN_POINT ( 'NONE',  ( 1506.188670798126623, 341.2728227475088261, 1.500000000000000000 ) ) ;
#2215 = DIRECTION ( 'NONE',  ( 1.000000000000000000, 0.000000000000000000, 0.000000000000000000 ) ) ;
#2216 = ORIENTED_EDGE ( 'NONE', *, *, #1348, .F. ) ;
#2217 = ORIENTED_EDGE ( 'NONE', *, *, #2928, .F. ) ;
#2218 = CARTESIAN_POINT ( 'NONE',  ( 1489.129980879426512, 353.1228227475089625, 0.000000000000000000 ) ) ;
#2219 = CARTESIAN_POINT ( 'NONE',  ( 1550.301300790942605, 359.6728227475087465, 1.500000000000000000 ) ) ;
#2220 = ORIENTED_EDGE ( 'NONE', *, *, #2455, .F. ) ;
#2221 = EDGE_LOOP ( 'NONE', ( #2059, #2251, #2614, #1939 ) ) ;
#2222 = CARTESIAN_POINT ( 'NONE',  ( 1535.049130397326508, 341.2728227475091103, 1.500000000000000000 ) ) ;
#2223 = DIRECTION ( 'NONE',  ( 0.000000000000000000, 0.000000000000000000, 1.000000000000000000 ) ) ;
#2224 = DIRECTION ( 'NONE',  ( 0.000000000000000000, 1.000000000000000000, 0.000000000000000000 ) ) ;
#2225 = EDGE_CURVE ( 'NONE', #1745, #808, #1071, .T. ) ;
#2226 = CARTESIAN_POINT ( 'NONE',  ( 1482.275131535526725, 346.7728227475088261, 1.500000000000000000 ) ) ;
#2227 = DIRECTION ( 'NONE',  ( -1.000000000000000000, 0.000000000000000000, 0.000000000000000000 ) ) ;
#2228 = EDGE_CURVE ( 'NONE', #947, #1844, #3137, .T. ) ;
#2229 = FACE_OUTER_BOUND ( 'NONE', #2422, .T. ) ;
#2230 = AXIS2_PLACEMENT_3D ( 'NONE', #3129, #2361, #1063 ) ;
#2231 = DIRECTION ( 'NONE',  ( 0.3420201433284305037, -0.9396926207849031210, 0.000000000000000000 ) ) ;
#2232 = EDGE_CURVE ( 'NONE', #2040, #372, #335, .T. ) ;
#2233 = EDGE_LOOP ( 'NONE', ( #2540, #3149, #916, #278 ) ) ;
#2234 = DIRECTION ( 'NONE',  ( 0.000000000000000000, 0.000000000000000000, 1.000000000000000000 ) ) ;
#2235 = DIRECTION ( 'NONE',  ( 0.000000000000000000, 0.000000000000000000, 1.000000000000000000 ) ) ;
#2236 = ORIENTED_EDGE ( 'NONE', *, *, #2478, .F. ) ;
#2237 = ORIENTED_EDGE ( 'NONE', *, *, #376, .F. ) ;
#2238 = FACE_OUTER_BOUND ( 'NONE', #1701, .T. ) ;
#2239 = CARTESIAN_POINT ( 'NONE',  ( 1530.118900597726679, 351.7728227475088261, 0.000000000000000000 ) ) ;
#2240 = LINE ( 'NONE', #3003, #11 ) ;
#2241 = EDGE_CURVE ( 'NONE', #498, #258, #1628, .T. ) ;
#2242 = CARTESIAN_POINT ( 'NONE',  ( 1489.562993581318779, 352.8728227475089625, 1.500000000000000000 ) ) ;
#2243 = DIRECTION ( 'NONE',  ( -0.000000000000000000, -0.000000000000000000, -1.000000000000000000 ) ) ;
#2244 = EDGE_CURVE ( 'NONE', #585, #76, #957, .T. ) ;
#2245 = CARTESIAN_POINT ( 'NONE',  ( 1489.562993581318779, 352.8728227475089625, 0.000000000000000000 ) ) ;
#2246 = VECTOR ( 'NONE', #2303, 1000.000000000000000 ) ;
#2247 = VERTEX_POINT ( 'NONE', #2414 ) ;
#2248 = CARTESIAN_POINT ( 'NONE',  ( 1495.130822191726566, 343.7728227475088261, 1.500000000000000000 ) ) ;
#2249 = EDGE_CURVE ( 'NONE', #3164, #1730, #1558, .T. ) ;
#2250 = FACE_OUTER_BOUND ( 'NONE', #2770, .T. ) ;
#2251 = ORIENTED_EDGE ( 'NONE', *, *, #1001, .F. ) ;
#2252 = ORIENTED_EDGE ( 'NONE', *, *, #1120, .F. ) ;
#2253 = EDGE_CURVE ( 'NONE', #689, #2875, #113, .T. ) ;
#2254 = DIRECTION ( 'NONE',  ( 1.000000000000000000, 0.000000000000000000, 0.000000000000000000 ) ) ;
#2255 = VECTOR ( 'NONE', #1862, 1000.000000000000000 ) ;
#2256 = DIRECTION ( 'NONE',  ( 0.5000000000092453822, 0.8660254037791007553, 0.000000000000000000 ) ) ;
#2257 = LINE ( 'NONE', #2730, #1400 ) ;
#2258 = DIRECTION ( 'NONE',  ( -0.000000000000000000, -0.000000000000000000, -1.000000000000000000 ) ) ;
#2259 = DIRECTION ( 'NONE',  ( 0.000000000000000000, 1.000000000000000000, 0.000000000000000000 ) ) ;
#2260 = VECTOR ( 'NONE', #311, 1000.000000000000000 ) ;
#2261 = CARTESIAN_POINT ( 'NONE',  ( 1482.275131535526725, 346.2728227475088261, 0.000000000000000000 ) ) ;
#2262 = EDGE_CURVE ( 'NONE', #1637, #2330, #1391, .T. ) ;
#2263 = ORIENTED_EDGE ( 'NONE', *, *, #2264, .T. ) ;
#2264 = EDGE_CURVE ( 'NONE', #1488, #1113, #3275, .T. ) ;
#2265 = DIRECTION ( 'NONE',  ( -0.000000000000000000, -0.000000000000000000, -1.000000000000000000 ) ) ;
#2266 = CARTESIAN_POINT ( 'NONE',  ( 1532.861314376326618, 371.0228227475088261, 0.000000000000000000 ) ) ;
#2267 = AXIS2_PLACEMENT_3D ( 'NONE', #1032, #779, #454 ) ;
#2268 = ADVANCED_FACE ( 'NONE', ( #153 ), #3242, .F. ) ;
#2269 = ORIENTED_EDGE ( 'NONE', *, *, #3086, .T. ) ;
#2270 = ORIENTED_EDGE ( 'NONE', *, *, #2677, .F. ) ;
#2271 = DIRECTION ( 'NONE',  ( 0.3420201433252931245, 0.9396926207860450964, 0.000000000000000000 ) ) ;
#2272 = DIRECTION ( 'NONE',  ( 0.000000000000000000, 0.000000000000000000, 1.000000000000000000 ) ) ;
#2273 = DIRECTION ( 'NONE',  ( -0.000000000000000000, -0.000000000000000000, -1.000000000000000000 ) ) ;
#2274 = CIRCLE ( 'NONE', #825, 0.5000000000001669775 ) ;
#2275 = DIRECTION ( 'NONE',  ( 1.000000000000000000, 0.000000000000000000, 0.000000000000000000 ) ) ;
#2276 = VECTOR ( 'NONE', #407, 1000.000000000000000 ) ;
#2277 = ORIENTED_EDGE ( 'NONE', *, *, #1277, .T. ) ;
#2278 = DIRECTION ( 'NONE',  ( 0.5000000000047731818, -0.8660254037816828010, 0.000000000000000000 ) ) ;
#2279 = DIRECTION ( 'NONE',  ( 0.000000000000000000, 1.000000000000000000, 0.000000000000000000 ) ) ;
#2280 = VERTEX_POINT ( 'NONE', #1933 ) ;
#2281 = AXIS2_PLACEMENT_3D ( 'NONE', #794, #1048, #1570 ) ;
#2282 = CARTESIAN_POINT ( 'NONE',  ( 1508.376486819026695, 341.5228227475088261, 1.500000000000000000 ) ) ;
#2283 = DIRECTION ( 'NONE',  ( -0.4999999999952446372, -0.8660254037871841781, 0.000000000000000000 ) ) ;
#2284 = EDGE_CURVE ( 'NONE', #2939, #3180, #1687, .T. ) ;
#2285 = ORIENTED_EDGE ( 'NONE', *, *, #811, .F. ) ;
#2286 = ORIENTED_EDGE ( 'NONE', *, *, #2473, .F. ) ;
#2287 = DIRECTION ( 'NONE',  ( 1.000000000000000000, 0.000000000000000000, 0.000000000000000000 ) ) ;
#2288 = VECTOR ( 'NONE', #2162, 1000.000000000000000 ) ;
#2289 = ORIENTED_EDGE ( 'NONE', *, *, #1369, .F. ) ;
#2290 = CYLINDRICAL_SURFACE ( 'NONE', #1372, 0.4999999999999449329 ) ;
#2291 = ADVANCED_FACE ( 'NONE', ( #2956 ), #441, .F. ) ;
#2292 = PLANE ( 'NONE',  #1516 ) ;
#2293 = ORIENTED_EDGE ( 'NONE', *, *, #876, .T. ) ;
#2294 =( GEOMETRIC_REPRESENTATION_CONTEXT ( 3 ) GLOBAL_UNCERTAINTY_ASSIGNED_CONTEXT ( ( #761 ) ) GLOBAL_UNIT_ASSIGNED_CONTEXT ( ( #2660, #951, #3265 ) ) REPRESENTATION_CONTEXT ( 'NONE', 'WORKASPACE' ) );
#2295 = DIRECTION ( 'NONE',  ( -1.000000000000000000, 1.265353230805084169E-13, 0.000000000000000000 ) ) ;
#2296 = CIRCLE ( 'NONE', #850, 1.999999999999779732 ) ;
#2297 = EDGE_LOOP ( 'NONE', ( #517, #3128, #1685, #1944 ) ) ;
#2298 = FACE_OUTER_BOUND ( 'NONE', #2360, .T. ) ;
#2299 = DIRECTION ( 'NONE',  ( -0.000000000000000000, -0.000000000000000000, -1.000000000000000000 ) ) ;
#2300 = ORIENTED_EDGE ( 'NONE', *, *, #467, .F. ) ;
#2301 = VERTEX_POINT ( 'NONE', #2718 ) ;
#2302 = CIRCLE ( 'NONE', #1017, 0.4999999999999449329 ) ;
#2303 = DIRECTION ( 'NONE',  ( 0.000000000000000000, 1.000000000000000000, 0.000000000000000000 ) ) ;
#2304 = PRODUCT ( 'XMas_UT_t1p5', 'XMas_UT_t1p5', '', ( #999 ) ) ;
#2305 = VECTOR ( 'NONE', #2932, 1000.000000000000000 ) ;
#2306 = ORIENTED_EDGE ( 'NONE', *, *, #275, .F. ) ;
#2307 = EDGE_CURVE ( 'NONE', #3214, #622, #2919, .T. ) ;
#2308 = DIRECTION ( 'NONE',  ( 1.000000000000000000, 0.000000000000000000, 0.000000000000000000 ) ) ;
#2309 = AXIS2_PLACEMENT_3D ( 'NONE', #3276, #1515, #978 ) ;
#2310 = CARTESIAN_POINT ( 'NONE',  ( 1538.409635639826774, 363.0018126759086954, 1.500000000000000000 ) ) ;
#2311 = CIRCLE ( 'NONE', #1290, 0.5000000000001669775 ) ;
#2312 = ORIENTED_EDGE ( 'NONE', *, *, #1321, .F. ) ;
#2313 = ADVANCED_FACE ( 'NONE', ( #1463 ), #118, .F. ) ;
#2314 = DIRECTION ( 'NONE',  ( 1.000000000000000000, 0.000000000000000000, 0.000000000000000000 ) ) ;
#2315 = ORIENTED_EDGE ( 'NONE', *, *, #552, .T. ) ;
#2316 = AXIS2_PLACEMENT_3D ( 'NONE', #3150, #868, #1626 ) ;
#2317 = DIRECTION ( 'NONE',  ( -0.000000000000000000, -0.000000000000000000, -1.000000000000000000 ) ) ;
#2318 = CARTESIAN_POINT ( 'NONE',  ( 1495.130822191706102, 368.2728227475087692, 0.000000000000000000 ) ) ;
#2319 = AXIS2_PLACEMENT_3D ( 'NONE', #576, #2836, #287 ) ;
#2320 = VECTOR ( 'NONE', #1082, 1000.000000000000114 ) ;
#2321 = ORIENTED_EDGE ( 'NONE', *, *, #1741, .T. ) ;
#2322 = CARTESIAN_POINT ( 'NONE',  ( 1544.352175684626900, 368.7728227475090534, 0.000000000000000000 ) ) ;
#2323 = CARTESIAN_POINT ( 'NONE',  ( 1495.130822191706102, 368.2728227475087692, 1.500000000000000000 ) ) ;
#2324 = AXIS2_PLACEMENT_3D ( 'NONE', #927, #2723, #1700 ) ;
#2325 = VERTEX_POINT ( 'NONE', #3006 ) ;
#2326 = CARTESIAN_POINT ( 'NONE',  ( 1510.618900597726451, 366.1388481513217812, 0.000000000000000000 ) ) ;
#2327 = LINE ( 'NONE', #3114, #983 ) ;
#2328 = AXIS2_PLACEMENT_3D ( 'NONE', #1444, #1727, #1155 ) ;
#2329 = ADVANCED_FACE ( 'NONE', ( #2195 ), #189, .T. ) ;
#2330 = VERTEX_POINT ( 'NONE', #2161 ) ;
#2331 = ADVANCED_FACE ( 'NONE', ( #2679 ), #3224, .F. ) ;
#2332 = DIRECTION ( 'NONE',  ( -0.000000000000000000, -0.000000000000000000, -1.000000000000000000 ) ) ;
#2333 = VERTEX_POINT ( 'NONE', #3188 ) ;
#2334 = CARTESIAN_POINT ( 'NONE',  ( 1508.376486819026695, 341.5228227475088261, 0.000000000000000000 ) ) ;
#2335 = DIRECTION ( 'NONE',  ( -1.000000000000000000, -1.581691538506154777E-13, 0.000000000000000000 ) ) ;
#2336 = EDGE_CURVE ( 'NONE', #1601, #910, #1149, .T. ) ;
#2337 = AXIS2_PLACEMENT_3D ( 'NONE', #191, #2265, #992 ) ;
#2338 = VERTEX_POINT ( 'NONE', #1984 ) ;
#2339 = DIRECTION ( 'NONE',  ( -0.000000000000000000, -0.000000000000000000, -1.000000000000000000 ) ) ;
#2340 = FACE_OUTER_BOUND ( 'NONE', #1471, .T. ) ;
#2341 = VERTEX_POINT ( 'NONE', #887 ) ;
#2342 = ORIENTED_EDGE ( 'NONE', *, *, #2838, .F. ) ;
#2343 = PLANE ( 'NONE',  #1263 ) ;
#2344 = VECTOR ( 'NONE', #2681, 1000.000000000000000 ) ;
#2345 = CARTESIAN_POINT ( 'NONE',  ( 1540.252988773434254, 349.3728227475090193, 1.500000000000000000 ) ) ;
#2346 = ORIENTED_EDGE ( 'NONE', *, *, #2410, .F. ) ;
#2347 = ADVANCED_FACE ( 'NONE', ( #1915 ), #2449, .T. ) ;
#2348 = CLOSED_SHELL ( 'NONE', ( #1778, #1639, #1920, #2943, #3289, #1569, #1974, #672, #1539, #181, #2160, #1280, #3046, #2972, #3063, #2694, #2331, #2329, #1207, #1717, #898, #51, #1711, #2924, #1143, #1925, #163, #20, #100, #626, #1856, #2268, #314, #2210, #1969, #2777, #696, #3109, #1221, #342, #1043, #2028, #2654, #135, #337, #413, #2880, #979, #3210, #2026, #3299, #2514, #2412, #1478, #3301, #1455, #111, #3279, #1921, #1219, #611, #217, #2313, #3319, #1078, #1875, #961, #787, #1102, #1812, #2552, #2005, #650, #732, #1505, #236, #2673, #593, #3090, #240, #807, #2700, #2291, #33, #2860, #1986, #1762, #357, #1863, #3239, #728, #1245, #935, #2347, #1886, #1529, #1589, #2064 ) ) ;
#2349 = DIRECTION ( 'NONE',  ( 0.000000000000000000, -0.000000000000000000, -1.000000000000000000 ) ) ;
#2350 = VERTEX_POINT ( 'NONE', #1679 ) ;
#2351 = EDGE_CURVE ( 'NONE', #1823, #2145, #1408, .T. ) ;
#2352 = CARTESIAN_POINT ( 'NONE',  ( 1535.049130397310591, 341.7728227475091103, 0.000000000000000000 ) ) ;
#2353 = CARTESIAN_POINT ( 'NONE',  ( 1546.106979003726337, 343.7728227475091103, 1.500000000000000000 ) ) ;
#2354 = ORIENTED_EDGE ( 'NONE', *, *, #791, .F. ) ;
#2355 = VECTOR ( 'NONE', #2955, 1000.000000000000000 ) ;
#2356 = EDGE_CURVE ( 'NONE', #143, #3060, #1223, .T. ) ;
#2357 = CARTESIAN_POINT ( 'NONE',  ( 1502.828165555626583, 349.5438328192087738, 1.500000000000000000 ) ) ;
#2358 = LINE ( 'NONE', #3158, #1791 ) ;
#2359 = ORIENTED_EDGE ( 'NONE', *, *, #2744, .T. ) ;
#2360 = EDGE_LOOP ( 'NONE', ( #644, #1806, #149, #1873 ) ) ;
#2361 = DIRECTION ( 'NONE',  ( 0.8660254037816901285, -0.5000000000047607474, 0.000000000000000000 ) ) ;
#2362 = AXIS2_PLACEMENT_3D ( 'NONE', #2323, #790, #998 ) ;
#2363 = CARTESIAN_POINT ( 'NONE',  ( 1489.129980879426512, 359.4228227475086896, 1.500000000000000000 ) ) ;
#2364 = ORIENTED_EDGE ( 'NONE', *, *, #2866, .T. ) ;
#2365 = CARTESIAN_POINT ( 'NONE',  ( 1556.351344794526540, 346.2728227475088261, 1.500000000000000000 ) ) ;
#2366 = AXIS2_PLACEMENT_3D ( 'NONE', #1042, #2299, #3072 ) ;
#2367 = ORIENTED_EDGE ( 'NONE', *, *, #1134, .T. ) ;
#2368 = CARTESIAN_POINT ( 'NONE',  ( 1511.118900597726906, 360.7728227475090534, 1.500000000000000000 ) ) ;
#2369 = DIRECTION ( 'NONE',  ( -0.000000000000000000, -0.000000000000000000, -1.000000000000000000 ) ) ;
#2370 = EDGE_CURVE ( 'NONE', #2686, #575, #1481, .T. ) ;
#2371 = EDGE_LOOP ( 'NONE', ( #1036, #93, #1151, #1902 ) ) ;
#2372 = DIRECTION ( 'NONE',  ( -0.3420201433252614831, 0.9396926207860566427, 0.000000000000000000 ) ) ;
#2373 = CARTESIAN_POINT ( 'NONE',  ( 1491.406346714926713, 353.0438328192087738, 1.500000000000000000 ) ) ;
#2374 = AXIS2_PLACEMENT_3D ( 'NONE', #3269, #2796, #2765 ) ;
#2375 = EDGE_CURVE ( 'NONE', #3152, #1884, #3264, .T. ) ;
#2376 = ORIENTED_EDGE ( 'NONE', *, *, #2126, .F. ) ;
#2377 = VERTEX_POINT ( 'NONE', #1203 ) ;
#2378 = FACE_OUTER_BOUND ( 'NONE', #540, .T. ) ;
#2379 = FACE_OUTER_BOUND ( 'NONE', #2079, .T. ) ;
#2380 = ORIENTED_EDGE ( 'NONE', *, *, #1264, .F. ) ;
#2381 = AXIS2_PLACEMENT_3D ( 'NONE', #1551, #3092, #1537 ) ;
#2382 = DIRECTION ( 'NONE',  ( 0.000000000000000000, -1.000000000000000000, 0.000000000000000000 ) ) ;
#2383 = VERTEX_POINT ( 'NONE', #914 ) ;
#2384 = LINE ( 'NONE', #85, #1178 ) ;
#2385 = CARTESIAN_POINT ( 'NONE',  ( 1530.185887895826454, 346.1567973437088312, 0.000000000000000000 ) ) ;
#2386 = DIRECTION ( 'NONE',  ( 0.000000000000000000, 0.000000000000000000, 1.000000000000000000 ) ) ;
#2387 = ORIENTED_EDGE ( 'NONE', *, *, #1817, .T. ) ;
#2388 = CARTESIAN_POINT ( 'NONE',  ( 1497.318638212626638, 344.0228227475088261, 0.000000000000000000 ) ) ;
#2389 = FACE_OUTER_BOUND ( 'NONE', #3262, .T. ) ;
#2390 = ORIENTED_EDGE ( 'NONE', *, *, #205, .F. ) ;
#2391 = EDGE_LOOP ( 'NONE', ( #963, #1702, #2096, #2606 ) ) ;
#2392 = DIRECTION ( 'NONE',  ( 0.000000000000000000, 0.000000000000000000, 1.000000000000000000 ) ) ;
#2393 = AXIS2_PLACEMENT_3D ( 'NONE', #1000, #3047, #2308 ) ;
#2394 = CARTESIAN_POINT ( 'NONE',  ( 1511.118900597726906, 366.1388481513088209, 1.500000000000000000 ) ) ;
#2395 = ORIENTED_EDGE ( 'NONE', *, *, #2577, .F. ) ;
#2396 = CARTESIAN_POINT ( 'NONE',  ( 1530.118900597726679, 360.7728227475088261, 1.500000000000000000 ) ) ;
#2397 = EDGE_CURVE ( 'NONE', #3164, #2040, #3216, .T. ) ;
#2398 = DIRECTION ( 'NONE',  ( 0.000000000000000000, -0.000000000000000000, 1.000000000000000000 ) ) ;
#2399 = CARTESIAN_POINT ( 'NONE',  ( 1508.376486819026695, 371.0228227475088261, 0.000000000000000000 ) ) ;
#2400 = CARTESIAN_POINT ( 'NONE',  ( 1489.562993581318779, 359.6728227475088602, 1.500000000000000000 ) ) ;
#2401 = ORIENTED_EDGE ( 'NONE', *, *, #3148, .F. ) ;
#2402 = LINE ( 'NONE', #2940, #2276 ) ;
#2403 = DIRECTION ( 'NONE',  ( -0.000000000000000000, -0.000000000000000000, -1.000000000000000000 ) ) ;
#2404 = EDGE_LOOP ( 'NONE', ( #2285, #391, #1870, #1274 ) ) ;
#2405 = ORIENTED_EDGE ( 'NONE', *, *, #279, .F. ) ;
#2406 = CARTESIAN_POINT ( 'NONE',  ( 1535.049130397347199, 370.7728227475091103, 0.000000000000000000 ) ) ;
#2407 = CARTESIAN_POINT ( 'NONE',  ( 1513.118900597726906, 353.7728227475088261, 0.000000000000000000 ) ) ;
#2408 = EDGE_CURVE ( 'NONE', #2831, #3145, #399, .T. ) ;
#2409 = FACE_OUTER_BOUND ( 'NONE', #1536, .T. ) ;
#2410 = EDGE_CURVE ( 'NONE', #3145, #861, #1166, .T. ) ;
#2411 = DIRECTION ( 'NONE',  ( -0.3420201433284287829, -0.9396926207849038981, 0.000000000000000000 ) ) ;
#2412 = ADVANCED_FACE ( 'NONE', ( #965 ), #982, .F. ) ;
#2413 = LINE ( 'NONE', #117, #214 ) ;
#2414 = CARTESIAN_POINT ( 'NONE',  ( 1530.118900597726679, 346.4067973437088312, 1.500000000000000000 ) ) ;
#2415 = VECTOR ( 'NONE', #2283, 1000.000000000000114 ) ;
#2416 = CARTESIAN_POINT ( 'NONE',  ( 1549.831454480526645, 353.0438328192087738, 1.500000000000000000 ) ) ;
#2417 = ORIENTED_EDGE ( 'NONE', *, *, #3148, .T. ) ;
#2418 = VECTOR ( 'NONE', #1945, 1000.000000000000000 ) ;
#2419 = CARTESIAN_POINT ( 'NONE',  ( 1533.294327078226615, 341.2728227475088261, 0.000000000000000000 ) ) ;
#2420 = DIRECTION ( 'NONE',  ( 1.000000000000000000, 0.000000000000000000, 0.000000000000000000 ) ) ;
#2421 = ORIENTED_EDGE ( 'NONE', *, *, #1948, .T. ) ;
#2422 = EDGE_LOOP ( 'NONE', ( #2535, #1848, #332, #1159 ) ) ;
#2423 = CARTESIAN_POINT ( 'NONE',  ( 1502.358319245226539, 362.6728227475086896, 1.500000000000000000 ) ) ;
#2424 = VECTOR ( 'NONE', #752, 1000.000000000000000 ) ;
#2425 = CARTESIAN_POINT ( 'NONE',  ( 1555.918332092626770, 346.5228227475085987, 0.000000000000000000 ) ) ;
#2426 = CIRCLE ( 'NONE', #3284, 0.5000000000001669775 ) ;
#2427 = VERTEX_POINT ( 'NONE', #3250 ) ;
#2428 = DIRECTION ( 'NONE',  ( 1.000000000000000000, 0.000000000000000000, 0.000000000000000000 ) ) ;
#2429 = CIRCLE ( 'NONE', #457, 0.4999999999999449329 ) ;
#2430 = CARTESIAN_POINT ( 'NONE',  ( 1500.551799720126610, 349.6228227475089625, 1.500000000000000000 ) ) ;
#2431 = CARTESIAN_POINT ( 'NONE',  ( 1513.118900597726679, 360.7728227475088261, 1.500000000000000000 ) ) ;
#2432 = DIRECTION ( 'NONE',  ( 0.000000000000000000, 0.000000000000000000, 1.000000000000000000 ) ) ;
#2433 = AXIS2_PLACEMENT_3D ( 'NONE', #681, #1184, #2205 ) ;
#2434 = EDGE_LOOP ( 'NONE', ( #1819, #658, #527, #1786 ) ) ;
#2435 = PLANE ( 'NONE',  #137 ) ;
#2436 = EDGE_CURVE ( 'NONE', #1080, #1535, #1901, .T. ) ;
#2437 = FACE_OUTER_BOUND ( 'NONE', #2169, .T. ) ;
#2438 = AXIS2_PLACEMENT_3D ( 'NONE', #623, #1647, #1698 ) ;
#2439 = VERTEX_POINT ( 'NONE', #2688 ) ;
#2440 = ORIENTED_EDGE ( 'NONE', *, *, #1073, .T. ) ;
#2441 = CARTESIAN_POINT ( 'NONE',  ( 1506.188670798126623, 371.2728227475090534, 0.000000000000000000 ) ) ;
#2442 = CARTESIAN_POINT ( 'NONE',  ( 1485.319469102826588, 366.0228227475088261, 1.500000000000000000 ) ) ;
#2443 = CARTESIAN_POINT ( 'NONE',  ( 1502.358319245247003, 349.3728227475089625, 0.000000000000000000 ) ) ;
#2444 = ORIENTED_EDGE ( 'NONE', *, *, #773, .F. ) ;
#2445 = DIRECTION ( 'NONE',  ( 0.8660254037871841781, -0.4999999999952446927, 0.000000000000000000 ) ) ;
#2446 = CYLINDRICAL_SURFACE ( 'NONE', #1135, 0.5000000000001669775 ) ;
#2447 = LINE ( 'NONE', #1694, #2781 ) ;
#2448 = VECTOR ( 'NONE', #2958, 1000.000000000000000 ) ;
#2449 = PLANE ( 'NONE',  #1094 ) ;
#2450 = EDGE_CURVE ( 'NONE', #2566, #1768, #950, .T. ) ;
#2451 = CARTESIAN_POINT ( 'NONE',  ( 1511.051913299626449, 366.3888481513088209, 1.500000000000000000 ) ) ;
#2452 = ORIENTED_EDGE ( 'NONE', *, *, #1813, .F. ) ;
#2453 = LINE ( 'NONE', #1160, #1257 ) ;
#2454 = FACE_OUTER_BOUND ( 'NONE', #2106, .T. ) ;
#2455 = EDGE_CURVE ( 'NONE', #1210, #294, #2509, .T. ) ;
#2456 = VERTEX_POINT ( 'NONE', #1978 ) ;
#2457 = ORIENTED_EDGE ( 'NONE', *, *, #2537, .F. ) ;
#2458 = CARTESIAN_POINT ( 'NONE',  ( 1540.686001475326520, 349.6228227475089625, 0.000000000000000000 ) ) ;
#2459 = CARTESIAN_POINT ( 'NONE',  ( 1543.919162982726448, 368.5228227475088829, 1.500000000000000000 ) ) ;
#2460 = DIRECTION ( 'NONE',  ( -0.000000000000000000, -0.000000000000000000, -1.000000000000000000 ) ) ;
#2461 = EDGE_CURVE ( 'NONE', #1857, #1601, #1688, .T. ) ;
#2462 = VERTEX_POINT ( 'NONE', #661 ) ;
#2463 = DIRECTION ( 'NONE',  ( -0.000000000000000000, -0.000000000000000000, -1.000000000000000000 ) ) ;
#2464 = DIRECTION ( 'NONE',  ( 0.4999999999949212848, 0.8660254037873708066, 0.000000000000000000 ) ) ;
#2465 = VECTOR ( 'NONE', #2678, 1000.000000000000114 ) ;
#2466 = DIRECTION ( 'NONE',  ( -0.000000000000000000, -0.000000000000000000, -1.000000000000000000 ) ) ;
#2467 = DIRECTION ( 'NONE',  ( 0.000000000000000000, 0.000000000000000000, 1.000000000000000000 ) ) ;
#2468 = AXIS2_PLACEMENT_3D ( 'NONE', #1382, #645, #1418 ) ;
#2469 = VERTEX_POINT ( 'NONE', #1721 ) ;
#2470 = VERTEX_POINT ( 'NONE', #211 ) ;
#2471 = CYLINDRICAL_SURFACE ( 'NONE', #1692, 0.4999999999999449329 ) ;
#2472 = LINE ( 'NONE', #893, #932 ) ;
#2473 = EDGE_CURVE ( 'NONE', #1467, #1488, #3001, .T. ) ;
#2474 = EDGE_LOOP ( 'NONE', ( #3085, #1147, #1521, #2935 ) ) ;
#2475 = VERTEX_POINT ( 'NONE', #727 ) ;
#2476 = PLANE ( 'NONE',  #3163 ) ;
#2477 = DIRECTION ( 'NONE',  ( 0.000000000000000000, -1.000000000000000000, 0.000000000000000000 ) ) ;
#2478 = EDGE_CURVE ( 'NONE', #1696, #434, #1216, .T. ) ;
#2479 = ORIENTED_EDGE ( 'NONE', *, *, #956, .T. ) ;
#2480 = CIRCLE ( 'NONE', #1029, 0.4999999999999449329 ) ;
#2481 = CARTESIAN_POINT ( 'NONE',  ( 1496.885625510726641, 343.7728227475087692, 1.500000000000000000 ) ) ;
#2482 = EDGE_CURVE ( 'NONE', #1540, #1332, #2012, .T. ) ;
#2483 = VECTOR ( 'NONE', #3107, 1000.000000000000000 ) ;
#2484 = AXIS2_PLACEMENT_3D ( 'NONE', #2828, #1317, #276 ) ;
#2485 = CARTESIAN_POINT ( 'NONE',  ( 1494.660975881326522, 344.1018126759089455, 0.000000000000000000 ) ) ;
#2486 = FACE_OUTER_BOUND ( 'NONE', #2869, .T. ) ;
#2487 = DIRECTION ( 'NONE',  ( 1.000000000000000000, 0.000000000000000000, 0.000000000000000000 ) ) ;
#2488 = ORIENTED_EDGE ( 'NONE', *, *, #198, .F. ) ;
#2489 = DIRECTION ( 'NONE',  ( 1.000000000000000000, 0.000000000000000000, 0.000000000000000000 ) ) ;
#2490 = CARTESIAN_POINT ( 'NONE',  ( 1544.352175684618715, 344.2728227475088829, 0.000000000000000000 ) ) ;
#2491 = AXIS2_PLACEMENT_3D ( 'NONE', #136, #940, #688 ) ;
#2492 = ORIENTED_EDGE ( 'NONE', *, *, #715, .F. ) ;
#2493 = ORIENTED_EDGE ( 'NONE', *, *, #2908, .F. ) ;
#2494 = EDGE_CURVE ( 'NONE', #2736, #255, #698, .T. ) ;
#2495 = LINE ( 'NONE', #1454, #2058 ) ;
#2496 = EDGE_CURVE ( 'NONE', #305, #947, #1476, .T. ) ;
#2497 = CARTESIAN_POINT ( 'NONE',  ( 1549.831454480526645, 359.5018126759086954, 1.500000000000000000 ) ) ;
#2498 = DIRECTION ( 'NONE',  ( -0.000000000000000000, -0.000000000000000000, -1.000000000000000000 ) ) ;
#2499 = DIRECTION ( 'NONE',  ( 1.000000000000000000, 0.000000000000000000, 0.000000000000000000 ) ) ;
#2500 = EDGE_CURVE ( 'NONE', #1340, #1417, #431, .T. ) ;
#2501 = PLANE ( 'NONE',  #2785 ) ;
#2502 = CARTESIAN_POINT ( 'NONE',  ( 1505.718824487726579, 341.6018126759088318, 0.000000000000000000 ) ) ;
#2503 = LINE ( 'NONE', #250, #1728 ) ;
#2504 = ORIENTED_EDGE ( 'NONE', *, *, #2825, .T. ) ;
#2505 = DIRECTION ( 'NONE',  ( 1.000000000000000000, 0.000000000000000000, 0.000000000000000000 ) ) ;
#2506 = CARTESIAN_POINT ( 'NONE',  ( 1556.351344794526540, 346.2728227475088261, 0.000000000000000000 ) ) ;
#2507 = ORIENTED_EDGE ( 'NONE', *, *, #3313, .F. ) ;
#2508 = ORIENTED_EDGE ( 'NONE', *, *, #2351, .F. ) ;
#2509 = LINE ( 'NONE', #1959, #1040 ) ;
#2510 = CYLINDRICAL_SURFACE ( 'NONE', #834, 0.5000000000001669775 ) ;
#2511 = DIRECTION ( 'NONE',  ( 0.4999999999952446927, 0.8660254037871841781, 0.000000000000000000 ) ) ;
#2512 = EDGE_CURVE ( 'NONE', #2067, #1884, #2495, .T. ) ;
#2513 = CARTESIAN_POINT ( 'NONE',  ( 1490.936500404526669, 359.1728227475087465, 1.500000000000000000 ) ) ;
#2514 = ADVANCED_FACE ( 'NONE', ( #2238 ), #714, .F. ) ;
#2515 = CARTESIAN_POINT ( 'NONE',  ( 1555.918332092626770, 346.5228227475085987, 1.500000000000000000 ) ) ;
#2516 = EDGE_CURVE ( 'NONE', #3060, #156, #1739, .T. ) ;
#2517 = DIRECTION ( 'NONE',  ( 1.000000000000000000, 0.000000000000000000, 0.000000000000000000 ) ) ;
#2518 = VECTOR ( 'NONE', #635, 1000.000000000000114 ) ;
#2519 = ORIENTED_EDGE ( 'NONE', *, *, #2690, .F. ) ;
#2520 = CARTESIAN_POINT ( 'NONE',  ( 1494.660975881326522, 368.4438328192086942, 1.500000000000000000 ) ) ;
#2521 = CARTESIAN_POINT ( 'NONE',  ( 1508.376486819026695, 371.0228227475088261, 1.500000000000000000 ) ) ;
#2522 = VERTEX_POINT ( 'NONE', #973 ) ;
#2523 = ORIENTED_EDGE ( 'NONE', *, *, #2455, .T. ) ;
#2524 = CARTESIAN_POINT ( 'NONE',  ( 1511.118900597726906, 360.7728227475090534, 1.500000000000000000 ) ) ;
#2525 = AXIS2_PLACEMENT_3D ( 'NONE', #39, #1375, #3121 ) ;
#2526 = LINE ( 'NONE', #227, #946 ) ;
#2527 = CARTESIAN_POINT ( 'NONE',  ( 1528.118900597726679, 358.7728227475088261, 0.000000000000000000 ) ) ;
#2528 = VERTEX_POINT ( 'NONE', #2044 ) ;
#2529 = DIRECTION ( 'NONE',  ( 1.000000000000000000, 0.000000000000000000, 0.000000000000000000 ) ) ;
#2530 = VECTOR ( 'NONE', #48, 1000.000000000000000 ) ;
#2531 = LINE ( 'NONE', #1494, #2152 ) ;
#2532 = ORIENTED_EDGE ( 'NONE', *, *, #1162, .F. ) ;
#2533 = CYLINDRICAL_SURFACE ( 'NONE', #2337, 0.4999999999999449329 ) ;
#2534 = CARTESIAN_POINT ( 'NONE',  ( 1543.919162982726448, 344.0228227475088261, 0.000000000000000000 ) ) ;
#2535 = ORIENTED_EDGE ( 'NONE', *, *, #3105, .T. ) ;
#2536 = EDGE_LOOP ( 'NONE', ( #3311, #3097, #2022, #358 ) ) ;
#2537 = EDGE_CURVE ( 'NONE', #1928, #2155, #769, .T. ) ;
#2538 = CIRCLE ( 'NONE', #74, 0.4999999999999449329 ) ;
#2539 = CARTESIAN_POINT ( 'NONE',  ( 1481.775131535526725, 346.7728227475088261, 1.500000000000000000 ) ) ;
#2540 = ORIENTED_EDGE ( 'NONE', *, *, #2516, .T. ) ;
#2541 = FACE_OUTER_BOUND ( 'NONE', #2233, .T. ) ;
#2542 = AXIS2_PLACEMENT_3D ( 'NONE', #2431, #2467, #3257 ) ;
#2543 = CYLINDRICAL_SURFACE ( 'NONE', #389, 0.4999999999999449329 ) ;
#2544 = CIRCLE ( 'NONE', #1963, 0.4999999999999449329 ) ;
#2545 = ORIENTED_EDGE ( 'NONE', *, *, #1699, .T. ) ;
#2546 = DIRECTION ( 'NONE',  ( -0.4999999999949055196, 0.8660254037873799104, 0.000000000000000000 ) ) ;
#2547 = CARTESIAN_POINT ( 'NONE',  ( 1538.879481950226818, 362.6728227475086328, 1.500000000000000000 ) ) ;
#2548 = ORIENTED_EDGE ( 'NONE', *, *, #1677, .T. ) ;
#2549 = CIRCLE ( 'NONE', #2393, 0.4999999999999449329 ) ;
#2550 = DIRECTION ( 'NONE',  ( 0.000000000000000000, 0.000000000000000000, 1.000000000000000000 ) ) ;
#2551 = LINE ( 'NONE', #2521, #439 ) ;
#2552 = ADVANCED_FACE ( 'NONE', ( #2017 ), #2830, .F. ) ;
#2553 = ORIENTED_EDGE ( 'NONE', *, *, #625, .T. ) ;
#2554 = ORIENTED_EDGE ( 'NONE', *, *, #1072, .F. ) ;
#2555 = CARTESIAN_POINT ( 'NONE',  ( 1484.886456400934094, 365.7728227475089398, 1.500000000000000000 ) ) ;
#2556 = EDGE_CURVE ( 'NONE', #2427, #1066, #989, .T. ) ;
#2557 = ORIENTED_EDGE ( 'NONE', *, *, #98, .T. ) ;
#2558 = CARTESIAN_POINT ( 'NONE',  ( 1546.576825314126836, 344.1018126759086044, 0.000000000000000000 ) ) ;
#2559 = CARTESIAN_POINT ( 'NONE',  ( 1482.275131535526725, 365.7728227475088261, 1.500000000000000000 ) ) ;
#2560 = EDGE_LOOP ( 'NONE', ( #1288, #3026, #2417, #417 ) ) ;
#2561 = CIRCLE ( 'NONE', #1331, 0.4999999999999449329 ) ;
#2562 = CARTESIAN_POINT ( 'NONE',  ( 1533.294327078218885, 370.7728227475087692, 1.500000000000000000 ) ) ;
#2563 = ORIENTED_EDGE ( 'NONE', *, *, #2593, .F. ) ;
#2564 = DIRECTION ( 'NONE',  ( 0.000000000000000000, 0.000000000000000000, 1.000000000000000000 ) ) ;
#2565 = CARTESIAN_POINT ( 'NONE',  ( 1528.118900597726679, 353.7728227475088261, 1.500000000000000000 ) ) ;
#2566 = VERTEX_POINT ( 'NONE', #2261 ) ;
#2567 = CYLINDRICAL_SURFACE ( 'NONE', #2798, 2.000000000000001776 ) ;
#2568 = CARTESIAN_POINT ( 'NONE',  ( 1533.294327078226615, 341.2728227475088261, 1.500000000000000000 ) ) ;
#2569 = EDGE_CURVE ( 'NONE', #861, #1011, #2274, .T. ) ;
#2570 = ORIENTED_EDGE ( 'NONE', *, *, #687, .F. ) ;
#2571 = DIRECTION ( 'NONE',  ( 1.000000000000000000, 0.000000000000000000, 0.000000000000000000 ) ) ;
#2572 = EDGE_CURVE ( 'NONE', #1467, #770, #736, .T. ) ;
#2573 = AXIS2_PLACEMENT_3D ( 'NONE', #1025, #994, #23 ) ;
#2574 = CARTESIAN_POINT ( 'NONE',  ( 1540.252988773426750, 362.6728227475086896, 1.500000000000000000 ) ) ;
#2575 = VECTOR ( 'NONE', #1140, 1000.000000000000114 ) ;
#2576 = VERTEX_POINT ( 'NONE', #3272 ) ;
#2577 = EDGE_CURVE ( 'NONE', #1763, #1888, #1254, .T. ) ;
#2578 = DIRECTION ( 'NONE',  ( -0.000000000000000000, -0.000000000000000000, -1.000000000000000000 ) ) ;
#2579 = ORIENTED_EDGE ( 'NONE', *, *, #3316, .F. ) ;
#2580 = VECTOR ( 'NONE', #505, 1000.000000000000000 ) ;
#2581 = DIRECTION ( 'NONE',  ( -0.000000000000000000, -0.000000000000000000, -1.000000000000000000 ) ) ;
#2582 = DIRECTION ( 'NONE',  ( 1.000000000000000000, 0.000000000000000000, -0.000000000000000000 ) ) ;
#2583 = VECTOR ( 'NONE', #2628, 1000.000000000000000 ) ;
#2584 = ORIENTED_EDGE ( 'NONE', *, *, #2759, .T. ) ;
#2585 = DIRECTION ( 'NONE',  ( -1.000000000000000000, 0.000000000000000000, 0.000000000000000000 ) ) ;
#2586 = FACE_OUTER_BOUND ( 'NONE', #1935, .T. ) ;
#2587 = AXIS2_PLACEMENT_3D ( 'NONE', #1665, #710, #1732 ) ;
#2588 = VERTEX_POINT ( 'NONE', #3084 ) ;
#2589 = VERTEX_POINT ( 'NONE', #1 ) ;
#2590 = DIRECTION ( 'NONE',  ( 1.000000000000000000, 0.000000000000000000, 0.000000000000000000 ) ) ;
#2591 = EDGE_CURVE ( 'NONE', #2247, #2333, #990, .T. ) ;
#2592 = LINE ( 'NONE', #1872, #3067 ) ;
#2593 = EDGE_CURVE ( 'NONE', #1340, #2725, #2783, .T. ) ;
#2594 = AXIS2_PLACEMENT_3D ( 'NONE', #636, #2938, #2231 ) ;
#2595 = ORIENTED_EDGE ( 'NONE', *, *, #300, .F. ) ;
#2596 = CARTESIAN_POINT ( 'NONE',  ( 1538.879481950226818, 362.6728227475086896, 0.000000000000000000 ) ) ;
#2597 = EDGE_CURVE ( 'NONE', #1268, #2456, #508, .T. ) ;
#2598 = ORIENTED_EDGE ( 'NONE', *, *, #1635, .F. ) ;
#2599 = CARTESIAN_POINT ( 'NONE',  ( 1481.775131535526725, 346.7728227475088261, 0.000000000000000000 ) ) ;
#2600 = DIRECTION ( 'NONE',  ( -1.000000000000000000, 0.000000000000000000, 0.000000000000000000 ) ) ;
#2601 = VECTOR ( 'NONE', #1846, 1000.000000000000000 ) ;
#2602 = ORIENTED_EDGE ( 'NONE', *, *, #583, .F. ) ;
#2603 = LINE ( 'NONE', #2357, #2483 ) ;
#2604 = DIRECTION ( 'NONE',  ( 1.000000000000000000, 0.000000000000000000, 0.000000000000000000 ) ) ;
#2605 = VERTEX_POINT ( 'NONE', #2547 ) ;
#2606 = ORIENTED_EDGE ( 'NONE', *, *, #2473, .T. ) ;
#2607 = DIRECTION ( 'NONE',  ( 1.265353230805084169E-13, -1.000000000000000000, 0.000000000000000000 ) ) ;
#2608 =( GEOMETRIC_REPRESENTATION_CONTEXT ( 3 ) GLOBAL_UNCERTAINTY_ASSIGNED_CONTEXT ( ( #2839 ) ) GLOBAL_UNIT_ASSIGNED_CONTEXT ( ( #405, #2888, #103 ) ) REPRESENTATION_CONTEXT ( 'NONE', 'WORKASPACE' ) );
#2609 = PLANE ( 'NONE',  #2484 ) ;
#2610 = ORIENTED_EDGE ( 'NONE', *, *, #73, .F. ) ;
#2611 = EDGE_CURVE ( 'NONE', #377, #2067, #2531, .T. ) ;
#2612 = EDGE_CURVE ( 'NONE', #1844, #814, #2503, .T. ) ;
#2613 = DIRECTION ( 'NONE',  ( 1.000000000000000000, 0.000000000000000000, 0.000000000000000000 ) ) ;
#2614 = ORIENTED_EDGE ( 'NONE', *, *, #2591, .T. ) ;
#2615 = DIRECTION ( 'NONE',  ( -0.000000000000000000, -0.000000000000000000, -1.000000000000000000 ) ) ;
#2616 = EDGE_CURVE ( 'NONE', #2201, #2686, #493, .T. ) ;
#2617 = LINE ( 'NONE', #2353, #1666 ) ;
#2618 = AXIS2_PLACEMENT_3D ( 'NONE', #682, #2460, #1150 ) ;
#2619 = ORIENTED_EDGE ( 'NONE', *, *, #2933, .F. ) ;
#2620 = VECTOR ( 'NONE', #586, 1000.000000000000000 ) ;
#2621 = DIRECTION ( 'NONE',  ( 0.000000000000000000, 0.000000000000000000, 1.000000000000000000 ) ) ;
#2622 = DIRECTION ( 'NONE',  ( -0.000000000000000000, -0.000000000000000000, -1.000000000000000000 ) ) ;
#2623 = ORIENTED_EDGE ( 'NONE', *, *, #1495, .T. ) ;
#2624 = VERTEX_POINT ( 'NONE', #522 ) ;
#2625 = CARTESIAN_POINT ( 'NONE',  ( 1495.130822191726566, 343.7728227475088261, 1.500000000000000000 ) ) ;
#2626 = VECTOR ( 'NONE', #3241, 1000.000000000000000 ) ;
#2627 = VECTOR ( 'NONE', #1686, 1000.000000000000000 ) ;
#2628 = DIRECTION ( 'NONE',  ( -0.000000000000000000, -0.000000000000000000, -1.000000000000000000 ) ) ;
#2629 = ORIENTED_EDGE ( 'NONE', *, *, #1609, .F. ) ;
#2630 = DIRECTION ( 'NONE',  ( 1.000000000000000000, 0.000000000000000000, 0.000000000000000000 ) ) ;
#2631 = ORIENTED_EDGE ( 'NONE', *, *, #376, .T. ) ;
#2632 = DIRECTION ( 'NONE',  ( -0.000000000000000000, -0.000000000000000000, -1.000000000000000000 ) ) ;
#2633 = DIRECTION ( 'NONE',  ( -1.000000000000000000, -1.581691538506555392E-13, 0.000000000000000000 ) ) ;
#2634 = CARTESIAN_POINT ( 'NONE',  ( 1532.861314376326618, 341.5228227475088261, 1.500000000000000000 ) ) ;
#2635 = EDGE_LOOP ( 'NONE', ( #31, #2342, #2492, #282 ) ) ;
#2636 = LINE ( 'NONE', #1059, #1194 ) ;
#2637 = VECTOR ( 'NONE', #1329, 1000.000000000000000 ) ;
#2638 = CYLINDRICAL_SURFACE ( 'NONE', #662, 0.5000000000001669775 ) ;
#2639 = EDGE_LOOP ( 'NONE', ( #190, #3230, #1244, #2479 ) ) ;
#2640 = AXIS2_PLACEMENT_3D ( 'NONE', #2242, #260, #1792 ) ;
#2641 = EDGE_CURVE ( 'NONE', #2997, #70, #1022, .T. ) ;
#2642 = ORIENTED_EDGE ( 'NONE', *, *, #2821, .F. ) ;
#2643 = ORIENTED_EDGE ( 'NONE', *, *, #1832, .F. ) ;
#2644 = CARTESIAN_POINT ( 'NONE',  ( 1543.919162982726448, 368.5228227475088829, 0.000000000000000000 ) ) ;
#2645 = CARTESIAN_POINT ( 'NONE',  ( 1530.118900597726679, 360.7728227475088261, 0.000000000000000000 ) ) ;
#2646 = ORIENTED_EDGE ( 'NONE', *, *, #2225, .T. ) ;
#2647 = CARTESIAN_POINT ( 'NONE',  ( 1489.562993581318779, 359.6728227475088602, 0.000000000000000000 ) ) ;
#2648 = DIRECTION ( 'NONE',  ( -0.000000000000000000, -0.000000000000000000, -1.000000000000000000 ) ) ;
#2649 = CARTESIAN_POINT ( 'NONE',  ( 1511.051913299626449, 366.3888481513088209, 1.500000000000000000 ) ) ;
#2650 = LINE ( 'NONE', #367, #301 ) ;
#2651 = EDGE_LOOP ( 'NONE', ( #291, #579, #708, #3144 ) ) ;
#2652 = DIRECTION ( 'NONE',  ( -0.000000000000000000, -0.000000000000000000, -1.000000000000000000 ) ) ;
#2653 = DIRECTION ( 'NONE',  ( 0.000000000000000000, 0.000000000000000000, 1.000000000000000000 ) ) ;
#2654 = ADVANCED_FACE ( 'NONE', ( #720 ), #233, .F. ) ;
#2655 = CIRCLE ( 'NONE', #1049, 0.5000000000001669775 ) ;
#2656 = ORIENTED_EDGE ( 'NONE', *, *, #2641, .F. ) ;
#2657 = ORIENTED_EDGE ( 'NONE', *, *, #833, .F. ) ;
#2658 = CARTESIAN_POINT ( 'NONE',  ( 1484.886456400926363, 366.2728227475090534, 1.500000000000000000 ) ) ;
#2659 = EDGE_CURVE ( 'NONE', #2475, #1080, #3024, .T. ) ;
#2660 =( LENGTH_UNIT ( ) NAMED_UNIT ( * ) SI_UNIT ( .MILLI., .METRE. ) );
#2661 = ORIENTED_EDGE ( 'NONE', *, *, #361, .F. ) ;
#2662 = DIRECTION ( 'NONE',  ( -0.000000000000000000, -0.000000000000000000, -1.000000000000000000 ) ) ;
#2663 = PLANE ( 'NONE',  #904 ) ;
#2664 = LINE ( 'NONE', #2922, #3011 ) ;
#2665 = LINE ( 'NONE', #1428, #734 ) ;
#2666 = ORIENTED_EDGE ( 'NONE', *, *, #492, .F. ) ;
#2667 = CARTESIAN_POINT ( 'NONE',  ( 1546.106979003726337, 343.7728227475091103, 1.500000000000000000 ) ) ;
#2668 = DIRECTION ( 'NONE',  ( -0.000000000000000000, -0.000000000000000000, -1.000000000000000000 ) ) ;
#2669 = AXIS2_PLACEMENT_3D ( 'NONE', #2870, #3087, #573 ) ;
#2670 = ORIENTED_EDGE ( 'NONE', *, *, #2023, .T. ) ;
#2671 = VERTEX_POINT ( 'NONE', #1779 ) ;
#2672 = PLANE ( 'NONE',  #2468 ) ;
#2673 = ADVANCED_FACE ( 'NONE', ( #1544 ), #1824, .T. ) ;
#2674 = DIRECTION ( 'NONE',  ( -1.000000000000000000, 0.000000000000000000, 0.000000000000000000 ) ) ;
#2675 = VERTEX_POINT ( 'NONE', #2365 ) ;
#2676 = DIRECTION ( 'NONE',  ( 0.000000000000000000, 0.000000000000000000, 1.000000000000000000 ) ) ;
#2677 = EDGE_CURVE ( 'NONE', #2341, #368, #1193, .T. ) ;
#2678 = DIRECTION ( 'NONE',  ( 0.5000000000043915982, -0.8660254037819031803, 0.000000000000000000 ) ) ;
#2679 = FACE_OUTER_BOUND ( 'NONE', #1349, .T. ) ;
#2680 = VECTOR ( 'NONE', #238, 1000.000000000000000 ) ;
#2681 = DIRECTION ( 'NONE',  ( 0.000000000000000000, 1.000000000000000000, 0.000000000000000000 ) ) ;
#2682 = ORIENTED_EDGE ( 'NONE', *, *, #833, .T. ) ;
#2683 = DIRECTION ( 'NONE',  ( -0.000000000000000000, -0.000000000000000000, -1.000000000000000000 ) ) ;
#2684 = FACE_OUTER_BOUND ( 'NONE', #643, .T. ) ;
#2685 = ORIENTED_EDGE ( 'NONE', *, *, #1575, .F. ) ;
#2686 = VERTEX_POINT ( 'NONE', #536 ) ;
#2687 = FILL_AREA_STYLE_COLOUR ( '', #3039 ) ;
#2688 = CARTESIAN_POINT ( 'NONE',  ( 1500.984812422026607, 349.8728227475089625, 0.000000000000000000 ) ) ;
#2689 = CIRCLE ( 'NONE', #3064, 0.5000000000001669775 ) ;
#2690 = EDGE_CURVE ( 'NONE', #2742, #2439, #584, .T. ) ;
#2691 = CARTESIAN_POINT ( 'NONE',  ( 1544.352175684626900, 368.7728227475090534, 1.500000000000000000 ) ) ;
#2692 = CARTESIAN_POINT ( 'NONE',  ( 1490.936500404547360, 352.8728227475090193, 1.500000000000000000 ) ) ;
#2693 = DIRECTION ( 'NONE',  ( -1.000000000000000000, 0.000000000000000000, 0.000000000000000000 ) ) ;
#2694 = ADVANCED_FACE ( 'NONE', ( #82 ), #1557, .T. ) ;
#2695 = CARTESIAN_POINT ( 'NONE',  ( 1535.518976707726551, 370.9438328192090921, 1.500000000000000000 ) ) ;
#2696 = AXIS2_PLACEMENT_3D ( 'NONE', #1504, #764, #1790 ) ;
#2697 = AXIS2_PLACEMENT_3D ( 'NONE', #304, #859, #2098 ) ;
#2698 = LINE ( 'NONE', #886, #1769 ) ;
#2699 = DIRECTION ( 'NONE',  ( 1.000000000000000000, 0.000000000000000000, 0.000000000000000000 ) ) ;
#2700 = ADVANCED_FACE ( 'NONE', ( #3134 ), #2090, .T. ) ;
#2701 = CARTESIAN_POINT ( 'NONE',  ( 1485.319469102826588, 346.5228227475090534, 0.000000000000000000 ) ) ;
#2702 = ORIENTED_EDGE ( 'NONE', *, *, #1319, .F. ) ;
#2703 = CYLINDRICAL_SURFACE ( 'NONE', #2706, 0.5000000000001669775 ) ;
#2704 = LINE ( 'NONE', #1937, #3126 ) ;
#2705 = EDGE_CURVE ( 'NONE', #1417, #596, #2746, .T. ) ;
#2706 = AXIS2_PLACEMENT_3D ( 'NONE', #1413, #892, #1918 ) ;
#2707 = ORIENTED_EDGE ( 'NONE', *, *, #1758, .T. ) ;
#2708 = ORIENTED_EDGE ( 'NONE', *, *, #1673, .T. ) ;
#2709 = LINE ( 'NONE', #3231, #2735 ) ;
#2710 = DIRECTION ( 'NONE',  ( 1.000000000000000000, 0.000000000000000000, 0.000000000000000000 ) ) ;
#2711 = DIRECTION ( 'NONE',  ( 0.3420201433252698653, 0.9396926207860534230, 0.000000000000000000 ) ) ;
#2712 = ORIENTED_EDGE ( 'NONE', *, *, #2611, .F. ) ;
#2713 = CIRCLE ( 'NONE', #3139, 0.4999999999999449329 ) ;
#2714 = DIRECTION ( 'NONE',  ( -0.000000000000000000, -0.000000000000000000, -1.000000000000000000 ) ) ;
#2715 = CARTESIAN_POINT ( 'NONE',  ( 1535.518976707726551, 370.9438328192090921, 1.500000000000000000 ) ) ;
#2716 = CARTESIAN_POINT ( 'NONE',  ( 1535.049130397326508, 341.2728227475091103, 0.000000000000000000 ) ) ;
#2717 = EDGE_CURVE ( 'NONE', #92, #3180, #2899, .T. ) ;
#2718 = CARTESIAN_POINT ( 'NONE',  ( 1533.294327078226615, 371.2728227475088829, 0.000000000000000000 ) ) ;
#2719 = ORIENTED_EDGE ( 'NONE', *, *, #1575, .T. ) ;
#2720 = ORIENTED_EDGE ( 'NONE', *, *, #1614, .T. ) ;
#2721 = EDGE_CURVE ( 'NONE', #160, #3111, #1858, .T. ) ;
#2722 = CARTESIAN_POINT ( 'NONE',  ( 1550.301300790826645, 353.3728227475089625, 1.500000000000000000 ) ) ;
#2723 = DIRECTION ( 'NONE',  ( -0.000000000000000000, -0.000000000000000000, -1.000000000000000000 ) ) ;
#2724 = ORIENTED_EDGE ( 'NONE', *, *, #3050, .F. ) ;
#2725 = VERTEX_POINT ( 'NONE', #1577 ) ;
#2726 = EDGE_CURVE ( 'NONE', #2865, #1124, #1621, .T. ) ;
#2727 = CARTESIAN_POINT ( 'NONE',  ( 1513.118900597726906, 351.7728227475088261, 1.500000000000000000 ) ) ;
#2728 = CARTESIAN_POINT ( 'NONE',  ( 1495.130822191726566, 368.7728227475088261, 0.000000000000000000 ) ) ;
#2729 = ORIENTED_EDGE ( 'NONE', *, *, #363, .T. ) ;
#2730 = CARTESIAN_POINT ( 'NONE',  ( 1535.518976707726551, 370.9438328192090921, 0.000000000000000000 ) ) ;
#2731 = FACE_OUTER_BOUND ( 'NONE', #3251, .T. ) ;
#2732 = VECTOR ( 'NONE', #988, 1000.000000000000000 ) ;
#2733 = CARTESIAN_POINT ( 'NONE',  ( 1551.674807614126621, 353.3728227475089056, 1.500000000000000000 ) ) ;
#2734 = DIRECTION ( 'NONE',  ( 0.000000000000000000, 0.000000000000000000, 1.000000000000000000 ) ) ;
#2735 = VECTOR ( 'NONE', #2185, 1000.000000000000000 ) ;
#2736 = VERTEX_POINT ( 'NONE', #1119 ) ;
#2737 = CARTESIAN_POINT ( 'NONE',  ( 1535.049130397310591, 341.7728227475091103, 1.500000000000000000 ) ) ;
#2738 = AXIS2_PLACEMENT_3D ( 'NONE', #1310, #1611, #1899 ) ;
#2739 = CARTESIAN_POINT ( 'NONE',  ( 1496.885625510726641, 368.7728227475088261, 0.000000000000000000 ) ) ;
#2740 = VECTOR ( 'NONE', #1674, 1000.000000000000000 ) ;
#2741 = ORIENTED_EDGE ( 'NONE', *, *, #1906, .F. ) ;
#2742 = VERTEX_POINT ( 'NONE', #3098 ) ;
#2743 = DIRECTION ( 'NONE',  ( 0.000000000000000000, 0.000000000000000000, 1.000000000000000000 ) ) ;
#2744 = EDGE_CURVE ( 'NONE', #713, #429, #3117, .T. ) ;
#2745 = CARTESIAN_POINT ( 'NONE',  ( 1538.879481950226818, 349.8728227475089625, 1.500000000000000000 ) ) ;
#2746 = CIRCLE ( 'NONE', #1404, 0.5000000000001669775 ) ;
#2747 = CARTESIAN_POINT ( 'NONE',  ( 1532.861314376326618, 341.5228227475088261, 0.000000000000000000 ) ) ;
#2748 = VECTOR ( 'NONE', #1336, 1000.000000000000000 ) ;
#2749 = DIRECTION ( 'NONE',  ( -1.000000000000000000, 0.000000000000000000, 0.000000000000000000 ) ) ;
#2750 = CARTESIAN_POINT ( 'NONE',  ( 1495.130822191726566, 368.7728227475088261, 1.500000000000000000 ) ) ;
#2751 = CARTESIAN_POINT ( 'NONE',  ( 1506.188670798126623, 341.2728227475088261, 0.000000000000000000 ) ) ;
#2752 = VECTOR ( 'NONE', #624, 1000.000000000000000 ) ;
#2753 = ORIENTED_EDGE ( 'NONE', *, *, #1095, .T. ) ;
#2754 = DIRECTION ( 'NONE',  ( -0.000000000000000000, -0.000000000000000000, -1.000000000000000000 ) ) ;
#2755 = CARTESIAN_POINT ( 'NONE',  ( 1496.885625510734371, 368.2728227475087124, 1.500000000000000000 ) ) ;
#2756 = VECTOR ( 'NONE', #1232, 1000.000000000000114 ) ;
#2757 = VERTEX_POINT ( 'NONE', #2139 ) ;
#2758 = ORIENTED_EDGE ( 'NONE', *, *, #1473, .F. ) ;
#2759 = EDGE_CURVE ( 'NONE', #2865, #3159, #3167, .T. ) ;
#2760 = CARTESIAN_POINT ( 'NONE',  ( 1551.674807614034535, 352.8728227475089056, 1.500000000000000000 ) ) ;
#2761 = EDGE_CURVE ( 'NONE', #2439, #373, #228, .T. ) ;
#2762 = DIRECTION ( 'NONE',  ( 0.000000000000000000, 1.000000000000000000, 0.000000000000000000 ) ) ;
#2763 = CARTESIAN_POINT ( 'NONE',  ( 1558.962669659926632, 366.2728227475088261, 0.000000000000000000 ) ) ;
#2764 = EDGE_CURVE ( 'NONE', #3116, #66, #1891, .T. ) ;
#2765 = DIRECTION ( 'NONE',  ( 1.000000000000000000, 0.000000000000000000, 0.000000000000000000 ) ) ;
#2766 = VECTOR ( 'NONE', #1530, 1000.000000000000000 ) ;
#2767 = CARTESIAN_POINT ( 'NONE',  ( 1538.879481950226818, 362.6728227475086328, 1.500000000000000000 ) ) ;
#2768 = DIRECTION ( 'NONE',  ( 0.000000000000000000, 0.000000000000000000, 1.000000000000000000 ) ) ;
#2769 = MECHANICAL_DESIGN_GEOMETRIC_PRESENTATION_REPRESENTATION (  '', ( #1591 ), #2608 ) ;
#2770 = EDGE_LOOP ( 'NONE', ( #3201, #2216, #1706, #88 ) ) ;
#2771 = FACE_OUTER_BOUND ( 'NONE', #1604, .T. ) ;
#2772 = DIRECTION ( 'NONE',  ( -0.9396926207848983470, 0.3420201433284436598, 0.000000000000000000 ) ) ;
#2773 = VERTEX_POINT ( 'NONE', #1104 ) ;
#2774 = ORIENTED_EDGE ( 'NONE', *, *, #1733, .F. ) ;
#2775 = DIRECTION ( 'NONE',  ( 1.000000000000000000, 0.000000000000000000, 0.000000000000000000 ) ) ;
#2776 = DIRECTION ( 'NONE',  ( 0.000000000000000000, 1.000000000000000000, 0.000000000000000000 ) ) ;
#2777 = ADVANCED_FACE ( 'NONE', ( #2125 ), #330, .T. ) ;
#2778 = DIRECTION ( 'NONE',  ( 1.000000000000000000, 0.000000000000000000, 0.000000000000000000 ) ) ;
#2779 = CARTESIAN_POINT ( 'NONE',  ( 1485.319469102826588, 346.5228227475090534, 1.500000000000000000 ) ) ;
#2780 = ORIENTED_EDGE ( 'NONE', *, *, #1596, .T. ) ;
#2781 = VECTOR ( 'NONE', #2141, 1000.000000000000114 ) ;
#2782 = DIRECTION ( 'NONE',  ( 0.8660254037873800215, 0.4999999999949055751, -0.000000000000000000 ) ) ;
#2783 = LINE ( 'NONE', #1795, #1354 ) ;
#2784 = EDGE_CURVE ( 'NONE', #305, #585, #1876, .T. ) ;
#2785 = AXIS2_PLACEMENT_3D ( 'NONE', #2750, #2259, #1222 ) ;
#2786 = ORIENTED_EDGE ( 'NONE', *, *, #2121, .T. ) ;
#2787 = CARTESIAN_POINT ( 'NONE',  ( 1551.674807614034535, 359.6728227475087465, 0.000000000000000000 ) ) ;
#2788 = CARTESIAN_POINT ( 'NONE',  ( 1496.885625510726641, 343.7728227475087692, 0.000000000000000000 ) ) ;
#2789 = EDGE_CURVE ( 'NONE', #1488, #1525, #281, .T. ) ;
#2790 = ORIENTED_EDGE ( 'NONE', *, *, #1534, .T. ) ;
#2791 = EDGE_LOOP ( 'NONE', ( #2390, #843, #2881, #2978 ) ) ;
#2792 = DIRECTION ( 'NONE',  ( -0.000000000000000000, -0.000000000000000000, -1.000000000000000000 ) ) ;
#2793 = AXIS2_PLACEMENT_3D ( 'NONE', #1258, #786, #1241 ) ;
#2794 = ORIENTED_EDGE ( 'NONE', *, *, #2659, .T. ) ;
#2795 = DIRECTION ( 'NONE',  ( -0.000000000000000000, -0.000000000000000000, -1.000000000000000000 ) ) ;
#2796 = DIRECTION ( 'NONE',  ( 0.000000000000000000, 0.000000000000000000, 1.000000000000000000 ) ) ;
#2797 = ORIENTED_EDGE ( 'NONE', *, *, #1514, .T. ) ;
#2798 = AXIS2_PLACEMENT_3D ( 'NONE', #1550, #25, #269 ) ;
#2799 = DIRECTION ( 'NONE',  ( -1.000000000000000000, 0.000000000000000000, 0.000000000000000000 ) ) ;
#2800 = EDGE_CURVE ( 'NONE', #514, #1865, #3019, .T. ) ;
#2801 = VECTOR ( 'NONE', #1947, 1000.000000000000000 ) ;
#2802 = CARTESIAN_POINT ( 'NONE',  ( 1530.185887895826454, 346.1567973437088312, 1.500000000000000000 ) ) ;
#2803 = ORIENTED_EDGE ( 'NONE', *, *, #2204, .T. ) ;
#2804 = CARTESIAN_POINT ( 'NONE',  ( 1552.107820315926574, 359.4228227475086896, 1.500000000000000000 ) ) ;
#2805 = EDGE_CURVE ( 'NONE', #1956, #1105, #2213, .T. ) ;
#2806 = DIRECTION ( 'NONE',  ( -0.9396926207860450964, 0.3420201433252931245, 0.000000000000000000 ) ) ;
#2807 = ORIENTED_EDGE ( 'NONE', *, *, #1572, .F. ) ;
#2808 = VERTEX_POINT ( 'NONE', #1136 ) ;
#2809 = CIRCLE ( 'NONE', #2697, 0.5000000000001669775 ) ;
#2810 = CARTESIAN_POINT ( 'NONE',  ( 1494.660975881326522, 368.4438328192086942, 1.500000000000000000 ) ) ;
#2811 = ORIENTED_EDGE ( 'NONE', *, *, #2908, .T. ) ;
#2812 = CARTESIAN_POINT ( 'NONE',  ( 1540.252988773434254, 363.1728227475087465, 1.500000000000000000 ) ) ;
#2813 = CARTESIAN_POINT ( 'NONE',  ( 1535.518976707726324, 341.6018126759088318, 1.500000000000000000 ) ) ;
#2814 = EDGE_LOOP ( 'NONE', ( #975, #466, #2180, #12 ) ) ;
#2815 = DIRECTION ( 'NONE',  ( 0.4999999999949055196, -0.8660254037873799104, 0.000000000000000000 ) ) ;
#2816 = EDGE_LOOP ( 'NONE', ( #2774, #480, #286, #2968 ) ) ;
#2817 = EDGE_CURVE ( 'NONE', #2589, #1434, #176, .T. ) ;
#2818 = AXIS2_PLACEMENT_3D ( 'NONE', #3146, #1098, #2894 ) ;
#2819 = CARTESIAN_POINT ( 'NONE',  ( 1507.943474117126698, 341.2728227475087692, 1.500000000000000000 ) ) ;
#2820 = FACE_OUTER_BOUND ( 'NONE', #2114, .T. ) ;
#2821 = EDGE_CURVE ( 'NONE', #2831, #2773, #380, .T. ) ;
#2822 = VERTEX_POINT ( 'NONE', #2156 ) ;
#2823 = ORIENTED_EDGE ( 'NONE', *, *, #811, .T. ) ;
#2824 = CARTESIAN_POINT ( 'NONE',  ( 1543.919162982726448, 368.5228227475088829, 1.500000000000000000 ) ) ;
#2825 = EDGE_CURVE ( 'NONE', #2528, #1650, #685, .T. ) ;
#2826 = ORIENTED_EDGE ( 'NONE', *, *, #1179, .T. ) ;
#2827 = LINE ( 'NONE', #2625, #520 ) ;
#2828 = CARTESIAN_POINT ( 'NONE',  ( 1532.861314376326618, 341.5228227475088261, 1.500000000000000000 ) ) ;
#2829 = EDGE_LOOP ( 'NONE', ( #582, #2286, #1636, #122 ) ) ;
#2830 = CYLINDRICAL_SURFACE ( 'NONE', #3077, 0.5000000000001669775 ) ;
#2831 = VERTEX_POINT ( 'NONE', #2715 ) ;
#2832 = CYLINDRICAL_SURFACE ( 'NONE', #1335, 0.4999999999999449329 ) ;
#2833 = DIRECTION ( 'NONE',  ( 1.000000000000000000, 0.000000000000000000, 0.000000000000000000 ) ) ;
#2834 = EDGE_CURVE ( 'NONE', #1210, #1458, #1675, .T. ) ;
#2835 = EDGE_LOOP ( 'NONE', ( #1397, #1552, #639, #2387 ) ) ;
#2836 = DIRECTION ( 'NONE',  ( -1.265353230805084169E-13, -1.000000000000000000, 0.000000000000000000 ) ) ;
#2837 = CARTESIAN_POINT ( 'NONE',  ( 1533.294327078218885, 341.7728227475089398, 1.500000000000000000 ) ) ;
#2838 = EDGE_CURVE ( 'NONE', #1445, #1768, #2920, .T. ) ;
#2839 = UNCERTAINTY_MEASURE_WITH_UNIT (LENGTH_MEASURE( 1.000000000000000082E-05 ), #405, 'distance_accuracy_value', 'NONE');
#2840 = ORIENTED_EDGE ( 'NONE', *, *, #1001, .T. ) ;
#2841 = VERTEX_POINT ( 'NONE', #2485 ) ;
#2842 = CYLINDRICAL_SURFACE ( 'NONE', #2818, 0.4999999999999449329 ) ;
#2843 = VECTOR ( 'NONE', #2369, 1000.000000000000000 ) ;
#2844 = EDGE_CURVE ( 'NONE', #3040, #1007, #1643, .T. ) ;
#2845 = DIRECTION ( 'NONE',  ( -1.000000000000000000, 0.000000000000000000, 0.000000000000000000 ) ) ;
#2846 = ORIENTED_EDGE ( 'NONE', *, *, #1284, .T. ) ;
#2847 = DIRECTION ( 'NONE',  ( 0.000000000000000000, 0.000000000000000000, 1.000000000000000000 ) ) ;
#2848 = VERTEX_POINT ( 'NONE', #3238 ) ;
#2849 = VECTOR ( 'NONE', #1356, 1000.000000000000000 ) ;
#2850 = FACE_OUTER_BOUND ( 'NONE', #3043, .T. ) ;
#2851 = DIRECTION ( 'NONE',  ( -0.000000000000000000, -0.000000000000000000, -1.000000000000000000 ) ) ;
#2852 = AXIS2_PLACEMENT_3D ( 'NONE', #2345, #1555, #1603 ) ;
#2853 = ORIENTED_EDGE ( 'NONE', *, *, #2948, .F. ) ;
#2854 = CARTESIAN_POINT ( 'NONE',  ( 1533.294327078226615, 341.2728227475088261, 1.500000000000000000 ) ) ;
#2855 = LINE ( 'NONE', #1395, #2916 ) ;
#2856 = VECTOR ( 'NONE', #2273, 1000.000000000000000 ) ;
#2857 = VECTOR ( 'NONE', #1432, 1000.000000000000000 ) ;
#2858 = ORIENTED_EDGE ( 'NONE', *, *, #140, .F. ) ;
#2859 = ORIENTED_EDGE ( 'NONE', *, *, #2721, .F. ) ;
#2860 = ADVANCED_FACE ( 'NONE', ( #2731 ), #2971, .T. ) ;
#2861 = DIRECTION ( 'NONE',  ( 0.000000000000000000, 0.000000000000000000, 1.000000000000000000 ) ) ;
#2862 = EDGE_CURVE ( 'NONE', #1730, #3111, #1913, .T. ) ;
#2863 = DIRECTION ( 'NONE',  ( 1.000000000000000000, 0.000000000000000000, 0.000000000000000000 ) ) ;
#2864 = VECTOR ( 'NONE', #461, 1000.000000000000000 ) ;
#2865 = VERTEX_POINT ( 'NONE', #364 ) ;
#2866 = EDGE_CURVE ( 'NONE', #1835, #43, #2689, .T. ) ;
#2867 = CARTESIAN_POINT ( 'NONE',  ( 1500.984812422018877, 349.3728227475089056, 0.000000000000000000 ) ) ;
#2868 = VECTOR ( 'NONE', #2683, 1000.000000000000000 ) ;
#2869 = EDGE_LOOP ( 'NONE', ( #108, #2619, #3307, #1749 ) ) ;
#2870 = CARTESIAN_POINT ( 'NONE',  ( 1550.301300790906225, 352.8728227475089625, 1.500000000000000000 ) ) ;
#2871 = DIRECTION ( 'NONE',  ( 1.000000000000000000, 0.000000000000000000, 0.000000000000000000 ) ) ;
#2872 = ORIENTED_EDGE ( 'NONE', *, *, #1897, .T. ) ;
#2873 = CARTESIAN_POINT ( 'NONE',  ( 1511.118900597726906, 360.7728227475090534, 0.000000000000000000 ) ) ;
#2874 = CARTESIAN_POINT ( 'NONE',  ( 1484.886456400926591, 346.2728227475088261, 0.000000000000000000 ) ) ;
#2875 = VERTEX_POINT ( 'NONE', #1424 ) ;
#2876 = ORIENTED_EDGE ( 'NONE', *, *, #1991, .F. ) ;
#2877 = CARTESIAN_POINT ( 'NONE',  ( 1502.358319245210623, 363.1728227475087465, 1.500000000000000000 ) ) ;
#2878 = VECTOR ( 'NONE', #1934, 1000.000000000000000 ) ;
#2879 = LINE ( 'NONE', #549, #2583 ) ;
#2880 = ADVANCED_FACE ( 'NONE', ( #2936 ), #2446, .T. ) ;
#2881 = ORIENTED_EDGE ( 'NONE', *, *, #2593, .T. ) ;
#2882 = CARTESIAN_POINT ( 'NONE',  ( 1484.886456400934094, 365.7728227475089398, 0.000000000000000000 ) ) ;
#2883 = ORIENTED_EDGE ( 'NONE', *, *, #2461, .F. ) ;
#2884 = FACE_OUTER_BOUND ( 'NONE', #3191, .T. ) ;
#2885 = LINE ( 'NONE', #1326, #2255 ) ;
#2886 = EDGE_CURVE ( 'NONE', #183, #1105, #169, .T. ) ;
#2887 = VECTOR ( 'NONE', #2967, 1000.000000000000000 ) ;
#2888 =( NAMED_UNIT ( * ) PLANE_ANGLE_UNIT ( ) SI_UNIT ( $, .RADIAN. ) );
#2889 = ORIENTED_EDGE ( 'NONE', *, *, #456, .T. ) ;
#2890 = DIRECTION ( 'NONE',  ( 0.000000000000000000, 0.000000000000000000, 1.000000000000000000 ) ) ;
#2891 = CARTESIAN_POINT ( 'NONE',  ( 1544.352175684626900, 343.7728227475088261, 1.500000000000000000 ) ) ;
#2892 = ORIENTED_EDGE ( 'NONE', *, *, #222, .F. ) ;
#2893 = ORIENTED_EDGE ( 'NONE', *, *, #552, .F. ) ;
#2894 = DIRECTION ( 'NONE',  ( -1.000000000000000000, 0.000000000000000000, 0.000000000000000000 ) ) ;
#2895 = CIRCLE ( 'NONE', #1449, 0.4999999999999449329 ) ;
#2896 = CIRCLE ( 'NONE', #437, 0.4999999999999449329 ) ;
#2897 = DIRECTION ( 'NONE',  ( -1.000000000000000000, 0.000000000000000000, 0.000000000000000000 ) ) ;
#2898 = ORIENTED_EDGE ( 'NONE', *, *, #913, .T. ) ;
#2899 = LINE ( 'NONE', #2396, #2530 ) ;
#2900 = CIRCLE ( 'NONE', #2146, 0.4999999999999449329 ) ;
#2901 = ORIENTED_EDGE ( 'NONE', *, *, #1783, .F. ) ;
#2902 = EDGE_CURVE ( 'NONE', #2333, #2021, #2047, .T. ) ;
#2903 = DIRECTION ( 'NONE',  ( -1.000000000000000000, 0.000000000000000000, 0.000000000000000000 ) ) ;
#2904 = DIRECTION ( 'NONE',  ( 1.000000000000000000, 0.000000000000000000, 0.000000000000000000 ) ) ;
#2905 = CARTESIAN_POINT ( 'NONE',  ( 1530.118900597726679, 346.4067973437088312, 0.000000000000000000 ) ) ;
#2906 = VECTOR ( 'NONE', #2258, 1000.000000000000000 ) ;
#2907 = ORIENTED_EDGE ( 'NONE', *, *, #1510, .F. ) ;
#2908 = EDGE_CURVE ( 'NONE', #1487, #2470, #132, .T. ) ;
#2909 = LINE ( 'NONE', #877, #1849 ) ;
#2910 = AXIS2_PLACEMENT_3D ( 'NONE', #731, #1564, #789 ) ;
#2911 = DIRECTION ( 'NONE',  ( 0.000000000000000000, -0.000000000000000000, 1.000000000000000000 ) ) ;
#2912 = VECTOR ( 'NONE', #1838, 1000.000000000000000 ) ;
#2913 = EDGE_LOOP ( 'NONE', ( #1057, #880, #1367, #3183 ) ) ;
#2914 = ORIENTED_EDGE ( 'NONE', *, *, #707, .T. ) ;
#2915 = LINE ( 'NONE', #374, #1021 ) ;
#2916 = VECTOR ( 'NONE', #610, 1000.000000000000000 ) ;
#2917 = CARTESIAN_POINT ( 'NONE',  ( 1505.718824487726579, 370.9438328192089216, 1.500000000000000000 ) ) ;
#2918 = VERTEX_POINT ( 'NONE', #668 ) ;
#2919 = CIRCLE ( 'NONE', #239, 2.000000000000001776 ) ;
#2920 = LINE ( 'NONE', #1405, #867 ) ;
#2921 = LINE ( 'NONE', #170, #2193 ) ;
#2922 = CARTESIAN_POINT ( 'NONE',  ( 1495.130822191726566, 343.7728227475088261, 1.500000000000000000 ) ) ;
#2923 = CARTESIAN_POINT ( 'NONE',  ( 1482.275131535526725, 346.7728227475088261, 0.000000000000000000 ) ) ;
#2924 = ADVANCED_FACE ( 'NONE', ( #2174 ), #3202, .T. ) ;
#2925 = ORIENTED_EDGE ( 'NONE', *, *, #1657, .T. ) ;
#2926 = DIRECTION ( 'NONE',  ( 1.000000000000000000, 0.000000000000000000, 0.000000000000000000 ) ) ;
#2927 = CARTESIAN_POINT ( 'NONE',  ( 1495.130822191706102, 368.2728227475087692, 1.500000000000000000 ) ) ;
#2928 = EDGE_CURVE ( 'NONE', #1745, #2997, #2480, .T. ) ;
#2929 = VECTOR ( 'NONE', #3245, 999.9999999999998863 ) ;
#2930 = ORIENTED_EDGE ( 'NONE', *, *, #913, .F. ) ;
#2931 = VERTEX_POINT ( 'NONE', #1693 ) ;
#2932 = DIRECTION ( 'NONE',  ( 1.000000000000000000, -1.265353230876974262E-13, 0.000000000000000000 ) ) ;
#2933 = EDGE_CURVE ( 'NONE', #377, #3152, #1981, .T. ) ;
#2934 = LINE ( 'NONE', #631, #1548 ) ;
#2935 = ORIENTED_EDGE ( 'NONE', *, *, #526, .T. ) ;
#2936 = FACE_OUTER_BOUND ( 'NONE', #844, .T. ) ;
#2937 = CARTESIAN_POINT ( 'NONE',  ( 1555.918332092626542, 366.0228227475088829, 0.000000000000000000 ) ) ;
#2938 = DIRECTION ( 'NONE',  ( -0.9396926207849031210, -0.3420201433284305037, 0.000000000000000000 ) ) ;
#2939 = VERTEX_POINT ( 'NONE', #2527 ) ;
#2940 = CARTESIAN_POINT ( 'NONE',  ( 1505.718824487726579, 370.9438328192089216, 1.500000000000000000 ) ) ;
#2941 = EDGE_CURVE ( 'NONE', #1141, #3296, #1282, .T. ) ;
#2942 = DIRECTION ( 'NONE',  ( -0.000000000000000000, -0.000000000000000000, -1.000000000000000000 ) ) ;
#2943 = ADVANCED_FACE ( 'NONE', ( #766 ), #2292, .F. ) ;
#2944 = AXIS2_PLACEMENT_3D ( 'NONE', #1546, #2564, #1070 ) ;
#2945 = ORIENTED_EDGE ( 'NONE', *, *, #2165, .T. ) ;
#2946 = ORIENTED_EDGE ( 'NONE', *, *, #1900, .T. ) ;
#2947 = CARTESIAN_POINT ( 'NONE',  ( 1544.352175684618715, 368.2728227475090534, 0.000000000000000000 ) ) ;
#2948 = EDGE_CURVE ( 'NONE', #783, #160, #987, .T. ) ;
#2949 = DIRECTION ( 'NONE',  ( 1.000000000000000000, 0.000000000000000000, 0.000000000000000000 ) ) ;
#2950 = CIRCLE ( 'NONE', #317, 0.4999999999999449329 ) ;
#2951 = ORIENTED_EDGE ( 'NONE', *, *, #587, .F. ) ;
#2952 = EDGE_CURVE ( 'NONE', #1195, #775, #504, .T. ) ;
#2953 = DIRECTION ( 'NONE',  ( 0.000000000000000000, -0.000000000000000000, -1.000000000000000000 ) ) ;
#2954 = EDGE_CURVE ( 'NONE', #1318, #679, #2426, .T. ) ;
#2955 = DIRECTION ( 'NONE',  ( 0.000000000000000000, -1.000000000000000000, 0.000000000000000000 ) ) ;
#2956 = FACE_OUTER_BOUND ( 'NONE', #2207, .T. ) ;
#2957 = AXIS2_PLACEMENT_3D ( 'NONE', #1139, #670, #2487 ) ;
#2958 = DIRECTION ( 'NONE',  ( -1.000000000000000000, 1.265353230805084169E-13, 0.000000000000000000 ) ) ;
#2959 = ORIENTED_EDGE ( 'NONE', *, *, #870, .T. ) ;
#2960 = CARTESIAN_POINT ( 'NONE',  ( 1555.918332092626542, 366.0228227475088829, 1.500000000000000000 ) ) ;
#2961 = CARTESIAN_POINT ( 'NONE',  ( 1496.885625510734371, 344.2728227475088261, 0.000000000000000000 ) ) ;
#2962 = VERTEX_POINT ( 'NONE', #3302 ) ;
#2963 = ORIENTED_EDGE ( 'NONE', *, *, #2356, .T. ) ;
#2964 = FACE_OUTER_BOUND ( 'NONE', #2134, .T. ) ;
#2965 = DIRECTION ( 'NONE',  ( -0.000000000000000000, -0.000000000000000000, -1.000000000000000000 ) ) ;
#2966 = VECTOR ( 'NONE', #3285, 1000.000000000000114 ) ;
#2967 = DIRECTION ( 'NONE',  ( -0.000000000000000000, -0.000000000000000000, -1.000000000000000000 ) ) ;
#2968 = ORIENTED_EDGE ( 'NONE', *, *, #1189, .T. ) ;
#2969 = EDGE_CURVE ( 'NONE', #1315, #2742, #969, .T. ) ;
#2970 = DIRECTION ( 'NONE',  ( -1.000000000000000000, -8.503139837832922640E-14, 0.000000000000000000 ) ) ;
#2971 = CYLINDRICAL_SURFACE ( 'NONE', #2208, 0.5000000000003890221 ) ;
#2972 = ADVANCED_FACE ( 'NONE', ( #3036 ), #1996, .F. ) ;
#2973 = AXIS2_PLACEMENT_3D ( 'NONE', #142, #2200, #1683 ) ;
#2974 = CARTESIAN_POINT ( 'NONE',  ( 1502.358319245226539, 349.8728227475090193, 1.500000000000000000 ) ) ;
#2975 = CARTESIAN_POINT ( 'NONE',  ( 1546.576825314126609, 368.4438328192086942, 0.000000000000000000 ) ) ;
#2976 = ORIENTED_EDGE ( 'NONE', *, *, #1906, .T. ) ;
#2977 = AXIS2_PLACEMENT_3D ( 'NONE', #366, #383, #903 ) ;
#2978 = ORIENTED_EDGE ( 'NONE', *, *, #3151, .T. ) ;
#2979 = DIRECTION ( 'NONE',  ( 0.000000000000000000, 0.000000000000000000, 1.000000000000000000 ) ) ;
#2980 = FACE_OUTER_BOUND ( 'NONE', #659, .T. ) ;
#2981 = VECTOR ( 'NONE', #1682, 1000.000000000000000 ) ;
#2982 = ORIENTED_EDGE ( 'NONE', *, *, #32, .F. ) ;
#2983 = ORIENTED_EDGE ( 'NONE', *, *, #114, .F. ) ;
#2984 = CARTESIAN_POINT ( 'NONE',  ( 1513.118900597726906, 358.7728227475088261, 0.000000000000000000 ) ) ;
#2985 = CARTESIAN_POINT ( 'NONE',  ( 1538.879481950226818, 349.8728227475089625, 1.500000000000000000 ) ) ;
#2986 = DIRECTION ( 'NONE',  ( 0.000000000000000000, 1.000000000000000000, 0.000000000000000000 ) ) ;
#2987 = ORIENTED_EDGE ( 'NONE', *, *, #2144, .T. ) ;
#2988 = VECTOR ( 'NONE', #2256, 1000.000000000000227 ) ;
#2989 = CARTESIAN_POINT ( 'NONE',  ( 1513.118900597726906, 353.7728227475088261, 1.500000000000000000 ) ) ;
#2990 = CARTESIAN_POINT ( 'NONE',  ( 1494.660975881326522, 368.4438328192086942, 0.000000000000000000 ) ) ;
#2991 = CARTESIAN_POINT ( 'NONE',  ( 1540.252988773434254, 349.3728227475090193, 0.000000000000000000 ) ) ;
#2992 = CARTESIAN_POINT ( 'NONE',  ( 1513.118900597726679, 360.7728227475088261, 1.500000000000000000 ) ) ;
#2993 = ORIENTED_EDGE ( 'NONE', *, *, #2124, .F. ) ;
#2994 = ORIENTED_EDGE ( 'NONE', *, *, #3217, .T. ) ;
#2995 = CARTESIAN_POINT ( 'NONE',  ( 1508.376486819026695, 371.0228227475088261, 1.500000000000000000 ) ) ;
#2996 = FACE_OUTER_BOUND ( 'NONE', #1545, .T. ) ;
#2997 = VERTEX_POINT ( 'NONE', #2813 ) ;
#2998 = ORIENTED_EDGE ( 'NONE', *, *, #1649, .F. ) ;
#2999 = PRESENTATION_STYLE_ASSIGNMENT (( #949 ) ) ;
#3000 = AXIS2_PLACEMENT_3D ( 'NONE', #2917, #1910, #2711 ) ;
#3001 = LINE ( 'NONE', #2985, #3294 ) ;
#3002 = DIRECTION ( 'NONE',  ( 1.000000000000000000, 0.000000000000000000, -0.000000000000000000 ) ) ;
#3003 = CARTESIAN_POINT ( 'NONE',  ( 1511.051913299626449, 346.1567973437088312, 1.500000000000000000 ) ) ;
#3004 = CARTESIAN_POINT ( 'NONE',  ( 1494.660975881326522, 344.1018126759088318, 1.500000000000000000 ) ) ;
#3005 = LINE ( 'NONE', #2214, #1659 ) ;
#3006 = CARTESIAN_POINT ( 'NONE',  ( 1482.275131535526725, 346.2728227475088261, 1.500000000000000000 ) ) ;
#3007 = EDGE_CURVE ( 'NONE', #3152, #1956, #1729, .T. ) ;
#3008 = ORIENTED_EDGE ( 'NONE', *, *, #3166, .F. ) ;
#3009 = EDGE_CURVE ( 'NONE', #2469, #1535, #472, .T. ) ;
#3010 = LINE ( 'NONE', #2520, #2929 ) ;
#3011 = VECTOR ( 'NONE', #86, 1000.000000000000000 ) ;
#3012 = DIRECTION ( 'NONE',  ( 0.9396926207848889101, 0.3420201433284698611, -0.000000000000000000 ) ) ;
#3013 = AXIS2_PLACEMENT_3D ( 'NONE', #213, #918, #3034 ) ;
#3014 = EDGE_CURVE ( 'NONE', #2962, #2822, #1300, .T. ) ;
#3015 = ORIENTED_EDGE ( 'NONE', *, *, #1073, .F. ) ;
#3016 = ORIENTED_EDGE ( 'NONE', *, *, #941, .F. ) ;
#3017 = DIRECTION ( 'NONE',  ( -0.000000000000000000, -0.000000000000000000, -1.000000000000000000 ) ) ;
#3018 = CARTESIAN_POINT ( 'NONE',  ( 1508.376486819026695, 341.5228227475088261, 1.500000000000000000 ) ) ;
#3019 = CIRCLE ( 'NONE', #760, 0.4999999999999449329 ) ;
#3020 = LINE ( 'NONE', #2481, #1561 ) ;
#3021 = CIRCLE ( 'NONE', #2001, 0.5000000000001669775 ) ;
#3022 = DIRECTION ( 'NONE',  ( 0.000000000000000000, 0.000000000000000000, 1.000000000000000000 ) ) ;
#3023 = CARTESIAN_POINT ( 'NONE',  ( 1484.886456400926591, 346.2728227475088261, 1.500000000000000000 ) ) ;
#3024 = LINE ( 'NONE', #3052, #2424 ) ;
#3025 = AXIS2_PLACEMENT_3D ( 'NONE', #1161, #3209, #693 ) ;
#3026 = ORIENTED_EDGE ( 'NONE', *, *, #938, .F. ) ;
#3027 = FACE_OUTER_BOUND ( 'NONE', #2036, .T. ) ;
#3028 = DIRECTION ( 'NONE',  ( -0.000000000000000000, -0.000000000000000000, -1.000000000000000000 ) ) ;
#3029 = AXIS2_PLACEMENT_3D ( 'NONE', #1474, #3233, #393 ) ;
#3030 = ORIENTED_EDGE ( 'NONE', *, *, #2948, .T. ) ;
#3031 = VERTEX_POINT ( 'NONE', #229 ) ;
#3032 = CARTESIAN_POINT ( 'NONE',  ( 1535.049130397326280, 371.2728227475090534, 1.500000000000000000 ) ) ;
#3033 = CARTESIAN_POINT ( 'NONE',  ( 1558.962669659926632, 366.2728227475088261, 1.500000000000000000 ) ) ;
#3034 = DIRECTION ( 'NONE',  ( -1.000000000000000000, 0.000000000000000000, 0.000000000000000000 ) ) ;
#3035 = EDGE_CURVE ( 'NONE', #3143, #40, #1267, .T. ) ;
#3036 = FACE_OUTER_BOUND ( 'NONE', #1278, .T. ) ;
#3037 = FACE_OUTER_BOUND ( 'NONE', #2791, .T. ) ;
#3038 = DIRECTION ( 'NONE',  ( -1.000000000000000000, 0.000000000000000000, 0.000000000000000000 ) ) ;
#3039 = COLOUR_RGB ( '',0.7921568627450980005, 0.8196078431372548767, 0.9333333333333333481 ) ;
#3040 = VERTEX_POINT ( 'NONE', #2310 ) ;
#3041 = DIRECTION ( 'NONE',  ( 0.000000000000000000, 0.000000000000000000, 1.000000000000000000 ) ) ;
#3042 = DIRECTION ( 'NONE',  ( 0.3420201433252931245, 0.9396926207860450964, 0.000000000000000000 ) ) ;
#3043 = EDGE_LOOP ( 'NONE', ( #1297, #177, #1371, #3 ) ) ;
#3044 = ORIENTED_EDGE ( 'NONE', *, *, #1832, .T. ) ;
#3045 = CARTESIAN_POINT ( 'NONE',  ( 1502.358319245247003, 349.3728227475089625, 1.500000000000000000 ) ) ;
#3046 = ADVANCED_FACE ( 'NONE', ( #748 ), #2543, .T. ) ;
#3047 = DIRECTION ( 'NONE',  ( 0.000000000000000000, 0.000000000000000000, 1.000000000000000000 ) ) ;
#3048 = DIRECTION ( 'NONE',  ( -0.000000000000000000, -0.000000000000000000, -1.000000000000000000 ) ) ;
#3049 = EDGE_LOOP ( 'NONE', ( #929, #1261, #2312, #991 ) ) ;
#3050 = EDGE_CURVE ( 'NONE', #2469, #92, #1018, .T. ) ;
#3051 = LINE ( 'NONE', #1462, #2626 ) ;
#3052 = CARTESIAN_POINT ( 'NONE',  ( 1530.185887895826454, 366.3888481513088209, 1.500000000000000000 ) ) ;
#3053 = VECTOR ( 'NONE', #2128, 1000.000000000000000 ) ;
#3054 = ORIENTED_EDGE ( 'NONE', *, *, #2121, .F. ) ;
#3055 = DIRECTION ( 'NONE',  ( -1.000000000000000000, 0.000000000000000000, 0.000000000000000000 ) ) ;
#3056 = CARTESIAN_POINT ( 'NONE',  ( 1507.943474117126698, 371.2728227475088261, 1.500000000000000000 ) ) ;
#3057 = EDGE_LOOP ( 'NONE', ( #852, #1101, #235, #2811, #264, #2563, #343, #2401, #244, #2602, #3135, #1187, #836, #2504, #2758, #2202, #2892, #3122, #776, #3213, #1543, #3118, #694, #2807, #2998, #16, #3075, #2623, #803, #506, #2440, #2925, #448, #2987, #3236, #423, #3058, #1500, #737, #386, #627, #2708, #942, #3248, #1975, #323, #36, #318, #683, #2889, #2532, #2149, #1355, #3207, #1200, #1668, #2101, #2753, #1718, #1197, #1559, #2548, #1800, #2643, #2138, #1314, #1508, #1402, #1328, #3247, #1618, #410, #959, #3263, #248, #964, #144, #1231, #793, #494, #1307, #2598, #1385, #2883, #1251, #1061, #194, #2907, #104, #2085, #2595, #1337, #673, #354, #178, #2712 ) ) ;
#3058 = ORIENTED_EDGE ( 'NONE', *, *, #563, .T. ) ;
#3059 = DIRECTION ( 'NONE',  ( 0.3420201433252614831, -0.9396926207860566427, 0.000000000000000000 ) ) ;
#3060 = VERTEX_POINT ( 'NONE', #2042 ) ;
#3061 = CARTESIAN_POINT ( 'NONE',  ( 1535.049130397326280, 371.2728227475090534, 0.000000000000000000 ) ) ;
#3062 = DIRECTION ( 'NONE',  ( 0.000000000000000000, 0.000000000000000000, 1.000000000000000000 ) ) ;
#3063 = ADVANCED_FACE ( 'NONE', ( #718 ), #1220, .F. ) ;
#3064 = AXIS2_PLACEMENT_3D ( 'NONE', #1387, #151, #920 ) ;
#3065 = ORIENTED_EDGE ( 'NONE', *, *, #666, .F. ) ;
#3066 = AXIS2_PLACEMENT_3D ( 'NONE', #1293, #1091, #2585 ) ;
#3067 = VECTOR ( 'NONE', #30, 1000.000000000000000 ) ;
#3068 = EDGE_CURVE ( 'NONE', #1124, #2462, #519, .T. ) ;
#3069 = DIRECTION ( 'NONE',  ( -0.000000000000000000, -0.000000000000000000, -1.000000000000000000 ) ) ;
#3070 = ORIENTED_EDGE ( 'NONE', *, *, #1774, .F. ) ;
#3071 = DIRECTION ( 'NONE',  ( -1.000000000000000000, 0.000000000000000000, 0.000000000000000000 ) ) ;
#3072 = DIRECTION ( 'NONE',  ( -1.000000000000000000, 0.000000000000000000, 0.000000000000000000 ) ) ;
#3073 = EDGE_CURVE ( 'NONE', #2576, #1563, #1196, .T. ) ;
#3074 = ORIENTED_EDGE ( 'NONE', *, *, #119, .F. ) ;
#3075 = ORIENTED_EDGE ( 'NONE', *, *, #1794, .T. ) ;
#3076 = DIRECTION ( 'NONE',  ( 1.000000000000000000, 0.000000000000000000, 0.000000000000000000 ) ) ;
#3077 = AXIS2_PLACEMENT_3D ( 'NONE', #1760, #1527, #3038 ) ;
#3078 = ORIENTED_EDGE ( 'NONE', *, *, #2597, .F. ) ;
#3079 = CARTESIAN_POINT ( 'NONE',  ( 1490.936500404510980, 359.6728227475088033, 0.000000000000000000 ) ) ;
#3080 = DIRECTION ( 'NONE',  ( -0.000000000000000000, -0.000000000000000000, -1.000000000000000000 ) ) ;
#3081 = EDGE_LOOP ( 'NONE', ( #230, #242, #788, #477 ) ) ;
#3082 = EDGE_CURVE ( 'NONE', #1857, #1923, #63, .T. ) ;
#3083 = AXIS2_PLACEMENT_3D ( 'NONE', #3260, #755, #1781 ) ;
#3084 = CARTESIAN_POINT ( 'NONE',  ( 1494.660975881326522, 368.4438328192086942, 1.500000000000000000 ) ) ;
#3085 = ORIENTED_EDGE ( 'NONE', *, *, #2954, .T. ) ;
#3086 = EDGE_CURVE ( 'NONE', #770, #1525, #2592, .T. ) ;
#3087 = DIRECTION ( 'NONE',  ( 0.000000000000000000, 0.000000000000000000, 1.000000000000000000 ) ) ;
#3088 = LINE ( 'NONE', #2266, #2415 ) ;
#3089 = ORIENTED_EDGE ( 'NONE', *, *, #381, .F. ) ;
#3090 = ADVANCED_FACE ( 'NONE', ( #2379 ), #1301, .T. ) ;
#3091 = CARTESIAN_POINT ( 'NONE',  ( 1550.301300790906225, 352.8728227475089625, 0.000000000000000000 ) ) ;
#3092 = DIRECTION ( 'NONE',  ( -0.000000000000000000, -0.000000000000000000, -1.000000000000000000 ) ) ;
#3093 = VERTEX_POINT ( 'NONE', #780 ) ;
#3094 = ORIENTED_EDGE ( 'NONE', *, *, #2494, .F. ) ;
#3095 = CARTESIAN_POINT ( 'NONE',  ( 1481.775131535526725, 346.7728227475088261, 1.500000000000000000 ) ) ;
#3096 = DIRECTION ( 'NONE',  ( 1.000000000000000000, 8.503139837832923902E-14, 0.000000000000000000 ) ) ;
#3097 = ORIENTED_EDGE ( 'NONE', *, *, #1386, .F. ) ;
#3098 = CARTESIAN_POINT ( 'NONE',  ( 1502.358319245226539, 349.8728227475090193, 0.000000000000000000 ) ) ;
#3099 = CIRCLE ( 'NONE', #3212, 0.4999999999999449329 ) ;
#3100 = ORIENTED_EDGE ( 'NONE', *, *, #1259, .T. ) ;
#3101 = CARTESIAN_POINT ( 'NONE',  ( 1556.351344794526540, 346.2728227475088261, 1.500000000000000000 ) ) ;
#3102 = CARTESIAN_POINT ( 'NONE',  ( 1507.943474117126698, 371.2728227475088261, 1.500000000000000000 ) ) ;
#3103 = EDGE_CURVE ( 'NONE', #1619, #1888, #2327, .T. ) ;
#3104 = AXIS2_PLACEMENT_3D ( 'NONE', #971, #719, #3256 ) ;
#3105 = EDGE_CURVE ( 'NONE', #1260, #2456, #604, .T. ) ;
#3106 = EDGE_LOOP ( 'NONE', ( #2237, #2405, #1785, #2127 ) ) ;
#3107 = DIRECTION ( 'NONE',  ( -0.000000000000000000, -0.000000000000000000, -1.000000000000000000 ) ) ;
#3108 = CARTESIAN_POINT ( 'NONE',  ( 1502.358319245226539, 362.6728227475086896, 0.000000000000000000 ) ) ;
#3109 = ADVANCED_FACE ( 'NONE', ( #1588 ), #2609, .T. ) ;
#3110 = ORIENTED_EDGE ( 'NONE', *, *, #273, .T. ) ;
#3111 = VERTEX_POINT ( 'NONE', #534 ) ;
#3112 = DIRECTION ( 'NONE',  ( -1.000000000000000000, 0.000000000000000000, 0.000000000000000000 ) ) ;
#3113 = CIRCLE ( 'NONE', #2525, 0.4999999999999449329 ) ;
#3114 = CARTESIAN_POINT ( 'NONE',  ( 1500.551799720126610, 362.9228227475086896, 1.500000000000000000 ) ) ;
#3115 = APPLICATION_CONTEXT ( 'automotive_design' ) ;
#3116 = VERTEX_POINT ( 'NONE', #831 ) ;
#3117 = LINE ( 'NONE', #2596, #2260 ) ;
#3118 = ORIENTED_EDGE ( 'NONE', *, *, #1321, .T. ) ;
#3119 = VECTOR ( 'NONE', #2578, 1000.000000000000000 ) ;
#3120 = CARTESIAN_POINT ( 'NONE',  ( 1502.358319245247003, 349.3728227475089625, 1.500000000000000000 ) ) ;
#3121 = DIRECTION ( 'NONE',  ( 1.000000000000000000, 0.000000000000000000, 0.000000000000000000 ) ) ;
#3122 = ORIENTED_EDGE ( 'NONE', *, *, #2941, .F. ) ;
#3123 = CARTESIAN_POINT ( 'NONE',  ( 1508.376486819026695, 341.5228227475088261, 1.500000000000000000 ) ) ;
#3124 = CARTESIAN_POINT ( 'NONE',  ( 1489.562993581326737, 353.3728227475089625, 1.500000000000000000 ) ) ;
#3125 = AXIS2_PLACEMENT_3D ( 'NONE', #362, #3002, #700 ) ;
#3126 = VECTOR ( 'NONE', #1199, 1000.000000000000000 ) ;
#3127 = ORIENTED_EDGE ( 'NONE', *, *, #568, .F. ) ;
#3128 = ORIENTED_EDGE ( 'NONE', *, *, #2262, .F. ) ;
#3129 = CARTESIAN_POINT ( 'NONE',  ( 1555.918332092626542, 366.0228227475088829, 1.500000000000000000 ) ) ;
#3130 = LINE ( 'NONE', #1353, #1137 ) ;
#3131 = VECTOR ( 'NONE', #1807, 1000.000000000000000 ) ;
#3132 = ORIENTED_EDGE ( 'NONE', *, *, #427, .F. ) ;
#3133 = EDGE_CURVE ( 'NONE', #2377, #770, #1894, .T. ) ;
#3134 = FACE_OUTER_BOUND ( 'NONE', #1840, .T. ) ;
#3135 = ORIENTED_EDGE ( 'NONE', *, *, #666, .T. ) ;
#3136 = CARTESIAN_POINT ( 'NONE',  ( 1491.406346714926713, 353.0438328192087738, 0.000000000000000000 ) ) ;
#3137 = LINE ( 'NONE', #854, #1775 ) ;
#3138 = LINE ( 'NONE', #2905, #2344 ) ;
#3139 = AXIS2_PLACEMENT_3D ( 'NONE', #2692, #1316, #77 ) ;
#3140 = VERTEX_POINT ( 'NONE', #2574 ) ;
#3141 = CARTESIAN_POINT ( 'NONE',  ( 1535.518976707726551, 370.9438328192090921, 1.500000000000000000 ) ) ;
#3142 = FACE_OUTER_BOUND ( 'NONE', #537, .T. ) ;
#3143 = VERTEX_POINT ( 'NONE', #1050 ) ;
#3144 = ORIENTED_EDGE ( 'NONE', *, *, #2494, .T. ) ;
#3145 = VERTEX_POINT ( 'NONE', #328 ) ;
#3146 = CARTESIAN_POINT ( 'NONE',  ( 1506.188670798142311, 341.7728227475087692, 1.500000000000000000 ) ) ;
#3147 = CARTESIAN_POINT ( 'NONE',  ( 1530.618900597726679, 366.1388481513226338, 1.500000000000000000 ) ) ;
#3148 = EDGE_CURVE ( 'NONE', #2576, #741, #812, .T. ) ;
#3149 = ORIENTED_EDGE ( 'NONE', *, *, #1058, .F. ) ;
#3150 = CARTESIAN_POINT ( 'NONE',  ( 1530.118900597726679, 346.4067973437088312, 1.500000000000000000 ) ) ;
#3151 = EDGE_CURVE ( 'NONE', #2725, #3116, #796, .T. ) ;
#3152 = VERTEX_POINT ( 'NONE', #1065 ) ;
#3153 = DIRECTION ( 'NONE',  ( -0.000000000000000000, -0.000000000000000000, -1.000000000000000000 ) ) ;
#3154 = CARTESIAN_POINT ( 'NONE',  ( 1511.118900597726906, 351.7728227475088261, 1.500000000000000000 ) ) ;
#3155 = DIRECTION ( 'NONE',  ( 0.3420201433284436598, 0.9396926207848983470, 0.000000000000000000 ) ) ;
#3156 = ORIENTED_EDGE ( 'NONE', *, *, #2253, .F. ) ;
#3157 = DIRECTION ( 'NONE',  ( -0.000000000000000000, -0.000000000000000000, -1.000000000000000000 ) ) ;
#3158 = CARTESIAN_POINT ( 'NONE',  ( 1550.301300790826645, 359.1728227475087465, 1.500000000000000000 ) ) ;
#3159 = VERTEX_POINT ( 'NONE', #1822 ) ;
#3160 = EDGE_LOOP ( 'NONE', ( #251, #2685, #1518, #1086 ) ) ;
#3161 = PLANE ( 'NONE',  #2230 ) ;
#3162 = CIRCLE ( 'NONE', #1605, 0.4999999999999449329 ) ;
#3163 = AXIS2_PLACEMENT_3D ( 'NONE', #2222, #1890, #1669 ) ;
#3164 = VERTEX_POINT ( 'NONE', #599 ) ;
#3165 = VECTOR ( 'NONE', #102, 1000.000000000000000 ) ;
#3166 = EDGE_CURVE ( 'NONE', #2848, #1889, #293, .T. ) ;
#3167 = LINE ( 'NONE', #1606, #3119 ) ;
#3168 = VECTOR ( 'NONE', #2714, 1000.000000000000000 ) ;
#3169 = CARTESIAN_POINT ( 'NONE',  ( 1485.319469102826588, 366.0228227475088261, 0.000000000000000000 ) ) ;
#3170 = EDGE_CURVE ( 'NONE', #1141, #2841, #2879, .T. ) ;
#3171 = LINE ( 'NONE', #3154, #970 ) ;
#3172 = LINE ( 'NONE', #2701, #1753 ) ;
#3173 = AXIS2_PLACEMENT_3D ( 'NONE', #1965, #1190, #3185 ) ;
#3174 = VERTEX_POINT ( 'NONE', #2088 ) ;
#3175 = LINE ( 'NONE', #1394, #2015 ) ;
#3176 = EDGE_CURVE ( 'NONE', #1069, #498, #1573, .T. ) ;
#3177 = CARTESIAN_POINT ( 'NONE',  ( 1558.962669659926632, 346.2728227475088261, 1.500000000000000000 ) ) ;
#3178 = VECTOR ( 'NONE', #1542, 1000.000000000000000 ) ;
#3179 = EDGE_LOOP ( 'NONE', ( #2277, #1450, #2724, #2172 ) ) ;
#3180 = VERTEX_POINT ( 'NONE', #2645 ) ;
#3181 = DIRECTION ( 'NONE',  ( -0.8660254037885921630, -0.4999999999928059768, 0.000000000000000000 ) ) ;
#3182 = DIRECTION ( 'NONE',  ( -0.5000000000047731818, 0.8660254037816828010, 0.000000000000000000 ) ) ;
#3183 = ORIENTED_EDGE ( 'NONE', *, *, #2838, .T. ) ;
#3184 = VECTOR ( 'NONE', #2710, 1000.000000000000000 ) ;
#3185 = DIRECTION ( 'NONE',  ( 1.000000000000000000, 0.000000000000000000, 0.000000000000000000 ) ) ;
#3186 = EDGE_CURVE ( 'NONE', #679, #1540, #2105, .T. ) ;
#3187 = DIRECTION ( 'NONE',  ( -0.000000000000000000, -0.000000000000000000, -1.000000000000000000 ) ) ;
#3188 = CARTESIAN_POINT ( 'NONE',  ( 1530.118900597726679, 351.7728227475088261, 1.500000000000000000 ) ) ;
#3189 = EDGE_CURVE ( 'NONE', #655, #2736, #3130, .T. ) ;
#3190 = DIRECTION ( 'NONE',  ( 1.000000000000000000, 0.000000000000000000, 0.000000000000000000 ) ) ;
#3191 = EDGE_LOOP ( 'NONE', ( #628, #1593, #302, #2070 ) ) ;
#3192 = LINE ( 'NONE', #1664, #2868 ) ;
#3193 = LINE ( 'NONE', #1988, #2857 ) ;
#3194 = CIRCLE ( 'NONE', #2173, 0.5000000000001669775 ) ;
#3195 = EDGE_CURVE ( 'NONE', #2301, #2918, #3021, .T. ) ;
#3196 = ORIENTED_EDGE ( 'NONE', *, *, #446, .T. ) ;
#3197 = ORIENTED_EDGE ( 'NONE', *, *, #2764, .F. ) ;
#3198 = DIRECTION ( 'NONE',  ( 0.000000000000000000, 0.000000000000000000, 1.000000000000000000 ) ) ;
#3199 = FACE_OUTER_BOUND ( 'NONE', #130, .T. ) ;
#3200 = CIRCLE ( 'NONE', #894, 2.000000000000001776 ) ;
#3201 = ORIENTED_EDGE ( 'NONE', *, *, #2045, .T. ) ;
#3202 = PLANE ( 'NONE',  #1083 ) ;
#3203 = CIRCLE ( 'NONE', #1681, 0.5000000000001669775 ) ;
#3204 = CARTESIAN_POINT ( 'NONE',  ( 1490.936500404526669, 359.1728227475087465, 0.000000000000000000 ) ) ;
#3205 = DIRECTION ( 'NONE',  ( 0.3420201433284698611, -0.9396926207848887991, 0.000000000000000000 ) ) ;
#3206 = CARTESIAN_POINT ( 'NONE',  ( 1495.130822191726566, 343.7728227475088261, 0.000000000000000000 ) ) ;
#3207 = ORIENTED_EDGE ( 'NONE', *, *, #3254, .F. ) ;
#3208 = CARTESIAN_POINT ( 'NONE',  ( 1540.686001475326520, 362.9228227475086896, 1.500000000000000000 ) ) ;
#3209 = DIRECTION ( 'NONE',  ( -0.9396926207860497593, -0.3420201433252804124, 0.000000000000000000 ) ) ;
#3210 = ADVANCED_FACE ( 'NONE', ( #1623 ), #347, .T. ) ;
#3211 = EDGE_CURVE ( 'NONE', #822, #814, #1186, .T. ) ;
#3212 = AXIS2_PLACEMENT_3D ( 'NONE', #2352, #4, #1342 ) ;
#3213 = ORIENTED_EDGE ( 'NONE', *, *, #201, .T. ) ;
#3214 = VERTEX_POINT ( 'NONE', #2407 ) ;
#3215 = DIRECTION ( 'NONE',  ( -1.000000000000000000, 0.000000000000000000, 0.000000000000000000 ) ) ;
#3216 = LINE ( 'NONE', #931, #131 ) ;
#3217 = EDGE_CURVE ( 'NONE', #758, #193, #2296, .T. ) ;
#3218 = CYLINDRICAL_SURFACE ( 'NONE', #2618, 0.4999999999999449329 ) ;
#3219 = VECTOR ( 'NONE', #2903, 1000.000000000000000 ) ;
#3220 = LINE ( 'NONE', #1475, #232 ) ;
#3221 = DIRECTION ( 'NONE',  ( 0.3420201433252614831, -0.9396926207860566427, 0.000000000000000000 ) ) ;
#3222 = DIRECTION ( 'NONE',  ( 1.000000000000000000, 0.000000000000000000, 0.000000000000000000 ) ) ;
#3223 = CARTESIAN_POINT ( 'NONE',  ( 1506.188670798105932, 370.7728227475090534, 1.500000000000000000 ) ) ;
#3224 = CYLINDRICAL_SURFACE ( 'NONE', #2328, 0.4999999999999449329 ) ;
#3225 = ORIENTED_EDGE ( 'NONE', *, *, #326, .T. ) ;
#3226 = ORIENTED_EDGE ( 'NONE', *, *, #2569, .F. ) ;
#3227 = DIRECTION ( 'NONE',  ( -1.000000000000000000, 0.000000000000000000, 0.000000000000000000 ) ) ;
#3228 = CARTESIAN_POINT ( 'NONE',  ( 1559.462669659926860, 346.7728227475085987, 1.500000000000000000 ) ) ;
#3229 = ORIENTED_EDGE ( 'NONE', *, *, #185, .F. ) ;
#3230 = ORIENTED_EDGE ( 'NONE', *, *, #526, .F. ) ;
#3231 = CARTESIAN_POINT ( 'NONE',  ( 1551.674807614126621, 353.3728227475089056, 1.500000000000000000 ) ) ;
#3232 = AXIS2_PLACEMENT_3D ( 'NONE', #1076, #1363, #2778 ) ;
#3233 = DIRECTION ( 'NONE',  ( 0.000000000000000000, 0.000000000000000000, 1.000000000000000000 ) ) ;
#3234 = VECTOR ( 'NONE', #2464, 1000.000000000000114 ) ;
#3235 = DIRECTION ( 'NONE',  ( 1.000000000000000000, 0.000000000000000000, 0.000000000000000000 ) ) ;
#3236 = ORIENTED_EDGE ( 'NONE', *, *, #2902, .F. ) ;
#3237 = LINE ( 'NONE', #936, #2418 ) ;
#3238 = CARTESIAN_POINT ( 'NONE',  ( 1558.962669659926632, 346.2728227475088261, 0.000000000000000000 ) ) ;
#3239 = ADVANCED_FACE ( 'NONE', ( #3199 ), #1927, .F. ) ;
#3240 = AXIS2_PLACEMENT_3D ( 'NONE', #2490, #208, #3246 ) ;
#3241 = DIRECTION ( 'NONE',  ( 1.000000000000000000, 0.000000000000000000, 0.000000000000000000 ) ) ;
#3242 = PLANE ( 'NONE',  #2491 ) ;
#3243 = EDGE_LOOP ( 'NONE', ( #465, #2018, #1255, #125 ) ) ;
#3244 = EDGE_LOOP ( 'NONE', ( #1128, #1586, #28, #1204, #55, #2876, #569, #2570, #1895, #2631, #3156, #1600, #3229, #306, #2994, #1979, #2131, #1377, #268, #862, #1398, #324, #172, #617, #3100, #2359, #1265, #2661, #2076, #2043, #2982, #219, #948, #2790, #1990, #1416, #1350, #664, #997, #2610, #2488, #209, #2164, #1133, #896, #261, #2823, #206, #2579, #1517, #2741, #513, #2797, #1780, #2263, #612, #1719, #1093, #24, #2914, #2306, #1039, #3225, #2554, #906, #1129, #341, #2380, #1834, #1362, #2893, #674, #2135, #2198, #1344, #1181, #8, #2376, #2252, #2846, #2729, #3273, #591, #1878, #1031, #565, #2300, #1201, #757, #1496, #879, #647, #2123, #2702, #3318, #428 ) ) ;
#3245 = DIRECTION ( 'NONE',  ( -0.3420201433284287829, -0.9396926207849038981, 0.000000000000000000 ) ) ;
#3246 = DIRECTION ( 'NONE',  ( 1.000000000000000000, 0.000000000000000000, 0.000000000000000000 ) ) ;
#3247 = ORIENTED_EDGE ( 'NONE', *, *, #2478, .T. ) ;
#3248 = ORIENTED_EDGE ( 'NONE', *, *, #2572, .T. ) ;
#3249 = SURFACE_STYLE_FILL_AREA ( #1977 ) ;
#3250 = CARTESIAN_POINT ( 'NONE',  ( 1489.562993581326737, 353.3728227475089625, 0.000000000000000000 ) ) ;
#3251 = EDGE_LOOP ( 'NONE', ( #173, #3310, #1976, #3290 ) ) ;
#3252 = AXIS2_PLACEMENT_3D ( 'NONE', #2745, #2762, #470 ) ;
#3253 = DIRECTION ( 'NONE',  ( 0.000000000000000000, 0.000000000000000000, 1.000000000000000000 ) ) ;
#3254 = EDGE_CURVE ( 'NONE', #2808, #1210, #2934, .T. ) ;
#3255 = CARTESIAN_POINT ( 'NONE',  ( 1510.618900597726451, 366.1388481513217812, 1.500000000000000000 ) ) ;
#3256 = DIRECTION ( 'NONE',  ( 0.000000000000000000, -0.000000000000000000, -1.000000000000000000 ) ) ;
#3257 = DIRECTION ( 'NONE',  ( 1.000000000000000000, 0.000000000000000000, 0.000000000000000000 ) ) ;
#3258 = EDGE_CURVE ( 'NONE', #490, #294, #883, .T. ) ;
#3259 = EDGE_LOOP ( 'NONE', ( #2395, #1625, #1655, #551 ) ) ;
#3260 = CARTESIAN_POINT ( 'NONE',  ( 1495.130822191742482, 344.2728227475087692, 0.000000000000000000 ) ) ;
#3261 = DIRECTION ( 'NONE',  ( 1.000000000000000000, 0.000000000000000000, 0.000000000000000000 ) ) ;
#3262 = EDGE_LOOP ( 'NONE', ( #781, #2657, #2236, #2803 ) ) ;
#3263 = ORIENTED_EDGE ( 'NONE', *, *, #1596, .F. ) ;
#3264 = LINE ( 'NONE', #2728, #1308 ) ;
#3265 =( NAMED_UNIT ( * ) SI_UNIT ( $, .STERADIAN. ) SOLID_ANGLE_UNIT ( ) );
#3266 = DIRECTION ( 'NONE',  ( -0.000000000000000000, -0.000000000000000000, -1.000000000000000000 ) ) ;
#3267 = LINE ( 'NONE', #2747, #180 ) ;
#3268 = VECTOR ( 'NONE', #2648, 1000.000000000000000 ) ;
#3269 = CARTESIAN_POINT ( 'NONE',  ( 1507.943474117134201, 341.7728227475088829, 1.500000000000000000 ) ) ;
#3270 = DIRECTION ( 'NONE',  ( -1.000000000000000000, 0.000000000000000000, 0.000000000000000000 ) ) ;
#3271 = EDGE_CURVE ( 'NONE', #2145, #2742, #634, .T. ) ;
#3272 = CARTESIAN_POINT ( 'NONE',  ( 1482.275131535526725, 366.2728227475088261, 1.500000000000000000 ) ) ;
#3273 = ORIENTED_EDGE ( 'NONE', *, *, #2010, .T. ) ;
#3274 = CYLINDRICAL_SURFACE ( 'NONE', #1484, 0.4999999999999449329 ) ;
#3275 = CIRCLE ( 'NONE', #1456, 0.5000000000001669775 ) ;
#3276 = CARTESIAN_POINT ( 'NONE',  ( 1540.252988773434254, 363.1728227475087465, 0.000000000000000000 ) ) ;
#3277 = EDGE_LOOP ( 'NONE', ( #1818, #2084, #1860, #2670 ) ) ;
#3278 = VERTEX_POINT ( 'NONE', #396 ) ;
#3279 = ADVANCED_FACE ( 'NONE', ( #1654 ), #164, .F. ) ;
#3280 = CARTESIAN_POINT ( 'NONE',  ( 1556.351344794518809, 365.7728227475088261, 0.000000000000000000 ) ) ;
#3281 = CARTESIAN_POINT ( 'NONE',  ( 1507.943474117134201, 341.7728227475088829, 1.500000000000000000 ) ) ;
#3282 = VECTOR ( 'NONE', #2279, 1000.000000000000000 ) ;
#3283 = FACE_OUTER_BOUND ( 'NONE', #44, .T. ) ;
#3284 = AXIS2_PLACEMENT_3D ( 'NONE', #2029, #2014, #2275 ) ;
#3285 = DIRECTION ( 'NONE',  ( -0.3420201433284305592, 0.9396926207849032320, 0.000000000000000000 ) ) ;
#3286 = DIRECTION ( 'NONE',  ( -1.000000000000000000, 0.000000000000000000, 0.000000000000000000 ) ) ;
#3287 = CIRCLE ( 'NONE', #394, 0.5000000000001669775 ) ;
#3288 = DIRECTION ( 'NONE',  ( 1.000000000000000000, 0.000000000000000000, 0.000000000000000000 ) ) ;
#3289 = ADVANCED_FACE ( 'NONE', ( #129 ), #1670, .F. ) ;
#3290 = ORIENTED_EDGE ( 'NONE', *, *, #3082, .T. ) ;
#3291 = LINE ( 'NONE', #692, #295 ) ;
#3292 = DIRECTION ( 'NONE',  ( 0.000000000000000000, 0.000000000000000000, 1.000000000000000000 ) ) ;
#3293 = EDGE_CURVE ( 'NONE', #2605, #3140, #1167, .T. ) ;
#3294 = VECTOR ( 'NONE', #146, 1000.000000000000000 ) ;
#3295 = ORIENTED_EDGE ( 'NONE', *, *, #2158, .F. ) ;
#3296 = VERTEX_POINT ( 'NONE', #415 ) ;
#3297 = DIRECTION ( 'NONE',  ( 0.000000000000000000, 0.000000000000000000, 1.000000000000000000 ) ) ;
#3298 = AXIS2_PLACEMENT_3D ( 'NONE', #463, #3041, #207 ) ;
#3299 = ADVANCED_FACE ( 'NONE', ( #2137 ), #3218, .F. ) ;
#3300 = DIRECTION ( 'NONE',  ( -1.000000000000000000, 0.000000000000000000, 0.000000000000000000 ) ) ;
#3301 = ADVANCED_FACE ( 'NONE', ( #1943 ), #1689, .T. ) ;
#3302 = CARTESIAN_POINT ( 'NONE',  ( 1513.118900597726906, 353.7728227475088261, 1.500000000000000000 ) ) ;
#3303 = ORIENTED_EDGE ( 'NONE', *, *, #1841, .F. ) ;
#3304 = LINE ( 'NONE', #459, #855 ) ;
#3305 = DIRECTION ( 'NONE',  ( 0.5000000000043915982, -0.8660254037819031803, 0.000000000000000000 ) ) ;
#3306 = AXIS2_PLACEMENT_3D ( 'NONE', #1182, #3181, #2170 ) ;
#3307 = ORIENTED_EDGE ( 'NONE', *, *, #2611, .T. ) ;
#3308 = CARTESIAN_POINT ( 'NONE',  ( 1538.409635639826774, 349.5438328192090580, 0.000000000000000000 ) ) ;
#3309 = DIRECTION ( 'NONE',  ( 0.000000000000000000, 1.000000000000000000, 0.000000000000000000 ) ) ;
#3310 = ORIENTED_EDGE ( 'NONE', *, *, #2241, .F. ) ;
#3311 = ORIENTED_EDGE ( 'NONE', *, *, #2556, .F. ) ;
#3312 = CYLINDRICAL_SURFACE ( 'NONE', #2381, 0.5000000000001669775 ) ;
#3313 = EDGE_CURVE ( 'NONE', #1556, #943, #2561, .T. ) ;
#3314 = ORIENTED_EDGE ( 'NONE', *, *, #2805, .T. ) ;
#3315 = CARTESIAN_POINT ( 'NONE',  ( 1549.831454480526645, 359.5018126759086954, 0.000000000000000000 ) ) ;
#3316 = EDGE_CURVE ( 'NONE', #160, #40, #1811, .T. ) ;
#3317 = CARTESIAN_POINT ( 'NONE',  ( 1484.886456400934321, 346.7728227475088829, 1.500000000000000000 ) ) ;
#3318 = ORIENTED_EDGE ( 'NONE', *, *, #155, .T. ) ;
#3319 = ADVANCED_FACE ( 'NONE', ( #1457 ), #96, .T. ) ;
ENDSEC;
END-ISO-10303-21;
