ISO-10303-21;
HEADER;
FILE_DESCRIPTION (( 'STEP AP214' ),
    '1' );
FILE_NAME ('Xmas_NT20.step',
    '2026-10-08T13:19:11',
    ( '' ),
    ( '' ),
    'SwSTEP 2.0',
    'SolidWorks 2025',
    '' );
FILE_SCHEMA (( 'AUTOMOTIVE_DESIGN' ));
ENDSEC;

DATA;
#1 = ORIENTED_EDGE ( 'NONE', *, *, #2978, .F. ) ;
#2 = EDGE_CURVE ( 'NONE', #774, #1739, #78, .T. ) ;
#3 = CARTESIAN_POINT ( 'NONE',  ( 1578.643200557099817, 409.7500000000000000, 0.5000000000000000000 ) ) ;
#4 = EDGE_CURVE ( 'NONE', #463, #284, #2351, .T. ) ;
#5 = LINE ( 'NONE', #1741, #2435 ) ;
#6 = CARTESIAN_POINT ( 'NONE',  ( 1561.604350414699411, 393.6000000000002501, 0.000000000000000000 ) ) ;
#7 = EDGE_CURVE ( 'NONE', #1971, #2015, #2999, .T. ) ;
#8 = CYLINDRICAL_SURFACE ( 'NONE', #861, 0.4999999999999449329 ) ;
#9 = AXIS2_PLACEMENT_3D ( 'NONE', #2544, #356, #374 ) ;
#10 = DIRECTION ( 'NONE',  ( 0.000000000000000000, 0.000000000000000000, 1.000000000000000000 ) ) ;
#11 = ORIENTED_EDGE ( 'NONE', *, *, #563, .F. ) ;
#12 = EDGE_CURVE ( 'NONE', #1210, #2688, #2844, .T. ) ;
#13 = ORIENTED_EDGE ( 'NONE', *, *, #167, .T. ) ;
#14 = CARTESIAN_POINT ( 'NONE',  ( 1489.131215179399987, 403.2289899283998693, 0.000000000000000000 ) ) ;
#15 = ORIENTED_EDGE ( 'NONE', *, *, #2148, .F. ) ;
#16 = ORIENTED_EDGE ( 'NONE', *, *, #810, .T. ) ;
#17 = CARTESIAN_POINT ( 'NONE',  ( 1489.131215179399987, 396.7710100716999477, 0.000000000000000000 ) ) ;
#18 = DIRECTION ( 'NONE',  ( 0.000000000000000000, 0.000000000000000000, 1.000000000000000000 ) ) ;
#19 = CARTESIAN_POINT ( 'NONE',  ( 1566.644031447200632, 387.7500000000000000, 0.5000000000000000000 ) ) ;
#20 = CARTESIAN_POINT ( 'NONE',  ( 1494.610493975200825, 412.5000000000002274, 0.5000000000000000000 ) ) ;
#21 = DIRECTION ( 'NONE',  ( -1.000000000000000000, 0.000000000000000000, 0.000000000000000000 ) ) ;
#22 = EDGE_CURVE ( 'NONE', #2617, #2245, #1868, .T. ) ;
#23 = CARTESIAN_POINT ( 'NONE',  ( 1567.077044149099720, 412.5000000000002274, 0.5000000000000000000 ) ) ;
#24 = CIRCLE ( 'NONE', #2131, 1.000000000000111910 ) ;
#25 = ORIENTED_EDGE ( 'NONE', *, *, #2185, .F. ) ;
#26 = EDGE_LOOP ( 'NONE', ( #1925, #860, #11, #334 ) ) ;
#27 = VECTOR ( 'NONE', #234, 1000.000000000000000 ) ;
#28 = DIRECTION ( 'NONE',  ( 1.000000000000000000, 0.000000000000000000, -0.000000000000000000 ) ) ;
#29 =( GEOMETRIC_REPRESENTATION_CONTEXT ( 3 ) GLOBAL_UNCERTAINTY_ASSIGNED_CONTEXT ( ( #517 ) ) GLOBAL_UNIT_ASSIGNED_CONTEXT ( ( #1582, #370, #431 ) ) REPRESENTATION_CONTEXT ( 'NONE', 'WORKASPACE' ) );
#30 = ORIENTED_EDGE ( 'NONE', *, *, #1694, .T. ) ;
#31 = AXIS2_PLACEMENT_3D ( 'NONE', #676, #187, #948 ) ;
#32 = VECTOR ( 'NONE', #1236, 1000.000000000000000 ) ;
#33 = VERTEX_POINT ( 'NONE', #1147 ) ;
#34 = VECTOR ( 'NONE', #287, 1000.000000000000000 ) ;
#35 = DIRECTION ( 'NONE',  ( -0.000000000000000000, -0.000000000000000000, -1.000000000000000000 ) ) ;
#36 = PLANE ( 'NONE',  #2638 ) ;
#37 = LINE ( 'NONE', #2024, #3062 ) ;
#38 = CARTESIAN_POINT ( 'NONE',  ( 1555.586182840799893, 414.7500000000002274, 0.5000000000000000000 ) ) ;
#39 = EDGE_CURVE ( 'NONE', #646, #2786, #2685, .T. ) ;
#40 = DIRECTION ( 'NONE',  ( -1.000000000000000000, 0.000000000000000000, 0.000000000000000000 ) ) ;
#41 = LINE ( 'NONE', #1314, #960 ) ;
#42 = VERTEX_POINT ( 'NONE', #2430 ) ;
#43 = ORIENTED_EDGE ( 'NONE', *, *, #1388, .T. ) ;
#44 = LINE ( 'NONE', #2002, #2927 ) ;
#45 = VECTOR ( 'NONE', #2400, 1000.000000000000000 ) ;
#46 = ORIENTED_EDGE ( 'NONE', *, *, #879, .F. ) ;
#47 = AXIS2_PLACEMENT_3D ( 'NONE', #1838, #98, #604 ) ;
#48 = EDGE_CURVE ( 'NONE', #801, #1916, #2899, .T. ) ;
#49 = ORIENTED_EDGE ( 'NONE', *, *, #557, .F. ) ;
#50 = CARTESIAN_POINT ( 'NONE',  ( 1479.500000000000000, 409.5000000000000568, 0.000000000000000000 ) ) ;
#51 = EDGE_CURVE ( 'NONE', #401, #1554, #2404, .T. ) ;
#52 = DIRECTION ( 'NONE',  ( 1.000000000000000000, 0.000000000000000000, 0.000000000000000000 ) ) ;
#53 = LINE ( 'NONE', #1296, #85 ) ;
#54 = CYLINDRICAL_SURFACE ( 'NONE', #2937, 0.4999999999999449329 ) ;
#55 = CARTESIAN_POINT ( 'NONE',  ( 1498.709680886491924, 393.1000000000001364, 0.5000000000000000000 ) ) ;
#56 = LINE ( 'NONE', #3029, #2027 ) ;
#57 = VERTEX_POINT ( 'NONE', #1710 ) ;
#58 = ORIENTED_EDGE ( 'NONE', *, *, #2253, .T. ) ;
#59 = ORIENTED_EDGE ( 'NONE', *, *, #526, .T. ) ;
#60 = DIRECTION ( 'NONE',  ( 0.000000000000000000, 0.000000000000000000, 1.000000000000000000 ) ) ;
#61 = ADVANCED_FACE ( 'NONE', ( #255 ), #3175, .T. ) ;
#62 = ORIENTED_EDGE ( 'NONE', *, *, #1705, .T. ) ;
#63 = ADVANCED_FACE ( 'NONE', ( #483 ), #2210, .F. ) ;
#64 = VERTEX_POINT ( 'NONE', #991 ) ;
#65 = ORIENTED_EDGE ( 'NONE', *, *, #793, .T. ) ;
#66 = FACE_OUTER_BOUND ( 'NONE', #248, .T. ) ;
#67 = CARTESIAN_POINT ( 'NONE',  ( 1558.243845172200281, 385.3289899284000057, 0.5000000000000000000 ) ) ;
#68 = CARTESIAN_POINT ( 'NONE',  ( 1581.687538124400135, 409.5000000000000568, 0.5000000000000000000 ) ) ;
#69 = CARTESIAN_POINT ( 'NONE',  ( 1509.421119331399723, 410.0000000000000568, 0.000000000000000000 ) ) ;
#70 = DIRECTION ( 'NONE',  ( 1.000000000000000000, 0.000000000000000000, 0.000000000000000000 ) ) ;
#71 = VERTEX_POINT ( 'NONE', #1968 ) ;
#72 = ORIENTED_EDGE ( 'NONE', *, *, #1799, .T. ) ;
#73 = AXIS2_PLACEMENT_3D ( 'NONE', #2121, #725, #936 ) ;
#74 = CARTESIAN_POINT ( 'NONE',  ( 1556.019195542692160, 385.4999999999999432, 0.000000000000000000 ) ) ;
#75 = EDGE_CURVE ( 'NONE', #1495, #2434, #469, .T. ) ;
#76 = VECTOR ( 'NONE', #2883, 1000.000000000000000 ) ;
#77 = ORIENTED_EDGE ( 'NONE', *, *, #2897, .T. ) ;
#78 = CIRCLE ( 'NONE', #233, 0.4999999999999449329 ) ;
#79 = DIRECTION ( 'NONE',  ( -0.000000000000000000, 0.000000000000000000, -1.000000000000000000 ) ) ;
#80 = ORIENTED_EDGE ( 'NONE', *, *, #914, .T. ) ;
#81 = AXIS2_PLACEMENT_3D ( 'NONE', #2752, #1533, #1300 ) ;
#82 = EDGE_LOOP ( 'NONE', ( #1413, #221, #2056, #1419 ) ) ;
#83 = DIRECTION ( 'NONE',  ( -1.000000000000000000, 0.000000000000000000, 0.000000000000000000 ) ) ;
#84 = CARTESIAN_POINT ( 'NONE',  ( 1562.977857237908211, 393.1000000000000796, 0.5000000000000000000 ) ) ;
#85 = VECTOR ( 'NONE', #1529, 1000.000000000000000 ) ;
#86 = FACE_OUTER_BOUND ( 'NONE', #1161, .T. ) ;
#87 = AXIS2_PLACEMENT_3D ( 'NONE', #3150, #244, #2200 ) ;
#88 = DIRECTION ( 'NONE',  ( -1.000000000000000000, 0.000000000000000000, 0.000000000000000000 ) ) ;
#89 = CARTESIAN_POINT ( 'NONE',  ( 1488.661368868999944, 397.1000000000001364, 0.5000000000000000000 ) ) ;
#90 = ADVANCED_FACE ( 'NONE', ( #2450 ), #8, .F. ) ;
#91 = CIRCLE ( 'NONE', #2297, 0.4999999999999449329 ) ;
#92 = EDGE_LOOP ( 'NONE', ( #1796, #2984, #2905, #117 ) ) ;
#93 = ORIENTED_EDGE ( 'NONE', *, *, #2992, .T. ) ;
#94 = DIRECTION ( 'NONE',  ( 1.000000000000000000, 0.000000000000000000, 0.000000000000000000 ) ) ;
#95 = DIRECTION ( 'NONE',  ( 0.3420201433284718040, -0.9396926207848880219, 0.000000000000000000 ) ) ;
#96 = AXIS2_PLACEMENT_3D ( 'NONE', #2975, #2251, #280 ) ;
#97 = ORIENTED_EDGE ( 'NONE', *, *, #1859, .F. ) ;
#98 = DIRECTION ( 'NONE',  ( 0.000000000000000000, 0.000000000000000000, 1.000000000000000000 ) ) ;
#99 = VERTEX_POINT ( 'NONE', #1201 ) ;
#101 = ORIENTED_EDGE ( 'NONE', *, *, #2508, .F. ) ;
#100 = CIRCLE ( 'NONE', #2872, 0.4999999999999449329 ) ;
#102 = DIRECTION ( 'NONE',  ( 0.4999999999949086837, -0.8660254037873781341, 0.000000000000000000 ) ) ;
#103 = DIRECTION ( 'NONE',  ( -0.000000000000000000, -0.000000000000000000, -1.000000000000000000 ) ) ;
#104 = EDGE_CURVE ( 'NONE', #1477, #2245, #2236, .T. ) ;
#105 = DIRECTION ( 'NONE',  ( -1.000000000000000000, 0.000000000000000000, 0.000000000000000000 ) ) ;
#106 = ORIENTED_EDGE ( 'NONE', *, *, #2398, .T. ) ;
#107 = DIRECTION ( 'NONE',  ( -0.000000000000000000, -0.000000000000000000, -1.000000000000000000 ) ) ;
#108 = EDGE_CURVE ( 'NONE', #2156, #99, #2802, .T. ) ;
#109 = CARTESIAN_POINT ( 'NONE',  ( 1480.000000000000000, 390.0000000000000000, 0.5000000000000000000 ) ) ;
#110 = ORIENTED_EDGE ( 'NONE', *, *, #2495, .F. ) ;
#111 = DIRECTION ( 'NONE',  ( -1.000000000000000000, 0.000000000000000000, 0.000000000000000000 ) ) ;
#112 = LINE ( 'NONE', #2738, #2884 ) ;
#113 = EDGE_CURVE ( 'NONE', #1690, #134, #1216, .T. ) ;
#114 = EDGE_CURVE ( 'NONE', #1018, #2735, #1696, .T. ) ;
#115 = VERTEX_POINT ( 'NONE', #1458 ) ;
#116 = DIRECTION ( 'NONE',  ( -0.3420201433252340606, 0.9396926207860665237, 0.000000000000000000 ) ) ;
#117 = ORIENTED_EDGE ( 'NONE', *, *, #1480, .T. ) ;
#118 = ORIENTED_EDGE ( 'NONE', *, *, #3073, .F. ) ;
#119 = DIRECTION ( 'NONE',  ( 1.000000000000000000, 0.000000000000000000, 0.000000000000000000 ) ) ;
#120 = DIRECTION ( 'NONE',  ( 0.000000000000000000, 0.000000000000000000, 1.000000000000000000 ) ) ;
#121 = EDGE_CURVE ( 'NONE', #293, #2033, #454, .T. ) ;
#122 = PLANE ( 'NONE',  #202 ) ;
#123 = VERTEX_POINT ( 'NONE', #438 ) ;
#124 = LINE ( 'NONE', #142, #783 ) ;
#125 = CARTESIAN_POINT ( 'NONE',  ( 1492.855690656199840, 387.5000000000000000, 0.5000000000000000000 ) ) ;
#126 = EDGE_CURVE ( 'NONE', #1238, #930, #203, .T. ) ;
#127 = ORIENTED_EDGE ( 'NONE', *, *, #1491, .T. ) ;
#128 = DIRECTION ( 'NONE',  ( 0.000000000000000000, 0.000000000000000000, 1.000000000000000000 ) ) ;
#129 = CYLINDRICAL_SURFACE ( 'NONE', #942, 0.4999999999999449329 ) ;
#130 = ORIENTED_EDGE ( 'NONE', *, *, #2475, .F. ) ;
#131 = CARTESIAN_POINT ( 'NONE',  ( 1561.134504104299822, 393.2710100716999477, 0.000000000000000000 ) ) ;
#132 = AXIS2_PLACEMENT_3D ( 'NONE', #2938, #1979, #2208 ) ;
#133 = DIRECTION ( 'NONE',  ( 0.000000000000000000, 0.000000000000000000, 1.000000000000000000 ) ) ;
#134 = VERTEX_POINT ( 'NONE', #2194 ) ;
#135 = DIRECTION ( 'NONE',  ( -1.000000000000000000, 0.000000000000000000, 0.000000000000000000 ) ) ;
#136 = CIRCLE ( 'NONE', #449, 0.5000000000001669775 ) ;
#137 = CYLINDRICAL_SURFACE ( 'NONE', #1376, 0.5000000000001669775 ) ;
#138 = ADVANCED_FACE ( 'NONE', ( #978 ), #2926, .F. ) ;
#139 = LINE ( 'NONE', #2063, #2864 ) ;
#140 = ORIENTED_EDGE ( 'NONE', *, *, #2276, .T. ) ;
#141 = AXIS2_PLACEMENT_3D ( 'NONE', #1683, #297, #3160 ) ;
#142 = CARTESIAN_POINT ( 'NONE',  ( 1566.644031447200632, 387.7500000000000000, 0.000000000000000000 ) ) ;
#143 = DIRECTION ( 'NONE',  ( -1.000000000000000000, 0.000000000000000000, 0.000000000000000000 ) ) ;
#144 = AXIS2_PLACEMENT_3D ( 'NONE', #726, #1895, #964 ) ;
#145 = EDGE_CURVE ( 'NONE', #1912, #903, #3132, .T. ) ;
#146 = CARTESIAN_POINT ( 'NONE',  ( 1508.555093927600183, 389.5000000000000000, 0.5000000000000000000 ) ) ;
#147 = ORIENTED_EDGE ( 'NONE', *, *, #664, .T. ) ;
#148 = DIRECTION ( 'NONE',  ( 0.5000000000066946448, -0.8660254037805734662, 0.000000000000000000 ) ) ;
#149 = DIRECTION ( 'NONE',  ( -1.000000000000000000, 0.000000000000000000, 0.000000000000000000 ) ) ;
#150 = EDGE_CURVE ( 'NONE', #2089, #33, #2639, .T. ) ;
#151 = VERTEX_POINT ( 'NONE', #3145 ) ;
#152 = CYLINDRICAL_SURFACE ( 'NONE', #3019, 0.4999999999999449329 ) ;
#153 = DIRECTION ( 'NONE',  ( -0.000000000000000000, -0.000000000000000000, -1.000000000000000000 ) ) ;
#154 = VECTOR ( 'NONE', #2379, 1000.000000000000000 ) ;
#155 = ORIENTED_EDGE ( 'NONE', *, *, #1186, .T. ) ;
#156 = CYLINDRICAL_SURFACE ( 'NONE', #1590, 0.4999999999999449329 ) ;
#157 = ORIENTED_EDGE ( 'NONE', *, *, #971, .T. ) ;
#158 = CARTESIAN_POINT ( 'NONE',  ( 1561.604350414679402, 393.1000000000001933, 0.5000000000000000000 ) ) ;
#159 = CARTESIAN_POINT ( 'NONE',  ( 1581.687538124400135, 390.0000000000000000, 0.5000000000000000000 ) ) ;
#160 = CARTESIAN_POINT ( 'NONE',  ( 1488.661368868984027, 403.3999999999998636, 0.5000000000000000000 ) ) ;
#161 = ORIENTED_EDGE ( 'NONE', *, *, #2160, .T. ) ;
#162 = CARTESIAN_POINT ( 'NONE',  ( 1573.026169255299919, 402.8999999999998636, 0.000000000000000000 ) ) ;
#163 = DIRECTION ( 'NONE',  ( -0.5000000000068255401, -0.8660254037804979710, 0.000000000000000000 ) ) ;
#164 = ORIENTED_EDGE ( 'NONE', *, *, #1757, .F. ) ;
#165 = VECTOR ( 'NONE', #2287, 1000.000000000000000 ) ;
#166 = LINE ( 'NONE', #444, #706 ) ;
#167 = EDGE_CURVE ( 'NONE', #2465, #1652, #1038, .T. ) ;
#168 = ORIENTED_EDGE ( 'NONE', *, *, #584, .T. ) ;
#169 = CARTESIAN_POINT ( 'NONE',  ( 1555.586182840799893, 414.7500000000002274, 0.5000000000000000000 ) ) ;
#170 = VERTEX_POINT ( 'NONE', #2750 ) ;
#171 = FACE_OUTER_BOUND ( 'NONE', #1507, .T. ) ;
#172 = DIRECTION ( 'NONE',  ( -0.3420201433252256229, -0.9396926207860697433, 0.000000000000000000 ) ) ;
#173 = CYLINDRICAL_SURFACE ( 'NONE', #144, 0.5000000000001669775 ) ;
#174 = ORIENTED_EDGE ( 'NONE', *, *, #1557, .T. ) ;
#175 = CIRCLE ( 'NONE', #96, 0.4999999999999449329 ) ;
#176 = CARTESIAN_POINT ( 'NONE',  ( 1503.913539262600580, 384.9999999999998863, 0.000000000000000000 ) ) ;
#177 = ADVANCED_FACE ( 'NONE', ( #1517 ), #1546, .T. ) ;
#178 = CARTESIAN_POINT ( 'NONE',  ( 1569.301693778599883, 387.8289899284000626, 0.5000000000000000000 ) ) ;
#179 = PLANE ( 'NONE',  #3162 ) ;
#180 = AXIS2_PLACEMENT_3D ( 'NONE', #2505, #3122, #1407 ) ;
#181 = EDGE_LOOP ( 'NONE', ( #696, #2244, #2567, #2330 ) ) ;
#182 = AXIS2_PLACEMENT_3D ( 'NONE', #598, #853, #2086 ) ;
#183 = DIRECTION ( 'NONE',  ( -0.4999999999915549775, 0.8660254037893143630, 0.000000000000000000 ) ) ;
#184 = ORIENTED_EDGE ( 'NONE', *, *, #371, .F. ) ;
#185 = DIRECTION ( 'NONE',  ( 1.000000000000000000, 0.000000000000000000, 0.000000000000000000 ) ) ;
#186 = CARTESIAN_POINT ( 'NONE',  ( 1488.661368868984027, 403.3999999999998636, 0.000000000000000000 ) ) ;
#187 = DIRECTION ( 'NONE',  ( 0.000000000000000000, 0.000000000000000000, 1.000000000000000000 ) ) ;
#188 = VECTOR ( 'NONE', #2993, 1000.000000000000000 ) ;
#189 = DIRECTION ( 'NONE',  ( -0.000000000000000000, -0.000000000000000000, -1.000000000000000000 ) ) ;
#190 = EDGE_CURVE ( 'NONE', #673, #2575, #2701, .T. ) ;
#191 = AXIS2_PLACEMENT_3D ( 'NONE', #2009, #2902, #1203 ) ;
#192 = AXIS2_PLACEMENT_3D ( 'NONE', #2776, #2810, #1099 ) ;
#193 = VERTEX_POINT ( 'NONE', #2463 ) ;
#194 = VERTEX_POINT ( 'NONE', #1492 ) ;
#195 = CARTESIAN_POINT ( 'NONE',  ( 1555.586182840799893, 414.7500000000002274, 0.5000000000000000000 ) ) ;
#196 = CARTESIAN_POINT ( 'NONE',  ( 1480.000000000000000, 410.0000000000000568, 0.5000000000000000000 ) ) ;
#197 = ORIENTED_EDGE ( 'NONE', *, *, #3138, .F. ) ;
#198 = DIRECTION ( 'NONE',  ( 0.000000000000000000, 0.000000000000000000, 1.000000000000000000 ) ) ;
#199 = CYLINDRICAL_SURFACE ( 'NONE', #1879, 0.4999999999999449329 ) ;
#200 = CARTESIAN_POINT ( 'NONE',  ( 1488.661368868999944, 402.8999999999997499, 0.000000000000000000 ) ) ;
#201 = PRODUCT_DEFINITION ( 'UNKNOWN', '', #1729, #770 ) ;
#202 = AXIS2_PLACEMENT_3D ( 'NONE', #611, #1347, #2322 ) ;
#203 = LINE ( 'NONE', #1956, #3064 ) ;
#204 = VECTOR ( 'NONE', #2637, 1000.000000000000000 ) ;
#205 = CARTESIAN_POINT ( 'NONE',  ( 1574.399676078600578, 402.8999999999998067, 0.5000000000000000000 ) ) ;
#206 = EDGE_CURVE ( 'NONE', #2263, #3054, #1306, .T. ) ;
#207 = ORIENTED_EDGE ( 'NONE', *, *, #7, .T. ) ;
#208 = EDGE_LOOP ( 'NONE', ( #881, #1753, #1136, #157 ) ) ;
#209 = ADVANCED_FACE ( 'NONE', ( #2286 ), #54, .T. ) ;
#210 = DIRECTION ( 'NONE',  ( 1.000000000000000000, 0.000000000000000000, 0.000000000000000000 ) ) ;
#211 = DIRECTION ( 'NONE',  ( 1.000000000000000000, 0.000000000000000000, 0.000000000000000000 ) ) ;
#212 = DIRECTION ( 'NONE',  ( 0.000000000000000000, 0.000000000000000000, 1.000000000000000000 ) ) ;
#213 = VERTEX_POINT ( 'NONE', #1248 ) ;
#214 = CARTESIAN_POINT ( 'NONE',  ( 1509.421119331399723, 390.0000000000000000, 0.5000000000000000000 ) ) ;
#215 = DIRECTION ( 'NONE',  ( 0.000000000000000000, 0.000000000000000000, 1.000000000000000000 ) ) ;
#216 = CARTESIAN_POINT ( 'NONE',  ( 1506.101355283500425, 414.7500000000002274, 0.5000000000000000000 ) ) ;
#217 = ADVANCED_FACE ( 'NONE', ( #1006 ), #298, .T. ) ;
#218 = DIRECTION ( 'NONE',  ( -1.000000000000000000, 0.000000000000000000, 0.000000000000000000 ) ) ;
#219 = LINE ( 'NONE', #205, #292 ) ;
#220 = CARTESIAN_POINT ( 'NONE',  ( 1569.301693778599883, 387.8289899284001194, 0.5000000000000000000 ) ) ;
#221 = ORIENTED_EDGE ( 'NONE', *, *, #343, .F. ) ;
#222 = EDGE_CURVE ( 'NONE', #2454, #657, #530, .T. ) ;
#223 = ORIENTED_EDGE ( 'NONE', *, *, #1701, .T. ) ;
#224 = CARTESIAN_POINT ( 'NONE',  ( 1562.977857237900253, 393.6000000000001933, 0.5000000000000000000 ) ) ;
#225 = DIRECTION ( 'NONE',  ( -0.000000000000000000, -0.000000000000000000, -1.000000000000000000 ) ) ;
#226 = ORIENTED_EDGE ( 'NONE', *, *, #3088, .T. ) ;
#227 = DIRECTION ( 'NONE',  ( -0.000000000000000000, -0.000000000000000000, -1.000000000000000000 ) ) ;
#228 = CYLINDRICAL_SURFACE ( 'NONE', #132, 1.000000000000111910 ) ;
#229 = CARTESIAN_POINT ( 'NONE',  ( 1492.855690656179831, 412.0000000000002274, 0.5000000000000000000 ) ) ;
#230 = EDGE_CURVE ( 'NONE', #811, #2687, #175, .T. ) ;
#231 = VECTOR ( 'NONE', #1726, 1000.000000000000000 ) ;
#232 = CARTESIAN_POINT ( 'NONE',  ( 1509.421119331384489, 389.0000000000000000, 0.000000000000000000 ) ) ;
#233 = AXIS2_PLACEMENT_3D ( 'NONE', #1610, #133, #395 ) ;
#234 = DIRECTION ( 'NONE',  ( -1.000000000000000000, 0.000000000000000000, 0.000000000000000000 ) ) ;
#235 = CARTESIAN_POINT ( 'NONE',  ( 1574.399676078507582, 396.6000000000000227, 0.000000000000000000 ) ) ;
#236 = EDGE_CURVE ( 'NONE', #261, #1818, #767, .T. ) ;
#237 = ORIENTED_EDGE ( 'NONE', *, *, #1125, .F. ) ;
#238 = ORIENTED_EDGE ( 'NONE', *, *, #1363, .T. ) ;
#239 = VECTOR ( 'NONE', #2155, 1000.000000000000000 ) ;
#240 = EDGE_LOOP ( 'NONE', ( #2869, #1079, #828, #3164 ) ) ;
#241 = AXIS2_PLACEMENT_3D ( 'NONE', #638, #1612, #1379 ) ;
#242 = VECTOR ( 'NONE', #1655, 1000.000000000000000 ) ;
#243 = EDGE_CURVE ( 'NONE', #3095, #1425, #2303, .T. ) ;
#244 = DIRECTION ( 'NONE',  ( 0.000000000000000000, 0.000000000000000000, 1.000000000000000000 ) ) ;
#245 = ADVANCED_FACE ( 'NONE', ( #1745 ), #2238, .F. ) ;
#246 = AXIS2_PLACEMENT_3D ( 'NONE', #2451, #2976, #516 ) ;
#247 = EDGE_CURVE ( 'NONE', #801, #2256, #753, .T. ) ;
#248 = EDGE_LOOP ( 'NONE', ( #605, #487, #679, #258 ) ) ;
#249 = EDGE_CURVE ( 'NONE', #2292, #2263, #2940, .T. ) ;
#250 = EDGE_LOOP ( 'NONE', ( #164, #2908, #2511, #2755 ) ) ;
#251 = DIRECTION ( 'NONE',  ( -0.5000000000047607474, 0.8660254037816901285, 0.000000000000000000 ) ) ;
#252 = DIRECTION ( 'NONE',  ( 1.000000000000000000, 0.000000000000000000, 0.000000000000000000 ) ) ;
#253 = CYLINDRICAL_SURFACE ( 'NONE', #2661, 1.000000000000111910 ) ;
#254 = EDGE_CURVE ( 'NONE', #170, #2006, #1077, .T. ) ;
#255 = FACE_OUTER_BOUND ( 'NONE', #1127, .T. ) ;
#256 = CARTESIAN_POINT ( 'NONE',  ( 1503.913539262600580, 415.0000000000002842, 0.5000000000000000000 ) ) ;
#257 = AXIS2_PLACEMENT_3D ( 'NONE', #3093, #830, #369 ) ;
#258 = ORIENTED_EDGE ( 'NONE', *, *, #2534, .T. ) ;
#259 = VERTEX_POINT ( 'NONE', #1730 ) ;
#260 = AXIS2_PLACEMENT_3D ( 'NONE', #1351, #1863, #1334 ) ;
#261 = VERTEX_POINT ( 'NONE', #2507 ) ;
#262 = CARTESIAN_POINT ( 'NONE',  ( 1558.243845172200281, 414.6710100717002661, 0.5000000000000000000 ) ) ;
#263 = ORIENTED_EDGE ( 'NONE', *, *, #145, .T. ) ;
#264 = ORIENTED_EDGE ( 'NONE', *, *, #2837, .F. ) ;
#265 = EDGE_CURVE ( 'NONE', #1461, #1749, #2455, .T. ) ;
#266 = DIRECTION ( 'NONE',  ( 0.8660254037816882411, -0.5000000000047639670, 0.000000000000000000 ) ) ;
#267 = DIRECTION ( 'NONE',  ( 0.000000000000000000, 1.000000000000000000, 0.000000000000000000 ) ) ;
#268 = DIRECTION ( 'NONE',  ( -1.000000000000000000, 0.000000000000000000, 0.000000000000000000 ) ) ;
#269 = CARTESIAN_POINT ( 'NONE',  ( 1557.773998861784548, 385.5000000000000000, 0.000000000000000000 ) ) ;
#270 = AXIS2_PLACEMENT_3D ( 'NONE', #898, #2851, #421 ) ;
#271 = CARTESIAN_POINT ( 'NONE',  ( 1553.132444196800179, 410.5000000000002274, 0.5000000000000000000 ) ) ;
#272 = ORIENTED_EDGE ( 'NONE', *, *, #2632, .F. ) ;
#273 = VERTEX_POINT ( 'NONE', #1997 ) ;
#274 = CARTESIAN_POINT ( 'NONE',  ( 1506.101355283500425, 414.7500000000002274, 0.000000000000000000 ) ) ;
#275 = VERTEX_POINT ( 'NONE', #2493 ) ;
#276 = ORIENTED_EDGE ( 'NONE', *, *, #630, .F. ) ;
#277 = DIRECTION ( 'NONE',  ( -0.000000000000000000, -0.000000000000000000, -1.000000000000000000 ) ) ;
#278 = LINE ( 'NONE', #2730, #1768 ) ;
#279 = DIRECTION ( 'NONE',  ( -1.000000000000000000, 0.000000000000000000, 0.000000000000000000 ) ) ;
#280 = DIRECTION ( 'NONE',  ( 1.000000000000000000, 0.000000000000000000, 0.000000000000000000 ) ) ;
#281 = PLANE ( 'NONE',  #808 ) ;
#282 = FACE_OUTER_BOUND ( 'NONE', #524, .T. ) ;
#283 = VECTOR ( 'NONE', #329, 1000.000000000000000 ) ;
#284 = VERTEX_POINT ( 'NONE', #1298 ) ;
#285 = ORIENTED_EDGE ( 'NONE', *, *, #1714, .F. ) ;
#286 = EDGE_CURVE ( 'NONE', #1916, #2454, #1483, .T. ) ;
#287 = DIRECTION ( 'NONE',  ( -0.000000000000000000, -0.000000000000000000, -1.000000000000000000 ) ) ;
#288 = VECTOR ( 'NONE', #2270, 1000.000000000000000 ) ;
#289 = AXIS2_PLACEMENT_3D ( 'NONE', #2677, #212, #2381 ) ;
#290 = EDGE_LOOP ( 'NONE', ( #2985, #2020, #223, #2769 ) ) ;
#291 = AXIS2_PLACEMENT_3D ( 'NONE', #232, #2668, #1235 ) ;
#292 = VECTOR ( 'NONE', #709, 1000.000000000000000 ) ;
#293 = VERTEX_POINT ( 'NONE', #1808 ) ;
#294 = VECTOR ( 'NONE', #1192, 1000.000000000000000 ) ;
#295 = CARTESIAN_POINT ( 'NONE',  ( 1488.661368868999944, 397.1000000000001364, 0.5000000000000000000 ) ) ;
#296 = CARTESIAN_POINT ( 'NONE',  ( 1561.604350414700320, 406.4000000000000909, 0.5000000000000000000 ) ) ;
#297 = DIRECTION ( 'NONE',  ( -0.000000000000000000, -0.000000000000000000, -1.000000000000000000 ) ) ;
#298 = PLANE ( 'NONE',  #3102 ) ;
#299 = FACE_OUTER_BOUND ( 'NONE', #1779, .T. ) ;
#300 = CARTESIAN_POINT ( 'NONE',  ( 1488.661368868984027, 403.3999999999998636, 0.5000000000000000000 ) ) ;
#301 = EDGE_CURVE ( 'NONE', #2085, #2811, #2700, .T. ) ;
#302 = ORIENTED_EDGE ( 'NONE', *, *, #222, .T. ) ;
#303 = VERTEX_POINT ( 'NONE', #2111 ) ;
#304 = EDGE_CURVE ( 'NONE', #1871, #615, #1564, .T. ) ;
#305 = VERTEX_POINT ( 'NONE', #3027 ) ;
#306 = VECTOR ( 'NONE', #1820, 1000.000000000000000 ) ;
#307 = DIRECTION ( 'NONE',  ( 1.000000000000000000, 0.000000000000000000, 0.000000000000000000 ) ) ;
#308 = VECTOR ( 'NONE', #1154, 1000.000000000000000 ) ;
#309 = VERTEX_POINT ( 'NONE', #2603 ) ;
#310 = AXIS2_PLACEMENT_3D ( 'NONE', #1680, #1695, #2448 ) ;
#311 = ORIENTED_EDGE ( 'NONE', *, *, #810, .F. ) ;
#312 = ORIENTED_EDGE ( 'NONE', *, *, #2289, .F. ) ;
#313 = PLANE ( 'NONE',  #1689 ) ;
#314 = CARTESIAN_POINT ( 'NONE',  ( 1486.854849343900241, 403.1499999999999204, 0.5000000000000000000 ) ) ;
#315 = DIRECTION ( 'NONE',  ( 0.4999999999949055196, 0.8660254037873799104, 0.000000000000000000 ) ) ;
#316 = CARTESIAN_POINT ( 'NONE',  ( 1503.913539262600580, 385.0000000000000000, 0.000000000000000000 ) ) ;
#317 = DIRECTION ( 'NONE',  ( 0.000000000000000000, 0.000000000000000000, 1.000000000000000000 ) ) ;
#318 = EDGE_CURVE ( 'NONE', #33, #1699, #2589, .T. ) ;
#319 = FACE_OUTER_BOUND ( 'NONE', #1068, .T. ) ;
#320 = EDGE_LOOP ( 'NONE', ( #2922, #587, #2019, #687 ) ) ;
#321 = AXIS2_PLACEMENT_3D ( 'NONE', #552, #60, #2773 ) ;
#322 = ORIENTED_EDGE ( 'NONE', *, *, #2739, .T. ) ;
#323 = CARTESIAN_POINT ( 'NONE',  ( 1517.615012506900030, 410.0000000000000000, 0.000000000000000000 ) ) ;
#324 = VERTEX_POINT ( 'NONE', #833 ) ;
#325 = ORIENTED_EDGE ( 'NONE', *, *, #1675, .T. ) ;
#326 = EDGE_LOOP ( 'NONE', ( #1665, #335, #2216, #1800 ) ) ;
#327 = CARTESIAN_POINT ( 'NONE',  ( 1500.083187709721187, 393.1000000000002501, 0.5000000000000000000 ) ) ;
#328 = ADVANCED_FACE ( 'NONE', ( #2782 ), #2370, .T. ) ;
#329 = DIRECTION ( 'NONE',  ( 1.000000000000000000, 0.000000000000000000, 0.000000000000000000 ) ) ;
#330 = DIRECTION ( 'NONE',  ( 0.000000000000000000, -0.000000000000000000, 1.000000000000000000 ) ) ;
#331 = AXIS2_PLACEMENT_3D ( 'NONE', #2221, #515, #332 ) ;
#332 = DIRECTION ( 'NONE',  ( 0.000000000000000000, -0.000000000000000000, -1.000000000000000000 ) ) ;
#333 = DIRECTION ( 'NONE',  ( -1.000000000000000000, 0.000000000000000000, 0.000000000000000000 ) ) ;
#334 = ORIENTED_EDGE ( 'NONE', *, *, #2383, .T. ) ;
#335 = ORIENTED_EDGE ( 'NONE', *, *, #48, .F. ) ;
#336 = CARTESIAN_POINT ( 'NONE',  ( 1500.553034020100540, 393.2710100716999477, 0.5000000000000000000 ) ) ;
#337 = CIRCLE ( 'NONE', #906, 0.4999999999999449329 ) ;
#338 = CYLINDRICAL_SURFACE ( 'NONE', #1405, 0.5000000000001669775 ) ;
#339 = AXIS2_PLACEMENT_3D ( 'NONE', #2613, #1881, #1639 ) ;
#340 = EDGE_LOOP ( 'NONE', ( #3135, #25, #2833, #155 ) ) ;
#341 = EDGE_CURVE ( 'NONE', #284, #2298, #400, .T. ) ;
#342 = FACE_OUTER_BOUND ( 'NONE', #2513, .T. ) ;
#343 = EDGE_CURVE ( 'NONE', #1034, #1699, #139, .T. ) ;
#344 = ORIENTED_EDGE ( 'NONE', *, *, #1658, .T. ) ;
#345 = CIRCLE ( 'NONE', #1373, 0.5000000000001669775 ) ;
#346 = VERTEX_POINT ( 'NONE', #169 ) ;
#347 = PLANE ( 'NONE',  #721 ) ;
#348 = EDGE_CURVE ( 'NONE', #303, #2678, #91, .T. ) ;
#349 = EDGE_CURVE ( 'NONE', #373, #518, #387, .T. ) ;
#350 = CARTESIAN_POINT ( 'NONE',  ( 1506.101355283500425, 414.7500000000002274, 0.5000000000000000000 ) ) ;
#351 = AXIS2_PLACEMENT_3D ( 'NONE', #1857, #120, #1806 ) ;
#352 = LINE ( 'NONE', #1088, #2747 ) ;
#353 = AXIS2_PLACEMENT_3D ( 'NONE', #2474, #2235, #79 ) ;
#354 = LINE ( 'NONE', #1601, #2709 ) ;
#355 = ORIENTED_EDGE ( 'NONE', *, *, #1577, .T. ) ;
#356 = DIRECTION ( 'NONE',  ( -0.000000000000000000, -0.000000000000000000, -1.000000000000000000 ) ) ;
#357 = EDGE_CURVE ( 'NONE', #826, #570, #354, .T. ) ;
#358 = CARTESIAN_POINT ( 'NONE',  ( 1479.500000000000000, 390.5000000000000000, 0.5000000000000000000 ) ) ;
#359 = ORIENTED_EDGE ( 'NONE', *, *, #1701, .F. ) ;
#360 = CARTESIAN_POINT ( 'NONE',  ( 1517.615012506900030, 410.0000000000000000, 0.5000000000000000000 ) ) ;
#361 = DIRECTION ( 'NONE',  ( 1.000000000000000000, 0.000000000000000000, 0.000000000000000000 ) ) ;
#362 = ORIENTED_EDGE ( 'NONE', *, *, #1711, .T. ) ;
#363 = ADVANCED_FACE ( 'NONE', ( #1331 ), #156, .T. ) ;
#364 = CARTESIAN_POINT ( 'NONE',  ( 1573.026169255299919, 397.1000000000001364, 0.5000000000000000000 ) ) ;
#365 = ORIENTED_EDGE ( 'NONE', *, *, #1045, .F. ) ;
#366 = VECTOR ( 'NONE', #1089, 1000.000000000000000 ) ;
#368 = VERTEX_POINT ( 'NONE', #1138 ) ;
#367 = CIRCLE ( 'NONE', #1082, 0.5000000000001669775 ) ;
#369 = DIRECTION ( 'NONE',  ( 1.000000000000000000, 0.000000000000000000, 0.000000000000000000 ) ) ;
#370 =( NAMED_UNIT ( * ) PLANE_ANGLE_UNIT ( ) SI_UNIT ( $, .RADIAN. ) );
#371 = EDGE_CURVE ( 'NONE', #324, #1959, #896, .T. ) ;
#372 = CARTESIAN_POINT ( 'NONE',  ( 1557.773998861820928, 414.5000000000003411, 0.5000000000000000000 ) ) ;
#373 = VERTEX_POINT ( 'NONE', #3042 ) ;
#374 = DIRECTION ( 'NONE',  ( -1.000000000000000000, 0.000000000000000000, 0.000000000000000000 ) ) ;
#375 = DIRECTION ( 'NONE',  ( 1.000000000000000000, 0.000000000000000000, 0.000000000000000000 ) ) ;
#376 = VERTEX_POINT ( 'NONE', #2798 ) ;
#377 = DIRECTION ( 'NONE',  ( -0.000000000000000000, -0.000000000000000000, -1.000000000000000000 ) ) ;
#378 = LINE ( 'NONE', #3015, #2114 ) ;
#379 = ORIENTED_EDGE ( 'NONE', *, *, #2875, .T. ) ;
#380 = CIRCLE ( 'NONE', #1961, 0.4999999999999449329 ) ;
#381 = DIRECTION ( 'NONE',  ( 0.000000000000000000, 1.000000000000000000, 0.000000000000000000 ) ) ;
#382 = VERTEX_POINT ( 'NONE', #418 ) ;
#383 = VERTEX_POINT ( 'NONE', #848 ) ;
#384 = DIRECTION ( 'NONE',  ( -0.000000000000000000, -0.000000000000000000, -1.000000000000000000 ) ) ;
#385 = DIRECTION ( 'NONE',  ( 0.000000000000000000, -0.000000000000000000, 1.000000000000000000 ) ) ;
#386 = ADVANCED_FACE ( 'NONE', ( #1825 ), #122, .F. ) ;
#387 = LINE ( 'NONE', #626, #921 ) ;
#388 = ORIENTED_EDGE ( 'NONE', *, *, #114, .F. ) ;
#389 = LINE ( 'NONE', #1349, #887 ) ;
#390 = FACE_OUTER_BOUND ( 'NONE', #1588, .T. ) ;
#391 = CARTESIAN_POINT ( 'NONE',  ( 1578.643200557099817, 409.7500000000000000, 0.5000000000000000000 ) ) ;
#392 = ORIENTED_EDGE ( 'NONE', *, *, #916, .T. ) ;
#393 = CARTESIAN_POINT ( 'NONE',  ( 1488.661368868999944, 402.8999999999998636, 0.000000000000000000 ) ) ;
#394 = CIRCLE ( 'NONE', #1209, 0.4999999999999449329 ) ;
#395 = DIRECTION ( 'NONE',  ( 1.000000000000000000, 0.000000000000000000, 0.000000000000000000 ) ) ;
#396 = DIRECTION ( 'NONE',  ( -0.000000000000000000, -0.000000000000000000, -1.000000000000000000 ) ) ;
#397 = CARTESIAN_POINT ( 'NONE',  ( 1573.026169255379727, 396.6000000000001364, 0.5000000000000000000 ) ) ;
#398 = CIRCLE ( 'NONE', #804, 0.4999999999999449329 ) ;
#399 = ORIENTED_EDGE ( 'NONE', *, *, #2329, .T. ) ;
#400 = LINE ( 'NONE', #2816, #1071 ) ;
#401 = VERTEX_POINT ( 'NONE', #2832 ) ;
#402 = CARTESIAN_POINT ( 'NONE',  ( 1506.101355283499743, 385.2500000000000000, 0.5000000000000000000 ) ) ;
#403 = AXIS2_PLACEMENT_3D ( 'NONE', #490, #1206, #28 ) ;
#404 = CARTESIAN_POINT ( 'NONE',  ( 1503.913539262579661, 414.5000000000002842, 0.5000000000000000000 ) ) ;
#405 = VECTOR ( 'NONE', #2702, 1000.000000000000000 ) ;
#406 = LINE ( 'NONE', #1095, #2796 ) ;
#407 = ADVANCED_FACE ( 'NONE', ( #1104 ), #2338, .T. ) ;
#408 = VERTEX_POINT ( 'NONE', #882 ) ;
#409 = DIRECTION ( 'NONE',  ( 0.000000000000000000, 0.000000000000000000, 1.000000000000000000 ) ) ;
#410 = LINE ( 'NONE', #2410, #2032 ) ;
#411 = DIRECTION ( 'NONE',  ( 1.000000000000000000, 0.000000000000000000, 0.000000000000000000 ) ) ;
#412 = CARTESIAN_POINT ( 'NONE',  ( 1582.187538124400135, 409.5000000000000568, 0.5000000000000000000 ) ) ;
#413 = PRODUCT ( 'Xmas_NT20', 'Xmas_NT20', '', ( #1947 ) ) ;
#414 = LINE ( 'NONE', #2336, #658 ) ;
#415 = CIRCLE ( 'NONE', #2201, 0.4999999999999449329 ) ;
#416 = ORIENTED_EDGE ( 'NONE', *, *, #1137, .F. ) ;
#417 = VECTOR ( 'NONE', #1385, 1000.000000000000000 ) ;
#418 = CARTESIAN_POINT ( 'NONE',  ( 1505.668342581600200, 415.0000000000002274, 0.000000000000000000 ) ) ;
#419 = ORIENTED_EDGE ( 'NONE', *, *, #2707, .F. ) ;
#420 = CIRCLE ( 'NONE', #2361, 20.00000000000001776 ) ;
#421 = DIRECTION ( 'NONE',  ( -0.3420201433252340606, -0.9396926207860665237, 0.000000000000000000 ) ) ;
#422 = DIRECTION ( 'NONE',  ( 1.000000000000000000, 0.000000000000000000, 0.000000000000000000 ) ) ;
#423 = EDGE_CURVE ( 'NONE', #2483, #2085, #1860, .T. ) ;
#424 = DIRECTION ( 'NONE',  ( 1.000000000000000000, 0.000000000000000000, 0.000000000000000000 ) ) ;
#425 = ORIENTED_EDGE ( 'NONE', *, *, #901, .F. ) ;
#426 = ADVANCED_BREP_SHAPE_REPRESENTATION ( 'Xmas_NT20', ( #1017, #289 ), #29 ) ;
#427 = LINE ( 'NONE', #1562, #2689 ) ;
#428 = DIRECTION ( 'NONE',  ( -0.9396926207848881329, 0.3420201433284718595, 0.000000000000000000 ) ) ;
#429 = CIRCLE ( 'NONE', #498, 0.5000000000001669775 ) ;
#430 = CARTESIAN_POINT ( 'NONE',  ( 1582.187538124400135, 409.5000000000000568, 0.5000000000000000000 ) ) ;
#431 =( NAMED_UNIT ( * ) SI_UNIT ( $, .STERADIAN. ) SOLID_ANGLE_UNIT ( ) );
#432 = ORIENTED_EDGE ( 'NONE', *, *, #265, .T. ) ;
#433 = EDGE_CURVE ( 'NONE', #1724, #2945, #1027, .T. ) ;
#434 = CARTESIAN_POINT ( 'NONE',  ( 1557.773998861799782, 415.0000000000002842, 0.5000000000000000000 ) ) ;
#435 = VERTEX_POINT ( 'NONE', #1454 ) ;
#436 = DIRECTION ( 'NONE',  ( -0.000000000000000000, -0.000000000000000000, -1.000000000000000000 ) ) ;
#437 = DIRECTION ( 'NONE',  ( -0.000000000000000000, -0.000000000000000000, -1.000000000000000000 ) ) ;
#438 = CARTESIAN_POINT ( 'NONE',  ( 1558.243845172200281, 385.3289899284000057, 0.5000000000000000000 ) ) ;
#439 = DIRECTION ( 'NONE',  ( -0.000000000000000000, -0.000000000000000000, -1.000000000000000000 ) ) ;
#440 = VERTEX_POINT ( 'NONE', #1169 ) ;
#441 = ORIENTED_EDGE ( 'NONE', *, *, #1557, .F. ) ;
#442 = CARTESIAN_POINT ( 'NONE',  ( 1500.083187709700042, 393.6000000000001933, 0.5000000000000000000 ) ) ;
#443 = DIRECTION ( 'NONE',  ( 0.000000000000000000, -0.000000000000000000, 1.000000000000000000 ) ) ;
#444 = CARTESIAN_POINT ( 'NONE',  ( 1566.644031447200632, 412.2500000000002274, 0.000000000000000000 ) ) ;
#445 = CIRCLE ( 'NONE', #2077, 0.4999999999999449329 ) ;
#446 = EDGE_CURVE ( 'NONE', #2470, #1949, #495, .T. ) ;
#447 = ORIENTED_EDGE ( 'NONE', *, *, #920, .T. ) ;
#448 = EDGE_CURVE ( 'NONE', #435, #1085, #2427, .T. ) ;
#449 = AXIS2_PLACEMENT_3D ( 'NONE', #645, #1832, #1552 ) ;
#450 = FACE_OUTER_BOUND ( 'NONE', #2604, .T. ) ;
#451 = CARTESIAN_POINT ( 'NONE',  ( 1544.072525617499423, 410.0000000000000568, 0.5000000000000000000 ) ) ;
#452 = CARTESIAN_POINT ( 'NONE',  ( 1492.855690656199840, 387.5000000000000000, 0.000000000000000000 ) ) ;
#453 = CARTESIAN_POINT ( 'NONE',  ( 1492.385844345800251, 412.1710100717002092, 0.5000000000000000000 ) ) ;
#454 = CIRCLE ( 'NONE', #1269, 0.4999999999999449329 ) ;
#455 = CARTESIAN_POINT ( 'NONE',  ( 1552.266418792999730, 410.0000000000000000, 0.5000000000000000000 ) ) ;
#456 = AXIS2_PLACEMENT_3D ( 'NONE', #1532, #2222, #1504 ) ;
#457 = VECTOR ( 'NONE', #1116, 1000.000000000000000 ) ;
#458 = ORIENTED_EDGE ( 'NONE', *, *, #997, .T. ) ;
#459 = ORIENTED_EDGE ( 'NONE', *, *, #2495, .T. ) ;
#460 = CARTESIAN_POINT ( 'NONE',  ( 1480.000000000000000, 410.0000000000000568, 0.000000000000000000 ) ) ;
#461 = DIRECTION ( 'NONE',  ( 0.4999999999915549220, -0.8660254037893143630, 0.000000000000000000 ) ) ;
#462 = EDGE_CURVE ( 'NONE', #3054, #1450, #1889, .T. ) ;
#463 = VERTEX_POINT ( 'NONE', #2651 ) ;
#464 = LINE ( 'NONE', #214, #308 ) ;
#465 = CARTESIAN_POINT ( 'NONE',  ( 1489.131215179399987, 396.7710100716999477, 0.5000000000000000000 ) ) ;
#466 = EDGE_CURVE ( 'NONE', #2945, #2033, #2157, .T. ) ;
#467 = FACE_OUTER_BOUND ( 'NONE', #1043, .T. ) ;
#468 = AXIS2_PLACEMENT_3D ( 'NONE', #945, #1917, #1951 ) ;
#469 = LINE ( 'NONE', #1416, #1876 ) ;
#470 = AXIS2_PLACEMENT_3D ( 'NONE', #2099, #661, #2606 ) ;
#471 = FACE_OUTER_BOUND ( 'NONE', #612, .T. ) ;
#472 = DIRECTION ( 'NONE',  ( -0.000000000000000000, -0.000000000000000000, -1.000000000000000000 ) ) ;
#473 = ORIENTED_EDGE ( 'NONE', *, *, #2825, .F. ) ;
#474 = ORIENTED_EDGE ( 'NONE', *, *, #2962, .T. ) ;
#475 = CARTESIAN_POINT ( 'NONE',  ( 1552.266418792999730, 390.0000000000000000, 0.5000000000000000000 ) ) ;
#476 = CARTESIAN_POINT ( 'NONE',  ( 1556.019195542700118, 385.0000000000000000, 0.5000000000000000000 ) ) ;
#477 = EDGE_CURVE ( 'NONE', #1000, #478, #2414, .T. ) ;
#478 = VERTEX_POINT ( 'NONE', #2171 ) ;
#479 = CARTESIAN_POINT ( 'NONE',  ( 1482.611324865408278, 409.4999999999999432, 0.5000000000000000000 ) ) ;
#480 = DIRECTION ( 'NONE',  ( 1.000000000000000000, 0.000000000000000000, 0.000000000000000000 ) ) ;
#481 = EDGE_CURVE ( 'NONE', #293, #1949, #3141, .T. ) ;
#482 = DIRECTION ( 'NONE',  ( 1.000000000000000000, 0.000000000000000000, 0.000000000000000000 ) ) ;
#483 = FACE_OUTER_BOUND ( 'NONE', #1469, .T. ) ;
#484 = CARTESIAN_POINT ( 'NONE',  ( 1552.266418792999730, 390.0000000000000000, 0.5000000000000000000 ) ) ;
#485 = DIRECTION ( 'NONE',  ( 0.3420201433252340606, -0.9396926207860665237, 0.000000000000000000 ) ) ;
#486 = ADVANCED_FACE ( 'NONE', ( #2634 ), #1212, .T. ) ;
#487 = ORIENTED_EDGE ( 'NONE', *, *, #2725, .F. ) ;
#488 = ORIENTED_EDGE ( 'NONE', *, *, #2619, .T. ) ;
#489 = EDGE_CURVE ( 'NONE', #1205, #1000, #672, .T. ) ;
#490 = CARTESIAN_POINT ( 'NONE',  ( 1503.913539262579661, 414.5000000000002842, 0.5000000000000000000 ) ) ;
#491 = ORIENTED_EDGE ( 'NONE', *, *, #349, .T. ) ;
#492 = CARTESIAN_POINT ( 'NONE',  ( 1581.687538124400135, 409.5000000000000568, 0.5000000000000000000 ) ) ;
#493 = ADVANCED_FACE ( 'NONE', ( #450 ), #3171, .T. ) ;
#494 = ORIENTED_EDGE ( 'NONE', *, *, #2744, .F. ) ;
#495 = LINE ( 'NONE', #2384, #45 ) ;
#496 = DIRECTION ( 'NONE',  ( 0.000000000000000000, -1.000000000000000000, 0.000000000000000000 ) ) ;
#497 = DIRECTION ( 'NONE',  ( 1.000000000000000000, 0.000000000000000000, 0.000000000000000000 ) ) ;
#498 = AXIS2_PLACEMENT_3D ( 'NONE', #1918, #2666, #2127 ) ;
#499 = DIRECTION ( 'NONE',  ( -0.000000000000000000, -0.000000000000000000, -1.000000000000000000 ) ) ;
#500 = CARTESIAN_POINT ( 'NONE',  ( 1486.854849343900241, 396.8500000000001364, 0.5000000000000000000 ) ) ;
#501 = ORIENTED_EDGE ( 'NONE', *, *, #2145, .F. ) ;
#502 = CIRCLE ( 'NONE', #3001, 0.4999999999999449329 ) ;
#503 = ORIENTED_EDGE ( 'NONE', *, *, #2611, .T. ) ;
#504 = AXIS2_PLACEMENT_3D ( 'NONE', #235, #1280, #2989 ) ;
#505 = CIRCLE ( 'NONE', #2293, 0.4999999999999449329 ) ;
#506 = PLANE ( 'NONE',  #1575 ) ;
#507 = EDGE_CURVE ( 'NONE', #745, #657, #1905, .T. ) ;
#508 = ORIENTED_EDGE ( 'NONE', *, *, #2946, .T. ) ;
#509 = AXIS2_PLACEMENT_3D ( 'NONE', #2525, #575, #1382 ) ;
#510 = EDGE_LOOP ( 'NONE', ( #1816, #2354, #2892, #1584 ) ) ;
#511 = DIRECTION ( 'NONE',  ( 0.000000000000000000, -0.000000000000000000, 1.000000000000000000 ) ) ;
#512 = FACE_OUTER_BOUND ( 'NONE', #1440, .T. ) ;
#513 = CARTESIAN_POINT ( 'NONE',  ( 1568.831847468199385, 387.5000000000000000, 0.000000000000000000 ) ) ;
#514 = AXIS2_PLACEMENT_3D ( 'NONE', #2718, #2766, #1503 ) ;
#515 = DIRECTION ( 'NONE',  ( 0.000000000000000000, -1.000000000000000000, 0.000000000000000000 ) ) ;
#516 = DIRECTION ( 'NONE',  ( 1.000000000000000000, 0.000000000000000000, 0.000000000000000000 ) ) ;
#517 = UNCERTAINTY_MEASURE_WITH_UNIT (LENGTH_MEASURE( 1.000000000000000082E-05 ), #1582, 'distance_accuracy_value', 'NONE');
#518 = VERTEX_POINT ( 'NONE', #932 ) ;
#519 = ORIENTED_EDGE ( 'NONE', *, *, #1821, .T. ) ;
#520 = VECTOR ( 'NONE', #3051, 1000.000000000000000 ) ;
#521 = ORIENTED_EDGE ( 'NONE', *, *, #206, .F. ) ;
#522 = CARTESIAN_POINT ( 'NONE',  ( 1494.610493975200825, 412.5000000000002274, 0.000000000000000000 ) ) ;
#523 = EDGE_LOOP ( 'NONE', ( #264, #388, #2827, #2315 ) ) ;
#524 = EDGE_LOOP ( 'NONE', ( #2142, #285, #1485, #2602 ) ) ;
#525 = FACE_OUTER_BOUND ( 'NONE', #208, .T. ) ;
#526 = EDGE_CURVE ( 'NONE', #1497, #3050, #1439, .T. ) ;
#527 = CARTESIAN_POINT ( 'NONE',  ( 1498.709680886500109, 406.4000000000000909, 0.000000000000000000 ) ) ;
#528 = CARTESIAN_POINT ( 'NONE',  ( 1503.443692952200081, 385.3289899284000057, 0.000000000000000000 ) ) ;
#529 = EDGE_CURVE ( 'NONE', #1275, #2421, #2560, .T. ) ;
#530 = LINE ( 'NONE', #316, #2123 ) ;
#531 = CIRCLE ( 'NONE', #2518, 0.5000000000001669775 ) ;
#532 = CARTESIAN_POINT ( 'NONE',  ( 1492.855690656179831, 412.0000000000002274, 0.000000000000000000 ) ) ;
#533 =( NAMED_UNIT ( * ) PLANE_ANGLE_UNIT ( ) SI_UNIT ( $, .RADIAN. ) );
#534 = ORIENTED_EDGE ( 'NONE', *, *, #2282, .T. ) ;
#535 = VERTEX_POINT ( 'NONE', #690 ) ;
#536 = LINE ( 'NONE', #2481, #34 ) ;
#537 = ORIENTED_EDGE ( 'NONE', *, *, #12, .T. ) ;
#538 = ORIENTED_EDGE ( 'NONE', *, *, #1950, .F. ) ;
#539 = LINE ( 'NONE', #2972, #2204 ) ;
#540 = EDGE_CURVE ( 'NONE', #1977, #309, #1412, .T. ) ;
#541 = DIRECTION ( 'NONE',  ( 0.000000000000000000, 0.000000000000000000, 1.000000000000000000 ) ) ;
#542 = CYLINDRICAL_SURFACE ( 'NONE', #1171, 0.9999999999998898659 ) ;
#543 = EDGE_CURVE ( 'NONE', #2458, #2774, #734, .T. ) ;
#544 = DIRECTION ( 'NONE',  ( 0.4999999999914240822, 0.8660254037893899692, 0.000000000000000000 ) ) ;
#545 = CARTESIAN_POINT ( 'NONE',  ( 1573.026169255299919, 402.8999999999998636, 0.5000000000000000000 ) ) ;
#546 = CYLINDRICAL_SURFACE ( 'NONE', #2184, 0.5000000000001669775 ) ;
#547 = AXIS2_PLACEMENT_3D ( 'NONE', #1414, #1935, #3129 ) ;
#548 = ORIENTED_EDGE ( 'NONE', *, *, #2837, .T. ) ;
#549 = ORIENTED_EDGE ( 'NONE', *, *, #2948, .T. ) ;
#550 = ORIENTED_EDGE ( 'NONE', *, *, #2472, .F. ) ;
#551 = CIRCLE ( 'NONE', #2742, 0.5000000000001669775 ) ;
#552 = CARTESIAN_POINT ( 'NONE',  ( 1488.661368869020407, 396.6000000000001933, 0.5000000000000000000 ) ) ;
#553 = AXIS2_PLACEMENT_3D ( 'NONE', #1903, #1181, #955 ) ;
#554 = ORIENTED_EDGE ( 'NONE', *, *, #563, .T. ) ;
#555 = VECTOR ( 'NONE', #768, 1000.000000000000114 ) ;
#556 = ORIENTED_EDGE ( 'NONE', *, *, #1821, .F. ) ;
#557 = EDGE_CURVE ( 'NONE', #1971, #2333, #2620, .T. ) ;
#558 = FACE_OUTER_BOUND ( 'NONE', #1067, .T. ) ;
#559 = LINE ( 'NONE', #2023, #1420 ) ;
#560 = DIRECTION ( 'NONE',  ( -0.000000000000000000, -0.000000000000000000, -1.000000000000000000 ) ) ;
#561 = DIRECTION ( 'NONE',  ( -0.000000000000000000, -0.000000000000000000, -1.000000000000000000 ) ) ;
#562 = DIRECTION ( 'NONE',  ( -1.000000000000000000, 0.000000000000000000, 0.000000000000000000 ) ) ;
#563 = EDGE_CURVE ( 'NONE', #3153, #729, #464, .T. ) ;
#564 = ORIENTED_EDGE ( 'NONE', *, *, #1888, .T. ) ;
#565 = ORIENTED_EDGE ( 'NONE', *, *, #916, .F. ) ;
#566 = AXIS2_PLACEMENT_3D ( 'NONE', #2631, #225, #2907 ) ;
#567 = FACE_OUTER_BOUND ( 'NONE', #1964, .T. ) ;
#568 = ADVANCED_FACE ( 'NONE', ( #1198 ), #3111, .F. ) ;
#569 = ORIENTED_EDGE ( 'NONE', *, *, #1410, .F. ) ;
#570 = VERTEX_POINT ( 'NONE', #572 ) ;
#571 = VERTEX_POINT ( 'NONE', #2246 ) ;
#572 = CARTESIAN_POINT ( 'NONE',  ( 1582.187538124400135, 409.5000000000000568, 0.000000000000000000 ) ) ;
#573 = LINE ( 'NONE', #924, #1259 ) ;
#574 = LINE ( 'NONE', #220, #1776 ) ;
#575 = DIRECTION ( 'NONE',  ( 0.000000000000000000, 0.000000000000000000, 1.000000000000000000 ) ) ;
#576 = CARTESIAN_POINT ( 'NONE',  ( 1569.301693778599883, 387.8289899284000626, 0.5000000000000000000 ) ) ;
#577 = CARTESIAN_POINT ( 'NONE',  ( 1482.611324865400093, 390.0000000000000000, 0.5000000000000000000 ) ) ;
#578 = EDGE_LOOP ( 'NONE', ( #842, #2792, #2199, #1835 ) ) ;
#579 = ADVANCED_FACE ( 'NONE', ( #2021 ), #2007, .F. ) ;
#580 = EDGE_LOOP ( 'NONE', ( #1030, #2014, #621, #2517 ) ) ;
#581 = LINE ( 'NONE', #336, #1669 ) ;
#582 = EDGE_CURVE ( 'NONE', #2583, #382, #539, .T. ) ;
#583 = CARTESIAN_POINT ( 'NONE',  ( 1574.832688780399849, 396.8500000000001364, 0.5000000000000000000 ) ) ;
#584 = EDGE_CURVE ( 'NONE', #3050, #275, #988, .T. ) ;
#585 = ORIENTED_EDGE ( 'NONE', *, *, #1320, .T. ) ;
#586 = CARTESIAN_POINT ( 'NONE',  ( 1479.500000000000000, 409.5000000000000568, 0.5000000000000000000 ) ) ;
#587 = ORIENTED_EDGE ( 'NONE', *, *, #1586, .F. ) ;
#588 = VERTEX_POINT ( 'NONE', #50 ) ;
#589 = DIRECTION ( 'NONE',  ( 0.8660254037805735772, 0.5000000000066946448, -0.000000000000000000 ) ) ;
#590 = ADVANCED_FACE ( 'NONE', ( #558 ), #812, .T. ) ;
#591 = CARTESIAN_POINT ( 'NONE',  ( 1483.044337567300317, 409.7500000000000000, 0.5000000000000000000 ) ) ;
#592 = LINE ( 'NONE', #3041, #2490 ) ;
#593 = DIRECTION ( 'NONE',  ( 1.000000000000000000, 0.000000000000000000, 0.000000000000000000 ) ) ;
#594 = ORIENTED_EDGE ( 'NONE', *, *, #1148, .T. ) ;
#595 = CYLINDRICAL_SURFACE ( 'NONE', #9, 0.4999999999999449329 ) ;
#596 = CARTESIAN_POINT ( 'NONE',  ( 1563.410869939800705, 393.3500000000001364, 0.5000000000000000000 ) ) ;
#597 = EDGE_LOOP ( 'NONE', ( #1540, #2301, #602, #2444 ) ) ;
#598 = CARTESIAN_POINT ( 'NONE',  ( 1500.083187709684807, 406.9000000000000909, 0.5000000000000000000 ) ) ;
#599 = CIRCLE ( 'NONE', #2388, 0.5000000000001669775 ) ;
#600 = DIRECTION ( 'NONE',  ( 0.3420201433252340606, 0.9396926207860665237, 0.000000000000000000 ) ) ;
#601 = AXIS2_PLACEMENT_3D ( 'NONE', #2640, #2670, #1938 ) ;
#602 = ORIENTED_EDGE ( 'NONE', *, *, #2329, .F. ) ;
#603 = ADVANCED_FACE ( 'NONE', ( #1542 ), #2207, .F. ) ;
#604 = DIRECTION ( 'NONE',  ( 1.000000000000000000, 0.000000000000000000, 0.000000000000000000 ) ) ;
#605 = ORIENTED_EDGE ( 'NONE', *, *, #1073, .F. ) ;
#606 = ORIENTED_EDGE ( 'NONE', *, *, #145, .F. ) ;
#607 = LINE ( 'NONE', #1102, #2100 ) ;
#608 = CIRCLE ( 'NONE', #241, 0.4999999999999449329 ) ;
#609 = PLANE ( 'NONE',  #1626 ) ;
#610 = AXIS2_PLACEMENT_3D ( 'NONE', #178, #428, #1913 ) ;
#611 = CARTESIAN_POINT ( 'NONE',  ( 1503.443692952200081, 414.6710100717002661, 0.5000000000000000000 ) ) ;
#612 = EDGE_LOOP ( 'NONE', ( #1906, #2466, #2842, #3075 ) ) ;
#613 = FACE_OUTER_BOUND ( 'NONE', #2783, .T. ) ;
#614 = CARTESIAN_POINT ( 'NONE',  ( 1495.043506677099913, 412.2500000000002274, 0.5000000000000000000 ) ) ;
#615 = VERTEX_POINT ( 'NONE', #2936 ) ;
#616 = DIRECTION ( 'NONE',  ( -0.000000000000000000, -0.000000000000000000, -1.000000000000000000 ) ) ;
#617 = DIRECTION ( 'NONE',  ( -1.000000000000000000, 0.000000000000000000, 0.000000000000000000 ) ) ;
#618 = ORIENTED_EDGE ( 'NONE', *, *, #286, .T. ) ;
#619 = EDGE_CURVE ( 'NONE', #64, #2529, #2762, .T. ) ;
#620 = FACE_OUTER_BOUND ( 'NONE', #2642, .T. ) ;
#621 = ORIENTED_EDGE ( 'NONE', *, *, #1277, .F. ) ;
#623 = ORIENTED_EDGE ( 'NONE', *, *, #1150, .T. ) ;
#622 = CIRCLE ( 'NONE', #47, 0.5000000000001669775 ) ;
#624 = CARTESIAN_POINT ( 'NONE',  ( 1573.026169255416107, 403.4000000000000909, 0.5000000000000000000 ) ) ;
#625 = FACE_OUTER_BOUND ( 'NONE', #786, .T. ) ;
#626 = CARTESIAN_POINT ( 'NONE',  ( 1503.913539262600580, 415.0000000000002842, 0.5000000000000000000 ) ) ;
#627 = ORIENTED_EDGE ( 'NONE', *, *, #2534, .F. ) ;
#628 = DIRECTION ( 'NONE',  ( 0.000000000000000000, 0.000000000000000000, 1.000000000000000000 ) ) ;
#629 = FACE_OUTER_BOUND ( 'NONE', #911, .T. ) ;
#630 = EDGE_CURVE ( 'NONE', #1524, #588, #1396, .T. ) ;
#631 = ORIENTED_EDGE ( 'NONE', *, *, #2423, .T. ) ;
#632 = ADVANCED_FACE ( 'NONE', ( #747 ), #313, .T. ) ;
#633 = LINE ( 'NONE', #1606, #1371 ) ;
#634 = VERTEX_POINT ( 'NONE', #1486 ) ;
#635 = DIRECTION ( 'NONE',  ( 1.000000000000000000, 0.000000000000000000, 0.000000000000000000 ) ) ;
#636 = ORIENTED_EDGE ( 'NONE', *, *, #318, .F. ) ;
#637 = DIRECTION ( 'NONE',  ( 1.000000000000000000, 0.000000000000000000, 0.000000000000000000 ) ) ;
#638 = CARTESIAN_POINT ( 'NONE',  ( 1561.604350414679402, 393.1000000000001933, 0.000000000000000000 ) ) ;
#639 = ORIENTED_EDGE ( 'NONE', *, *, #926, .F. ) ;
#640 = CARTESIAN_POINT ( 'NONE',  ( 1561.134504104299822, 406.7289899284002104, 0.5000000000000000000 ) ) ;
#641 = ORIENTED_EDGE ( 'NONE', *, *, #22, .F. ) ;
#642 = LINE ( 'NONE', #576, #1093 ) ;
#643 = EDGE_CURVE ( 'NONE', #2688, #1450, #1243, .T. ) ;
#644 = PLANE ( 'NONE',  #1214 ) ;
#645 = CARTESIAN_POINT ( 'NONE',  ( 1562.977857237908211, 393.1000000000000796, 0.000000000000000000 ) ) ;
#646 = VERTEX_POINT ( 'NONE', #17 ) ;
#647 = CARTESIAN_POINT ( 'NONE',  ( 1555.586182840799893, 385.2500000000000000, 0.000000000000000000 ) ) ;
#648 = LINE ( 'NONE', #1180, #2956 ) ;
#649 = AXIS2_PLACEMENT_3D ( 'NONE', #2460, #1953, #2924 ) ;
#650 = CARTESIAN_POINT ( 'NONE',  ( 1500.083187709700042, 406.4000000000000909, 0.5000000000000000000 ) ) ;
#651 = DIRECTION ( 'NONE',  ( -1.000000000000000000, 0.000000000000000000, 0.000000000000000000 ) ) ;
#652 = DIRECTION ( 'NONE',  ( -1.000000000000000000, 0.000000000000000000, 0.000000000000000000 ) ) ;
#653 = COLOUR_RGB ( '',0.7921568627450980005, 0.8196078431372548767, 0.9333333333333333481 ) ;
#654 = EDGE_LOOP ( 'NONE', ( #1673, #641, #1616, #238 ) ) ;
#655 = EDGE_CURVE ( 'NONE', #2058, #2980, #779, .T. ) ;
#656 = DIRECTION ( 'NONE',  ( 1.000000000000000000, 0.000000000000000000, 0.000000000000000000 ) ) ;
#657 = VERTEX_POINT ( 'NONE', #1767 ) ;
#658 = VECTOR ( 'NONE', #3077, 1000.000000000000000 ) ;
#659 = DIRECTION ( 'NONE',  ( -0.000000000000000000, -0.000000000000000000, -1.000000000000000000 ) ) ;
#660 = VECTOR ( 'NONE', #1686, 1000.000000000000114 ) ;
#661 = DIRECTION ( 'NONE',  ( 0.000000000000000000, 0.000000000000000000, 1.000000000000000000 ) ) ;
#662 = VECTOR ( 'NONE', #1039, 1000.000000000000000 ) ;
#663 = CARTESIAN_POINT ( 'NONE',  ( 1561.604350414716009, 406.9000000000000341, 0.5000000000000000000 ) ) ;
#664 = EDGE_CURVE ( 'NONE', #615, #57, #1978, .T. ) ;
#665 = ORIENTED_EDGE ( 'NONE', *, *, #2841, .F. ) ;
#666 = DIRECTION ( 'NONE',  ( 0.000000000000000000, 0.000000000000000000, 1.000000000000000000 ) ) ;
#667 = CARTESIAN_POINT ( 'NONE',  ( 1579.076213259000269, 410.0000000000000568, 0.000000000000000000 ) ) ;
#668 = ADVANCED_FACE ( 'NONE', ( #66 ), #2503, .F. ) ;
#669 = CARTESIAN_POINT ( 'NONE',  ( 1555.586182840799893, 385.2500000000000000, 0.5000000000000000000 ) ) ;
#670 = ORIENTED_EDGE ( 'NONE', *, *, #2241, .F. ) ;
#671 = VECTOR ( 'NONE', #1430, 1000.000000000000000 ) ;
#672 = LINE ( 'NONE', #958, #2151 ) ;
#673 = VERTEX_POINT ( 'NONE', #1740 ) ;
#674 = LINE ( 'NONE', #3099, #2373 ) ;
#675 = CARTESIAN_POINT ( 'NONE',  ( 1561.604350414699411, 393.6000000000001933, 0.5000000000000000000 ) ) ;
#676 = CARTESIAN_POINT ( 'NONE',  ( 1500.083187709721187, 393.1000000000002501, 0.000000000000000000 ) ) ;
#677 = CARTESIAN_POINT ( 'NONE',  ( 1500.083187709700042, 393.6000000000001933, 0.000000000000000000 ) ) ;
#678 = VERTEX_POINT ( 'NONE', #2714 ) ;
#679 = ORIENTED_EDGE ( 'NONE', *, *, #243, .T. ) ;
#680 = ADVANCED_FACE ( 'NONE', ( #525 ), #1500, .T. ) ;
#681 = DIRECTION ( 'NONE',  ( -1.000000000000000000, 0.000000000000000000, 0.000000000000000000 ) ) ;
#682 = DIRECTION ( 'NONE',  ( 1.000000000000000000, 0.000000000000000000, 0.000000000000000000 ) ) ;
#683 = EDGE_CURVE ( 'NONE', #1818, #1094, #420, .T. ) ;
#684 = CIRCLE ( 'NONE', #321, 0.4999999999999449329 ) ;
#685 = DIRECTION ( 'NONE',  ( 0.000000000000000000, 0.000000000000000000, 1.000000000000000000 ) ) ;
#686 = APPLICATION_CONTEXT ( 'automotive_design' ) ;
#687 = ORIENTED_EDGE ( 'NONE', *, *, #3034, .T. ) ;
#688 = ADVANCED_FACE ( 'NONE', ( #893 ), #3076, .T. ) ;
#689 = ADVANCED_FACE ( 'NONE', ( #1361 ), #1598, .T. ) ;
#690 = CARTESIAN_POINT ( 'NONE',  ( 1508.555093927600183, 410.5000000000002274, 0.000000000000000000 ) ) ;
#691 = VERTEX_POINT ( 'NONE', #2539 ) ;
#692 = FACE_OUTER_BOUND ( 'NONE', #2485, .T. ) ;
#693 = CARTESIAN_POINT ( 'NONE',  ( 1479.500000000000000, 390.5000000000000000, 0.5000000000000000000 ) ) ;
#694 = CARTESIAN_POINT ( 'NONE',  ( 1568.831847468200294, 412.5000000000002274, 0.5000000000000000000 ) ) ;
#695 = CYLINDRICAL_SURFACE ( 'NONE', #601, 0.4999999999999449329 ) ;
#696 = ORIENTED_EDGE ( 'NONE', *, *, #540, .F. ) ;
#697 = EDGE_CURVE ( 'NONE', #1986, #273, #2608, .T. ) ;
#698 = ORIENTED_EDGE ( 'NONE', *, *, #1600, .T. ) ;
#699 = LINE ( 'NONE', #195, #1015 ) ;
#700 = DIRECTION ( 'NONE',  ( -0.8660254037893143630, -0.4999999999915549220, 0.000000000000000000 ) ) ;
#701 = ADVANCED_FACE ( 'NONE', ( #2281 ), #152, .T. ) ;
#702 = VECTOR ( 'NONE', #148, 1000.000000000000114 ) ;
#703 = ORIENTED_EDGE ( 'NONE', *, *, #1125, .T. ) ;
#704 = CARTESIAN_POINT ( 'NONE',  ( 1482.611324865408278, 409.4999999999999432, 0.5000000000000000000 ) ) ;
#705 = DIRECTION ( 'NONE',  ( 0.000000000000000000, -0.000000000000000000, 1.000000000000000000 ) ) ;
#706 = VECTOR ( 'NONE', #2411, 1000.000000000000114 ) ;
#707 = LINE ( 'NONE', #2653, #1592 ) ;
#708 = DIRECTION ( 'NONE',  ( -0.000000000000000000, -0.000000000000000000, -1.000000000000000000 ) ) ;
#709 = DIRECTION ( 'NONE',  ( -0.000000000000000000, -0.000000000000000000, -1.000000000000000000 ) ) ;
#710 = CYLINDRICAL_SURFACE ( 'NONE', #141, 0.5000000000001669775 ) ;
#711 = AXIS2_PLACEMENT_3D ( 'NONE', #738, #1264, #1007 ) ;
#712 = ORIENTED_EDGE ( 'NONE', *, *, #1381, .T. ) ;
#713 = ORIENTED_EDGE ( 'NONE', *, *, #1019, .F. ) ;
#714 = ADVANCED_FACE ( 'NONE', ( #2040 ), #3040, .T. ) ;
#715 = CARTESIAN_POINT ( 'NONE',  ( 1488.661368868999944, 402.8999999999998636, 0.5000000000000000000 ) ) ;
#716 = EDGE_CURVE ( 'NONE', #2256, #2393, #415, .T. ) ;
#717 = FACE_OUTER_BOUND ( 'NONE', #2758, .T. ) ;
#718 = ORIENTED_EDGE ( 'NONE', *, *, #1609, .T. ) ;
#719 = DIRECTION ( 'NONE',  ( -0.5000000000047607474, 0.8660254037816901285, 0.000000000000000000 ) ) ;
#720 = LINE ( 'NONE', #1678, #3157 ) ;
#721 = AXIS2_PLACEMENT_3D ( 'NONE', #1346, #589, #3055 ) ;
#722 = DIRECTION ( 'NONE',  ( -0.000000000000000000, -0.000000000000000000, -1.000000000000000000 ) ) ;
#723 = ADVANCED_FACE ( 'NONE', ( #2335 ), #862, .T. ) ;
#724 = AXIS2_PLACEMENT_3D ( 'NONE', #434, #2745, #2471 ) ;
#725 = DIRECTION ( 'NONE',  ( 0.000000000000000000, 0.000000000000000000, 1.000000000000000000 ) ) ;
#726 = CARTESIAN_POINT ( 'NONE',  ( 1568.831847468220303, 412.0000000000002274, 0.5000000000000000000 ) ) ;
#727 = CARTESIAN_POINT ( 'NONE',  ( 1567.077044149092899, 388.0000000000001137, 0.000000000000000000 ) ) ;
#728 = ORIENTED_EDGE ( 'NONE', *, *, #1186, .F. ) ;
#729 = VERTEX_POINT ( 'NONE', #2521 ) ;
#730 = LINE ( 'NONE', #475, #3119 ) ;
#731 = CARTESIAN_POINT ( 'NONE',  ( 1552.266418792999730, 390.0000000000000000, 0.000000000000000000 ) ) ;
#732 = AXIS2_PLACEMENT_3D ( 'NONE', #3048, #1814, #803 ) ;
#733 = ORIENTED_EDGE ( 'NONE', *, *, #489, .T. ) ;
#734 = LINE ( 'NONE', #1676, #1133 ) ;
#735 = CARTESIAN_POINT ( 'NONE',  ( 1552.266418792999730, 390.0000000000000000, 0.000000000000000000 ) ) ;
#736 = CYLINDRICAL_SURFACE ( 'NONE', #1287, 0.5000000000001669775 ) ;
#737 = DIRECTION ( 'NONE',  ( 0.000000000000000000, -0.000000000000000000, -1.000000000000000000 ) ) ;
#738 = CARTESIAN_POINT ( 'NONE',  ( 1492.855690656199840, 387.5000000000000000, 0.5000000000000000000 ) ) ;
#739 = EDGE_CURVE ( 'NONE', #1498, #2187, #1945, .T. ) ;
#740 = EDGE_LOOP ( 'NONE', ( #2038, #441, #1317, #1293 ) ) ;
#741 = ORIENTED_EDGE ( 'NONE', *, *, #2390, .T. ) ;
#742 = ORIENTED_EDGE ( 'NONE', *, *, #3069, .T. ) ;
#743 = DIRECTION ( 'NONE',  ( -0.000000000000000000, -0.000000000000000000, -1.000000000000000000 ) ) ;
#744 = VECTOR ( 'NONE', #2268, 1000.000000000000000 ) ;
#745 = VERTEX_POINT ( 'NONE', #3023 ) ;
#746 = ORIENTED_EDGE ( 'NONE', *, *, #1112, .F. ) ;
#747 = FACE_OUTER_BOUND ( 'NONE', #3030, .T. ) ;
#748 = CIRCLE ( 'NONE', #1315, 0.5000000000001669775 ) ;
#749 = CARTESIAN_POINT ( 'NONE',  ( 1556.019195542692160, 385.4999999999999432, 0.5000000000000000000 ) ) ;
#750 = LINE ( 'NONE', #2624, #204 ) ;
#751 = EDGE_CURVE ( 'NONE', #478, #615, #1638, .T. ) ;
#752 = AXIS2_PLACEMENT_3D ( 'NONE', #663, #1697, #1189 ) ;
#753 = LINE ( 'NONE', #1789, #1335 ) ;
#754 = LINE ( 'NONE', #1283, #662 ) ;
#755 = EDGE_LOOP ( 'NONE', ( #3140, #1991, #2809, #325 ) ) ;
#756 = ORIENTED_EDGE ( 'NONE', *, *, #2108, .T. ) ;
#757 = CIRCLE ( 'NONE', #1115, 0.4999999999999449329 ) ;
#758 = VERTEX_POINT ( 'NONE', #2302 ) ;
#759 = AXIS2_PLACEMENT_3D ( 'NONE', #2933, #1451, #2424 ) ;
#760 = DIRECTION ( 'NONE',  ( 0.000000000000000000, -0.000000000000000000, -1.000000000000000000 ) ) ;
#761 = ORIENTED_EDGE ( 'NONE', *, *, #2948, .F. ) ;
#762 = EDGE_CURVE ( 'NONE', #1524, #2033, #1560, .T. ) ;
#763 = ORIENTED_EDGE ( 'NONE', *, *, #304, .T. ) ;
#764 = DIRECTION ( 'NONE',  ( -1.000000000000000000, 0.000000000000000000, 0.000000000000000000 ) ) ;
#765 = CYLINDRICAL_SURFACE ( 'NONE', #3110, 20.00000000000001776 ) ;
#766 = FACE_OUTER_BOUND ( 'NONE', #250, .T. ) ;
#767 = LINE ( 'NONE', #69, #928 ) ;
#768 = DIRECTION ( 'NONE',  ( -0.3420201433284718040, 0.9396926207848880219, 0.000000000000000000 ) ) ;
#769 = LINE ( 'NONE', #2290, #188 ) ;
#770 = PRODUCT_DEFINITION_CONTEXT ( 'detailed design', #1278, 'design' ) ;
#771 = VECTOR ( 'NONE', #1615, 1000.000000000000000 ) ;
#772 = ORIENTED_EDGE ( 'NONE', *, *, #879, .T. ) ;
#773 = CIRCLE ( 'NONE', #1691, 1.000000000000111910 ) ;
#774 = VERTEX_POINT ( 'NONE', #2555 ) ;
#775 = CARTESIAN_POINT ( 'NONE',  ( 1567.077044149099720, 387.4999999999999432, 0.5000000000000000000 ) ) ;
#776 = ORIENTED_EDGE ( 'NONE', *, *, #762, .T. ) ;
#777 = ADVANCED_FACE ( 'NONE', ( #1309 ), #347, .T. ) ;
#778 = VERTEX_POINT ( 'NONE', #1118 ) ;
#779 = LINE ( 'NONE', #295, #1534 ) ;
#780 = CARTESIAN_POINT ( 'NONE',  ( 1552.266418793014964, 389.0000000000000000, 0.000000000000000000 ) ) ;
#781 = DIRECTION ( 'NONE',  ( 0.000000000000000000, 1.000000000000000000, 0.000000000000000000 ) ) ;
#782 = CARTESIAN_POINT ( 'NONE',  ( 1574.399676078507582, 403.3999999999998067, 0.5000000000000000000 ) ) ;
#783 = VECTOR ( 'NONE', #1366, 1000.000000000000114 ) ;
#784 = FACE_OUTER_BOUND ( 'NONE', #2564, .T. ) ;
#785 = DIRECTION ( 'NONE',  ( -0.3420201433284718040, 0.9396926207848880219, 0.000000000000000000 ) ) ;
#786 = EDGE_LOOP ( 'NONE', ( #1418, #2793, #820, #2743 ) ) ;
#787 = ORIENTED_EDGE ( 'NONE', *, *, #1350, .F. ) ;
#788 = ORIENTED_EDGE ( 'NONE', *, *, #2946, .F. ) ;
#789 = DIRECTION ( 'NONE',  ( -1.000000000000000000, 0.000000000000000000, 0.000000000000000000 ) ) ;
#790 = EDGE_CURVE ( 'NONE', #1724, #2470, #2093, .T. ) ;
#791 = ORIENTED_EDGE ( 'NONE', *, *, #2598, .T. ) ;
#792 = VERTEX_POINT ( 'NONE', #1087 ) ;
#793 = EDGE_CURVE ( 'NONE', #2678, #1344, #846, .T. ) ;
#794 = DIRECTION ( 'NONE',  ( -1.000000000000000000, 0.000000000000000000, 0.000000000000000000 ) ) ;
#795 = CARTESIAN_POINT ( 'NONE',  ( 1557.773998861799782, 385.0000000000000000, 0.5000000000000000000 ) ) ;
#796 = DIRECTION ( 'NONE',  ( 1.000000000000000000, 0.000000000000000000, 0.000000000000000000 ) ) ;
#797 = DIRECTION ( 'NONE',  ( 0.000000000000000000, 0.000000000000000000, 1.000000000000000000 ) ) ;
#798 = DIRECTION ( 'NONE',  ( 1.000000000000000000, 0.000000000000000000, 0.000000000000000000 ) ) ;
#799 = DIRECTION ( 'NONE',  ( -1.000000000000000000, 0.000000000000000000, 0.000000000000000000 ) ) ;
#800 = VECTOR ( 'NONE', #1185, 1000.000000000000000 ) ;
#801 = VERTEX_POINT ( 'NONE', #1134 ) ;
#802 = ORIENTED_EDGE ( 'NONE', *, *, #104, .F. ) ;
#803 = DIRECTION ( 'NONE',  ( -1.000000000000000000, 0.000000000000000000, 0.000000000000000000 ) ) ;
#804 = AXIS2_PLACEMENT_3D ( 'NONE', #851, #885, #422 ) ;
#805 = EDGE_CURVE ( 'NONE', #778, #383, #607, .T. ) ;
#806 = EDGE_LOOP ( 'NONE', ( #2001, #3000, #2440, #3080, #359, #2000, #2581, #2570, #1521, #1631, #1465, #2528, #419, #1224, #2480, #1510, #2013, #1941, #1716, #733, #399, #549, #639, #2860, #2824, #713, #1803, #2850, #2452, #1748, #1506, #101, #2356, #2312, #2073, #1923, #106, #1345, #565, #554, #312, #1535, #2376, #895, #2229, #1735, #2339, #1972, #1541, #1013, #1858, #1844, #432, #1963, #741, #1307, #1105, #994, #365, #968, #839, #829, #1975, #311, #2275, #2242, #459, #1020, #2551, #1453, #3161, #2071, #712, #263, #80, #3016, #2133, #1227, #1435, #1763, #2260, #1324, #2643, #2628, #2979, #1033, #2413, #1274, #2998, #1644, #2929, #1308 ) ) ;
#807 = AXIS2_PLACEMENT_3D ( 'NONE', #3037, #1261, #279 ) ;
#808 = AXIS2_PLACEMENT_3D ( 'NONE', #545, #2252, #1732 ) ;
#809 = ORIENTED_EDGE ( 'NONE', *, *, #557, .T. ) ;
#810 = EDGE_CURVE ( 'NONE', #826, #1739, #1377, .T. ) ;
#811 = VERTEX_POINT ( 'NONE', #1687 ) ;
#812 = CYLINDRICAL_SURFACE ( 'NONE', #2918, 0.4999999999999449329 ) ;
#813 = DIRECTION ( 'NONE',  ( -0.000000000000000000, -0.000000000000000000, -1.000000000000000000 ) ) ;
#814 = DIRECTION ( 'NONE',  ( -0.000000000000000000, -0.000000000000000000, -1.000000000000000000 ) ) ;
#815 = ADVANCED_FACE ( 'NONE', ( #2366 ), #2920, .T. ) ;
#816 = DIRECTION ( 'NONE',  ( 0.9396926207848936841, 0.3420201433284568160, -0.000000000000000000 ) ) ;
#817 = LINE ( 'NONE', #1075, #1752 ) ;
#818 = EDGE_CURVE ( 'NONE', #678, #868, #2663, .T. ) ;
#819 = ORIENTED_EDGE ( 'NONE', *, *, #971, .F. ) ;
#820 = ORIENTED_EDGE ( 'NONE', *, *, #489, .F. ) ;
#821 = AXIS2_PLACEMENT_3D ( 'NONE', #2075, #1611, #1841 ) ;
#822 = CARTESIAN_POINT ( 'NONE',  ( 1506.101355283499743, 385.2500000000000000, 0.000000000000000000 ) ) ;
#823 = AXIS2_PLACEMENT_3D ( 'NONE', #159, #3065, #2081 ) ;
#824 = EDGE_CURVE ( 'NONE', #3103, #745, #1886, .T. ) ;
#825 = AXIS2_PLACEMENT_3D ( 'NONE', #2352, #1856, #2107 ) ;
#826 = VERTEX_POINT ( 'NONE', #430 ) ;
#827 = PLANE ( 'NONE',  #353 ) ;
#828 = ORIENTED_EDGE ( 'NONE', *, *, #2795, .T. ) ;
#829 = ORIENTED_EDGE ( 'NONE', *, *, #1888, .F. ) ;
#830 = DIRECTION ( 'NONE',  ( 0.000000000000000000, 0.000000000000000000, 1.000000000000000000 ) ) ;
#831 = CARTESIAN_POINT ( 'NONE',  ( 1569.301693778599883, 387.8289899284001194, 0.5000000000000000000 ) ) ;
#832 = LINE ( 'NONE', #2061, #2291 ) ;
#833 = CARTESIAN_POINT ( 'NONE',  ( 1492.855690656199840, 387.4999999999998863, 0.5000000000000000000 ) ) ;
#834 = FACE_OUTER_BOUND ( 'NONE', #580, .T. ) ;
#835 = SURFACE_STYLE_USAGE ( .BOTH. , #2768 ) ;
#836 = ORIENTED_EDGE ( 'NONE', *, *, #3056, .T. ) ;
#837 = VECTOR ( 'NONE', #1553, 1000.000000000000000 ) ;
#838 = ADVANCED_FACE ( 'NONE', ( #1397 ), #179, .T. ) ;
#839 = ORIENTED_EDGE ( 'NONE', *, *, #2178, .T. ) ;
#840 = CARTESIAN_POINT ( 'NONE',  ( 1492.385844345800251, 412.1710100717002661, 0.5000000000000000000 ) ) ;
#841 = FACE_OUTER_BOUND ( 'NONE', #597, .T. ) ;
#842 = ORIENTED_EDGE ( 'NONE', *, *, #2841, .T. ) ;
#843 = LINE ( 'NONE', #2568, #1983 ) ;
#844 = EDGE_LOOP ( 'NONE', ( #3128, #2092, #996, #2300 ) ) ;
#845 = ORIENTED_EDGE ( 'NONE', *, *, #543, .T. ) ;
#846 = LINE ( 'NONE', #2584, #306 ) ;
#847 = PLANE ( 'NONE',  #2234 ) ;
#848 = CARTESIAN_POINT ( 'NONE',  ( 1498.276668184599885, 406.6500000000000909, 0.000000000000000000 ) ) ;
#849 = VERTEX_POINT ( 'NONE', #1452 ) ;
#850 = CARTESIAN_POINT ( 'NONE',  ( 1581.687538124400135, 410.0000000000000568, 0.000000000000000000 ) ) ;
#851 = CARTESIAN_POINT ( 'NONE',  ( 1505.668342581607476, 385.5000000000000000, 0.000000000000000000 ) ) ;
#852 = ORIENTED_EDGE ( 'NONE', *, *, #249, .F. ) ;
#853 = DIRECTION ( 'NONE',  ( -0.000000000000000000, -0.000000000000000000, -1.000000000000000000 ) ) ;
#854 = VECTOR ( 'NONE', #436, 1000.000000000000000 ) ;
#855 = FACE_OUTER_BOUND ( 'NONE', #1646, .T. ) ;
#856 = AXIS2_PLACEMENT_3D ( 'NONE', #2327, #111, #2530 ) ;
#857 = VERTEX_POINT ( 'NONE', #3139 ) ;
#858 = DIRECTION ( 'NONE',  ( 0.5000000000043951509, -0.8660254037819009598, 0.000000000000000000 ) ) ;
#859 = ORIENTED_EDGE ( 'NONE', *, *, #540, .T. ) ;
#860 = ORIENTED_EDGE ( 'NONE', *, *, #2875, .F. ) ;
#861 = AXIS2_PLACEMENT_3D ( 'NONE', #1445, #1937, #218 ) ;
#862 = PLANE ( 'NONE',  #821 ) ;
#863 = EDGE_CURVE ( 'NONE', #259, #193, #1438, .T. ) ;
#864 = CIRCLE ( 'NONE', #966, 0.4999999999999449329 ) ;
#865 = CARTESIAN_POINT ( 'NONE',  ( 1509.421119331399723, 389.9999999999998863, 0.5000000000000000000 ) ) ;
#866 = VECTOR ( 'NONE', #2072, 1000.000000000000000 ) ;
#867 = DIRECTION ( 'NONE',  ( -0.000000000000000000, -0.000000000000000000, -1.000000000000000000 ) ) ;
#868 = VERTEX_POINT ( 'NONE', #2397 ) ;
#869 = CARTESIAN_POINT ( 'NONE',  ( 1574.399676078600578, 402.8999999999998067, 0.000000000000000000 ) ) ;
#870 = CARTESIAN_POINT ( 'NONE',  ( 1503.443692952200081, 414.6710100717002661, 0.000000000000000000 ) ) ;
#871 = ORIENTED_EDGE ( 'NONE', *, *, #343, .T. ) ;
#872 = DIRECTION ( 'NONE',  ( 1.000000000000000000, 0.000000000000000000, 0.000000000000000000 ) ) ;
#873 = ORIENTED_EDGE ( 'NONE', *, *, #890, .T. ) ;
#874 = CARTESIAN_POINT ( 'NONE',  ( 1581.687538124400135, 390.5000000000000000, 0.000000000000000000 ) ) ;
#875 = EDGE_LOOP ( 'NONE', ( #1197, #1960, #1766, #809 ) ) ;
#876 = VECTOR ( 'NONE', #2881, 1000.000000000000000 ) ;
#877 = VECTOR ( 'NONE', #172, 1000.000000000000000 ) ;
#878 = CARTESIAN_POINT ( 'NONE',  ( 1483.044337567300317, 409.7500000000000000, 0.5000000000000000000 ) ) ;
#879 = EDGE_CURVE ( 'NONE', #134, #71, #166, .T. ) ;
#880 = DIRECTION ( 'NONE',  ( 0.3420201433284567605, 0.9396926207848935730, 0.000000000000000000 ) ) ;
#881 = ORIENTED_EDGE ( 'NONE', *, *, #1032, .T. ) ;
#882 = CARTESIAN_POINT ( 'NONE',  ( 1572.556322945000147, 403.2289899283998693, 0.000000000000000000 ) ) ;
#883 = ORIENTED_EDGE ( 'NONE', *, *, #2708, .T. ) ;
#884 = CARTESIAN_POINT ( 'NONE',  ( 1503.913539262579661, 414.5000000000002842, 0.000000000000000000 ) ) ;
#885 = DIRECTION ( 'NONE',  ( 0.000000000000000000, 0.000000000000000000, 1.000000000000000000 ) ) ;
#886 = CARTESIAN_POINT ( 'NONE',  ( 1574.832688780399849, 396.8500000000001364, 0.5000000000000000000 ) ) ;
#887 = VECTOR ( 'NONE', #1791, 1000.000000000000227 ) ;
#888 = ORIENTED_EDGE ( 'NONE', *, *, #301, .T. ) ;
#889 = DIRECTION ( 'NONE',  ( -0.000000000000000000, -0.000000000000000000, -1.000000000000000000 ) ) ;
#890 = EDGE_CURVE ( 'NONE', #2735, #1959, #2952, .T. ) ;
#891 = DIRECTION ( 'NONE',  ( 0.000000000000000000, 1.000000000000000000, 0.000000000000000000 ) ) ;
#892 = DIRECTION ( 'NONE',  ( 0.000000000000000000, 0.000000000000000000, 1.000000000000000000 ) ) ;
#893 = FACE_OUTER_BOUND ( 'NONE', #3181, .T. ) ;
#894 = CARTESIAN_POINT ( 'NONE',  ( 1495.043506677099913, 412.2500000000002274, 0.5000000000000000000 ) ) ;
#895 = ORIENTED_EDGE ( 'NONE', *, *, #75, .F. ) ;
#896 = LINE ( 'NONE', #1364, #366 ) ;
#897 = ORIENTED_EDGE ( 'NONE', *, *, #481, .T. ) ;
#898 = CARTESIAN_POINT ( 'NONE',  ( 1558.243845172200281, 385.3289899284000057, 0.5000000000000000000 ) ) ;
#899 = CARTESIAN_POINT ( 'NONE',  ( 1492.855690656199840, 412.5000000000002274, 0.000000000000000000 ) ) ;
#900 = LINE ( 'NONE', #1878, #1119 ) ;
#901 = EDGE_CURVE ( 'NONE', #518, #382, #2425, .T. ) ;
#902 = AXIS2_PLACEMENT_3D ( 'NONE', #963, #2654, #1176 ) ;
#903 = VERTEX_POINT ( 'NONE', #1628 ) ;
#904 = PLANE ( 'NONE',  #339 ) ;
#905 = DIRECTION ( 'NONE',  ( 0.3420201433284567605, -0.9396926207848935730, 0.000000000000000000 ) ) ;
#906 = AXIS2_PLACEMENT_3D ( 'NONE', #749, #2008, #2219 ) ;
#907 = ORIENTED_EDGE ( 'NONE', *, *, #919, .T. ) ;
#908 = PLANE ( 'NONE',  #1519 ) ;
#909 = ORIENTED_EDGE ( 'NONE', *, *, #2282, .F. ) ;
#910 = CARTESIAN_POINT ( 'NONE',  ( 1558.243845172200281, 385.3289899284000057, 0.000000000000000000 ) ) ;
#911 = EDGE_LOOP ( 'NONE', ( #1101, #1155, #1144, #922 ) ) ;
#912 = CARTESIAN_POINT ( 'NONE',  ( 1557.773998861820928, 414.5000000000003411, 0.000000000000000000 ) ) ;
#913 = VECTOR ( 'NONE', #3166, 1000.000000000000000 ) ;
#914 = EDGE_CURVE ( 'NONE', #903, #1690, #2545, .T. ) ;
#915 = DIRECTION ( 'NONE',  ( -1.000000000000000000, 0.000000000000000000, 0.000000000000000000 ) ) ;
#916 = EDGE_CURVE ( 'NONE', #3153, #2617, #2084, .T. ) ;
#917 = ADVANCED_FACE ( 'NONE', ( #1149 ), #908, .T. ) ;
#918 = CARTESIAN_POINT ( 'NONE',  ( 1561.134504104299822, 393.2710100716999477, 0.5000000000000000000 ) ) ;
#919 = EDGE_CURVE ( 'NONE', #170, #2945, #1423, .T. ) ;
#920 = EDGE_CURVE ( 'NONE', #273, #3112, #2616, .T. ) ;
#921 = VECTOR ( 'NONE', #593, 1000.000000000000000 ) ;
#922 = ORIENTED_EDGE ( 'NONE', *, *, #805, .T. ) ;
#923 = ORIENTED_EDGE ( 'NONE', *, *, #2178, .F. ) ;
#924 = CARTESIAN_POINT ( 'NONE',  ( 1498.709680886500109, 393.6000000000001364, 0.5000000000000000000 ) ) ;
#925 = EDGE_CURVE ( 'NONE', #2393, #99, #1409, .T. ) ;
#926 = EDGE_CURVE ( 'NONE', #2980, #2889, #345, .T. ) ;
#927 = DIRECTION ( 'NONE',  ( -0.000000000000000000, -0.000000000000000000, -1.000000000000000000 ) ) ;
#928 = VECTOR ( 'NONE', #3010, 1000.000000000000000 ) ;
#929 = DIRECTION ( 'NONE',  ( 0.3420201433252256229, -0.9396926207860697433, 0.000000000000000000 ) ) ;
#930 = VERTEX_POINT ( 'NONE', #1195 ) ;
#931 = AXIS2_PLACEMENT_3D ( 'NONE', #2790, #2716, #268 ) ;
#932 = CARTESIAN_POINT ( 'NONE',  ( 1505.668342581600200, 415.0000000000002274, 0.5000000000000000000 ) ) ;
#933 = ORIENTED_EDGE ( 'NONE', *, *, #1394, .F. ) ;
#934 = DIRECTION ( 'NONE',  ( 1.000000000000000000, 0.000000000000000000, 0.000000000000000000 ) ) ;
#935 = CARTESIAN_POINT ( 'NONE',  ( 1498.709680886500109, 406.4000000000000909, 0.5000000000000000000 ) ) ;
#936 = DIRECTION ( 'NONE',  ( 1.000000000000000000, 0.000000000000000000, 0.000000000000000000 ) ) ;
#937 = CARTESIAN_POINT ( 'NONE',  ( 1561.604350414699411, 393.6000000000002501, 0.5000000000000000000 ) ) ;
#938 = ORIENTED_EDGE ( 'NONE', *, *, #1410, .T. ) ;
#939 = EDGE_CURVE ( 'NONE', #2710, #2085, #1928, .T. ) ;
#940 = ORIENTED_EDGE ( 'NONE', *, *, #1247, .T. ) ;
#941 = CARTESIAN_POINT ( 'NONE',  ( 1544.072525617499423, 410.0000000000000568, 0.5000000000000000000 ) ) ;
#942 = AXIS2_PLACEMENT_3D ( 'NONE', #1111, #3071, #2087 ) ;
#943 = CARTESIAN_POINT ( 'NONE',  ( 1492.855690656216211, 387.9999999999999432, 0.000000000000000000 ) ) ;
#944 = ORIENTED_EDGE ( 'NONE', *, *, #1073, .T. ) ;
#945 = CARTESIAN_POINT ( 'NONE',  ( 1579.076213258991856, 409.5000000000000000, 0.000000000000000000 ) ) ;
#946 = CARTESIAN_POINT ( 'NONE',  ( 1492.385844345800251, 412.1710100717002092, 0.5000000000000000000 ) ) ;
#947 = DIRECTION ( 'NONE',  ( -0.8660254037873799104, 0.4999999999949055751, 0.000000000000000000 ) ) ;
#948 = DIRECTION ( 'NONE',  ( 1.000000000000000000, 0.000000000000000000, 0.000000000000000000 ) ) ;
#949 = CARTESIAN_POINT ( 'NONE',  ( 1487.287862045792508, 403.3999999999999204, 0.5000000000000000000 ) ) ;
#950 = CARTESIAN_POINT ( 'NONE',  ( 1482.611324865400093, 410.0000000000000000, 0.5000000000000000000 ) ) ;
#951 = ADVANCED_FACE ( 'NONE', ( #717 ), #2676, .T. ) ;
#952 = ORIENTED_EDGE ( 'NONE', *, *, #824, .F. ) ;
#953 = ORIENTED_EDGE ( 'NONE', *, *, #1282, .F. ) ;
#954 = DIRECTION ( 'NONE',  ( -0.000000000000000000, -0.000000000000000000, -1.000000000000000000 ) ) ;
#955 = DIRECTION ( 'NONE',  ( 1.000000000000000000, 0.000000000000000000, 0.000000000000000000 ) ) ;
#956 = VERTEX_POINT ( 'NONE', #731 ) ;
#957 = AXIS2_PLACEMENT_3D ( 'NONE', #1354, #616, #2295 ) ;
#958 = CARTESIAN_POINT ( 'NONE',  ( 1480.000000000000000, 390.0000000000000000, 0.5000000000000000000 ) ) ;
#959 = CARTESIAN_POINT ( 'NONE',  ( 1500.553034020100540, 393.2710100716999477, 0.000000000000000000 ) ) ;
#960 = VECTOR ( 'NONE', #1076, 1000.000000000000000 ) ;
#961 = DIRECTION ( 'NONE',  ( 1.000000000000000000, 0.000000000000000000, 0.000000000000000000 ) ) ;
#962 = EDGE_CURVE ( 'NONE', #1372, #518, #2904, .T. ) ;
#963 = CARTESIAN_POINT ( 'NONE',  ( 1562.977857237908211, 393.1000000000000796, 0.5000000000000000000 ) ) ;
#964 = DIRECTION ( 'NONE',  ( -1.000000000000000000, 0.000000000000000000, 0.000000000000000000 ) ) ;
#965 = LINE ( 'NONE', #2285, #3066 ) ;
#966 = AXIS2_PLACEMENT_3D ( 'NONE', #55, #2239, #2928 ) ;
#967 = VERTEX_POINT ( 'NONE', #596 ) ;
#968 = ORIENTED_EDGE ( 'NONE', *, *, #619, .F. ) ;
#969 = FACE_OUTER_BOUND ( 'NONE', #2658, .T. ) ;
#970 = CARTESIAN_POINT ( 'NONE',  ( 1505.668342581600200, 415.0000000000002274, 0.5000000000000000000 ) ) ;
#971 = EDGE_CURVE ( 'NONE', #903, #1237, #2785, .T. ) ;
#972 = ORIENTED_EDGE ( 'NONE', *, *, #962, .F. ) ;
#973 = ADVANCED_FACE ( 'NONE', ( #282 ), #1008, .T. ) ;
#974 = CARTESIAN_POINT ( 'NONE',  ( 1503.913539262600580, 415.0000000000002842, 0.5000000000000000000 ) ) ;
#975 = PLANE ( 'NONE',  #649 ) ;
#976 = CARTESIAN_POINT ( 'NONE',  ( 1552.266418793015418, 411.0000000000000568, 0.5000000000000000000 ) ) ;
#977 = AXIS2_PLACEMENT_3D ( 'NONE', #2729, #2697, #2986 ) ;
#978 = FACE_OUTER_BOUND ( 'NONE', #1342, .T. ) ;
#979 = LINE ( 'NONE', #1957, #1677 ) ;
#980 = VERTEX_POINT ( 'NONE', #1999 ) ;
#981 = ORIENTED_EDGE ( 'NONE', *, *, #1924, .T. ) ;
#982 = ORIENTED_EDGE ( 'NONE', *, *, #1586, .T. ) ;
#983 = CARTESIAN_POINT ( 'NONE',  ( 1566.644031447200632, 412.2500000000002274, 0.5000000000000000000 ) ) ;
#984 = ORIENTED_EDGE ( 'NONE', *, *, #2725, .T. ) ;
#985 = EDGE_CURVE ( 'NONE', #774, #213, #56, .T. ) ;
#986 = VECTOR ( 'NONE', #2834, 1000.000000000000000 ) ;
#987 = ORIENTED_EDGE ( 'NONE', *, *, #1032, .F. ) ;
#988 = LINE ( 'NONE', #2459, #1642 ) ;
#989 = DIRECTION ( 'NONE',  ( -0.000000000000000000, -0.000000000000000000, -1.000000000000000000 ) ) ;
#990 = LINE ( 'NONE', #452, #1341 ) ;
#991 = CARTESIAN_POINT ( 'NONE',  ( 1578.643200557099817, 390.2500000000000000, 0.5000000000000000000 ) ) ;
#992 = CARTESIAN_POINT ( 'NONE',  ( 1557.773998861799782, 415.0000000000002842, 0.000000000000000000 ) ) ;
#993 = UNCERTAINTY_MEASURE_WITH_UNIT (LENGTH_MEASURE( 1.000000000000000082E-05 ), #2527, 'distance_accuracy_value', 'NONE');
#994 = ORIENTED_EDGE ( 'NONE', *, *, #1399, .T. ) ;
#995 = ORIENTED_EDGE ( 'NONE', *, *, #2909, .F. ) ;
#996 = ORIENTED_EDGE ( 'NONE', *, *, #433, .F. ) ;
#997 = EDGE_CURVE ( 'NONE', #64, #1977, #1250, .T. ) ;
#998 = DIRECTION ( 'NONE',  ( 0.000000000000000000, -1.000000000000000000, 0.000000000000000000 ) ) ;
#999 = VERTEX_POINT ( 'NONE', #1267 ) ;
#1000 = VERTEX_POINT ( 'NONE', #577 ) ;
#1001 = CARTESIAN_POINT ( 'NONE',  ( 1578.643200557099817, 390.2500000000000000, 0.5000000000000000000 ) ) ;
#1002 = VECTOR ( 'NONE', #889, 1000.000000000000000 ) ;
#1003 = CARTESIAN_POINT ( 'NONE',  ( 1557.773998861799782, 385.0000000000000000, 0.000000000000000000 ) ) ;
#1004 = DIRECTION ( 'NONE',  ( 0.8660254037873781341, 0.4999999999949086837, -0.000000000000000000 ) ) ;
#1005 = AXIS2_PLACEMENT_3D ( 'NONE', #1797, #128, #872 ) ;
#1006 = FACE_OUTER_BOUND ( 'NONE', #510, .T. ) ;
#1007 = DIRECTION ( 'NONE',  ( 0.000000000000000000, -0.000000000000000000, 1.000000000000000000 ) ) ;
#1008 = CYLINDRICAL_SURFACE ( 'NONE', #2135, 0.5000000000001669775 ) ;
#1009 = EDGE_CURVE ( 'NONE', #2520, #1818, #2223, .T. ) ;
#1010 = CIRCLE ( 'NONE', #504, 0.5000000000001669775 ) ;
#1011 = ORIENTED_EDGE ( 'NONE', *, *, #2306, .T. ) ;
#1012 = EDGE_CURVE ( 'NONE', #401, #2036, #769, .T. ) ;
#1013 = ORIENTED_EDGE ( 'NONE', *, *, #3073, .T. ) ;
#1014 = AXIS2_PLACEMENT_3D ( 'NONE', #1922, #2974, #1770 ) ;
#1015 = VECTOR ( 'NONE', #1641, 1000.000000000000000 ) ;
#1016 = CARTESIAN_POINT ( 'NONE',  ( 1494.610493975200825, 387.5000000000000000, 0.5000000000000000000 ) ) ;
#1017 = MANIFOLD_SOLID_BREP ( 'Boss-Extrude1', #1211 ) ;
#1018 = VERTEX_POINT ( 'NONE', #1793 ) ;
#1019 = EDGE_CURVE ( 'NONE', #1018, #2225, #2028, .T. ) ;
#1020 = ORIENTED_EDGE ( 'NONE', *, *, #2615, .T. ) ;
#1021 = DIRECTION ( 'NONE',  ( -1.000000000000000000, 0.000000000000000000, 0.000000000000000000 ) ) ;
#1022 = DIRECTION ( 'NONE',  ( 0.000000000000000000, -0.000000000000000000, 1.000000000000000000 ) ) ;
#1023 = CARTESIAN_POINT ( 'NONE',  ( 1552.266418792999730, 410.0000000000000000, 0.5000000000000000000 ) ) ;
#1024 = DIRECTION ( 'NONE',  ( 1.000000000000000000, 0.000000000000000000, 0.000000000000000000 ) ) ;
#1025 = CARTESIAN_POINT ( 'NONE',  ( 1492.385844345800251, 387.8289899284000626, 0.000000000000000000 ) ) ;
#1026 = EDGE_CURVE ( 'NONE', #849, #1657, #41, .T. ) ;
#1027 = CIRCLE ( 'NONE', #2968, 0.4999999999999449329 ) ;
#1028 = ORIENTED_EDGE ( 'NONE', *, *, #2271, .T. ) ;
#1029 = VECTOR ( 'NONE', #1576, 1000.000000000000000 ) ;
#1030 = ORIENTED_EDGE ( 'NONE', *, *, #2043, .T. ) ;
#1031 = LINE ( 'NONE', #2983, #3036 ) ;
#1032 = EDGE_CURVE ( 'NONE', #1237, #134, #757, .T. ) ;
#1033 = ORIENTED_EDGE ( 'NONE', *, *, #1899, .T. ) ;
#1034 = VERTEX_POINT ( 'NONE', #2734 ) ;
#1035 = DIRECTION ( 'NONE',  ( -1.000000000000000000, 0.000000000000000000, 0.000000000000000000 ) ) ;
#1036 = CARTESIAN_POINT ( 'NONE',  ( 1508.555093927600183, 389.5000000000000000, 0.000000000000000000 ) ) ;
#1037 = FACE_OUTER_BOUND ( 'NONE', #3178, .T. ) ;
#1038 = LINE ( 'NONE', #20, #744 ) ;
#1039 = DIRECTION ( 'NONE',  ( 1.000000000000000000, 0.000000000000000000, 0.000000000000000000 ) ) ;
#1040 = DIRECTION ( 'NONE',  ( 1.000000000000000000, 0.000000000000000000, 0.000000000000000000 ) ) ;
#1041 = ADVANCED_FACE ( 'NONE', ( #319 ), #546, .F. ) ;
#1042 = ORIENTED_EDGE ( 'NONE', *, *, #1722, .F. ) ;
#1043 = EDGE_LOOP ( 'NONE', ( #3021, #788, #1539, #2433 ) ) ;
#1044 = VERTEX_POINT ( 'NONE', #1775 ) ;
#1045 = EDGE_CURVE ( 'NONE', #2529, #849, #2855, .T. ) ;
#1046 = CARTESIAN_POINT ( 'NONE',  ( 1503.913539262579661, 414.5000000000002842, 0.000000000000000000 ) ) ;
#1047 = ORIENTED_EDGE ( 'NONE', *, *, #2160, .F. ) ;
#1048 = EDGE_CURVE ( 'NONE', #657, #1873, #398, .T. ) ;
#1049 = EDGE_LOOP ( 'NONE', ( #127, #2548, #3013, #2931 ) ) ;
#1050 = VERTEX_POINT ( 'NONE', #3045 ) ;
#1051 = CARTESIAN_POINT ( 'NONE',  ( 1574.399676078507582, 403.3999999999998067, 0.5000000000000000000 ) ) ;
#1052 = ADVANCED_FACE ( 'NONE', ( #629 ), #644, .T. ) ;
#1053 = LINE ( 'NONE', #67, #1059 ) ;
#1054 = CARTESIAN_POINT ( 'NONE',  ( 1579.076213259000269, 390.0000000000000568, 0.5000000000000000000 ) ) ;
#1055 = AXIS2_PLACEMENT_3D ( 'NONE', #2599, #892, #411 ) ;
#1056 = CARTESIAN_POINT ( 'NONE',  ( 1567.077044149092899, 388.0000000000001137, 0.5000000000000000000 ) ) ;
#1057 = CARTESIAN_POINT ( 'NONE',  ( 1495.043506677099913, 412.2500000000002274, 0.5000000000000000000 ) ) ;
#1058 = DIRECTION ( 'NONE',  ( 0.000000000000000000, 0.000000000000000000, 1.000000000000000000 ) ) ;
#1059 = VECTOR ( 'NONE', #813, 1000.000000000000000 ) ;
#1060 = ORIENTED_EDGE ( 'NONE', *, *, #1009, .F. ) ;
#1061 = ORIENTED_EDGE ( 'NONE', *, *, #3086, .T. ) ;
#1062 = CARTESIAN_POINT ( 'NONE',  ( 1482.611324865408278, 390.5000000000000000, 0.5000000000000000000 ) ) ;
#1063 = VECTOR ( 'NONE', #1643, 1000.000000000000000 ) ;
#1064 = ORIENTED_EDGE ( 'NONE', *, *, #230, .T. ) ;
#1065 = CIRCLE ( 'NONE', #87, 0.4999999999999449329 ) ;
#1066 = CARTESIAN_POINT ( 'NONE',  ( 1509.421119331399723, 389.9999999999998863, 0.000000000000000000 ) ) ;
#1067 = EDGE_LOOP ( 'NONE', ( #59, #1482, #110, #585 ) ) ;
#1068 = EDGE_LOOP ( 'NONE', ( #3031, #2847, #488, #871 ) ) ;
#1069 = DIRECTION ( 'NONE',  ( 0.000000000000000000, 0.000000000000000000, 1.000000000000000000 ) ) ;
#1070 = CARTESIAN_POINT ( 'NONE',  ( 1505.668342581608385, 414.5000000000001705, 0.000000000000000000 ) ) ;
#1071 = VECTOR ( 'NONE', #3060, 1000.000000000000000 ) ;
#1072 = CARTESIAN_POINT ( 'NONE',  ( 1574.399676078507582, 396.6000000000000227, 0.5000000000000000000 ) ) ;
#1073 = EDGE_CURVE ( 'NONE', #1958, #275, #502, .T. ) ;
#1074 = CARTESIAN_POINT ( 'NONE',  ( 1557.773998861799782, 385.0000000000000000, 0.5000000000000000000 ) ) ;
#1075 = CARTESIAN_POINT ( 'NONE',  ( 1480.000000000000000, 390.0000000000000000, 0.5000000000000000000 ) ) ;
#1076 = DIRECTION ( 'NONE',  ( -0.000000000000000000, -0.000000000000000000, -1.000000000000000000 ) ) ;
#1077 = CIRCLE ( 'NONE', #514, 0.4999999999999449329 ) ;
#1078 = ORIENTED_EDGE ( 'NONE', *, *, #1688, .F. ) ;
#1079 = ORIENTED_EDGE ( 'NONE', *, *, #2462, .F. ) ;
#1080 = LINE ( 'NONE', #840, #1516 ) ;
#1081 = DIRECTION ( 'NONE',  ( 0.000000000000000000, 0.000000000000000000, 1.000000000000000000 ) ) ;
#1082 = AXIS2_PLACEMENT_3D ( 'NONE', #186, #1187, #1175 ) ;
#1083 = ORIENTED_EDGE ( 'NONE', *, *, #543, .F. ) ;
#1084 = CYLINDRICAL_SURFACE ( 'NONE', #931, 0.5000000000001669775 ) ;
#1085 = VERTEX_POINT ( 'NONE', #899 ) ;
#1086 = ORIENTED_EDGE ( 'NONE', *, *, #2857, .F. ) ;
#1087 = CARTESIAN_POINT ( 'NONE',  ( 1578.643200557099817, 409.7500000000000568, 0.5000000000000000000 ) ) ;
#1088 = CARTESIAN_POINT ( 'NONE',  ( 1562.977857237900253, 406.4000000000000341, 0.5000000000000000000 ) ) ;
#1089 = DIRECTION ( 'NONE',  ( -0.000000000000000000, -0.000000000000000000, -1.000000000000000000 ) ) ;
#1090 = ORIENTED_EDGE ( 'NONE', *, *, #1658, .F. ) ;
#1091 = CARTESIAN_POINT ( 'NONE',  ( 1572.556322945000147, 403.2289899283998693, 0.5000000000000000000 ) ) ;
#1092 = CYLINDRICAL_SURFACE ( 'NONE', #1640, 0.4999999999999449329 ) ;
#1093 = VECTOR ( 'NONE', #2047, 1000.000000000000114 ) ;
#1094 = VERTEX_POINT ( 'NONE', #1587 ) ;
#1095 = CARTESIAN_POINT ( 'NONE',  ( 1544.072525617500332, 389.9999999999999432, 0.5000000000000000000 ) ) ;
#1096 = LINE ( 'NONE', #1303, #1241 ) ;
#1097 = ADVANCED_FACE ( 'NONE', ( #1648 ), #1092, .T. ) ;
#1098 = ORIENTED_EDGE ( 'NONE', *, *, #1390, .T. ) ;
#1099 = DIRECTION ( 'NONE',  ( 1.000000000000000000, 0.000000000000000000, 0.000000000000000000 ) ) ;
#1100 = ORIENTED_EDGE ( 'NONE', *, *, #2193, .F. ) ;
#1101 = ORIENTED_EDGE ( 'NONE', *, *, #2487, .F. ) ;
#1102 = CARTESIAN_POINT ( 'NONE',  ( 1498.276668184599885, 406.6500000000000909, 0.5000000000000000000 ) ) ;
#1103 = CARTESIAN_POINT ( 'NONE',  ( 1506.101355283500425, 414.7500000000002274, 0.000000000000000000 ) ) ;
#1104 = FACE_OUTER_BOUND ( 'NONE', #2406, .T. ) ;
#1105 = ORIENTED_EDGE ( 'NONE', *, *, #7, .F. ) ;
#1106 = CARTESIAN_POINT ( 'NONE',  ( 1572.556322945000147, 396.7710100716999477, 0.5000000000000000000 ) ) ;
#1107 = DIRECTION ( 'NONE',  ( 1.000000000000000000, 0.000000000000000000, 0.000000000000000000 ) ) ;
#1108 = ORIENTED_EDGE ( 'NONE', *, *, #341, .T. ) ;
#1109 = FACE_OUTER_BOUND ( 'NONE', #1550, .T. ) ;
#1110 = CIRCLE ( 'NONE', #2484, 0.4999999999999449329 ) ;
#1111 = CARTESIAN_POINT ( 'NONE',  ( 1492.855690656216211, 387.9999999999999432, 0.5000000000000000000 ) ) ;
#1112 = EDGE_CURVE ( 'NONE', #2333, #2621, #1392, .T. ) ;
#1113 = VECTOR ( 'NONE', #1369, 1000.000000000000000 ) ;
#1114 = VERTEX_POINT ( 'NONE', #1893 ) ;
#1115 = AXIS2_PLACEMENT_3D ( 'NONE', #2478, #1058, #1760 ) ;
#1116 = DIRECTION ( 'NONE',  ( -1.000000000000000000, 0.000000000000000000, 0.000000000000000000 ) ) ;
#1117 = EDGE_LOOP ( 'NONE', ( #2838, #2817, #16, #1509 ) ) ;
#1118 = CARTESIAN_POINT ( 'NONE',  ( 1498.276668184599885, 406.6500000000000909, 0.5000000000000000000 ) ) ;
#1119 = VECTOR ( 'NONE', #2609, 1000.000000000000000 ) ;
#1120 = DIRECTION ( 'NONE',  ( -0.000000000000000000, -0.000000000000000000, -1.000000000000000000 ) ) ;
#1121 = DIRECTION ( 'NONE',  ( -0.000000000000000000, -0.000000000000000000, -1.000000000000000000 ) ) ;
#1122 = EDGE_LOOP ( 'NONE', ( #3121, #2519, #2726, #1449 ) ) ;
#1123 = CARTESIAN_POINT ( 'NONE',  ( 1494.610493975207874, 412.0000000000003411, 0.000000000000000000 ) ) ;
#1124 = DIRECTION ( 'NONE',  ( 0.8660254037819010708, 0.5000000000043952619, -0.000000000000000000 ) ) ;
#1125 = EDGE_CURVE ( 'NONE', #2103, #305, #2578, .T. ) ;
#1126 = CARTESIAN_POINT ( 'NONE',  ( 1492.855690656179831, 412.0000000000002274, 0.5000000000000000000 ) ) ;
#1127 = EDGE_LOOP ( 'NONE', ( #698, #1301, #1784, #2559 ) ) ;
#1128 = VECTOR ( 'NONE', #2891, 1000.000000000000000 ) ;
#1129 = DIRECTION ( 'NONE',  ( -0.000000000000000000, -0.000000000000000000, -1.000000000000000000 ) ) ;
#1130 = ADVANCED_FACE ( 'NONE', ( #2066 ), #1877, .F. ) ;
#1131 = CARTESIAN_POINT ( 'NONE',  ( 1506.101355283499743, 385.2500000000000000, 0.5000000000000000000 ) ) ;
#1132 = CARTESIAN_POINT ( 'NONE',  ( 1573.026169255379727, 396.6000000000001364, 0.5000000000000000000 ) ) ;
#1133 = VECTOR ( 'NONE', #183, 1000.000000000000000 ) ;
#1134 = CARTESIAN_POINT ( 'NONE',  ( 1503.443692952200081, 385.3289899284000057, 0.5000000000000000000 ) ) ;
#1135 = CARTESIAN_POINT ( 'NONE',  ( 1503.913539262600580, 384.9999999999998863, 0.5000000000000000000 ) ) ;
#1136 = ORIENTED_EDGE ( 'NONE', *, *, #914, .F. ) ;
#1137 = EDGE_CURVE ( 'NONE', #373, #2499, #2820, .T. ) ;
#1138 = CARTESIAN_POINT ( 'NONE',  ( 1506.101355283499743, 385.2500000000000000, 0.5000000000000000000 ) ) ;
#1139 = ORIENTED_EDGE ( 'NONE', *, *, #1048, .T. ) ;
#1140 = CARTESIAN_POINT ( 'NONE',  ( 1561.134504104299822, 406.7289899284002104, 0.000000000000000000 ) ) ;
#1141 = DIRECTION ( 'NONE',  ( 0.000000000000000000, 0.000000000000000000, 1.000000000000000000 ) ) ;
#1142 = DIRECTION ( 'NONE',  ( -0.4999999999928022576, 0.8660254037885941614, 0.000000000000000000 ) ) ;
#1143 = CIRCLE ( 'NONE', #2163, 0.4999999999999449329 ) ;
#1144 = ORIENTED_EDGE ( 'NONE', *, *, #1431, .T. ) ;
#1145 = LINE ( 'NONE', #2746, #1163 ) ;
#1146 = CARTESIAN_POINT ( 'NONE',  ( 1555.586182840799893, 414.7500000000002274, 0.5000000000000000000 ) ) ;
#1147 = CARTESIAN_POINT ( 'NONE',  ( 1492.385844345800251, 412.1710100717002092, 0.000000000000000000 ) ) ;
#1148 = EDGE_CURVE ( 'NONE', #2483, #2326, #100, .T. ) ;
#1149 = FACE_OUTER_BOUND ( 'NONE', #2934, .T. ) ;
#1150 = EDGE_CURVE ( 'NONE', #273, #3095, #2853, .T. ) ;
#1151 = PRODUCT_RELATED_PRODUCT_CATEGORY ( 'part', '', ( #413 ) ) ;
#1152 = ORIENTED_EDGE ( 'NONE', *, *, #2165, .T. ) ;
#1153 = ADVANCED_FACE ( 'NONE', ( #2592 ), #2115, .T. ) ;
#1154 = DIRECTION ( 'NONE',  ( 1.000000000000000000, 0.000000000000000000, 0.000000000000000000 ) ) ;
#1155 = ORIENTED_EDGE ( 'NONE', *, *, #2055, .F. ) ;
#1156 = CARTESIAN_POINT ( 'NONE',  ( 1503.443692952200081, 414.6710100717002661, 0.000000000000000000 ) ) ;
#1157 = CARTESIAN_POINT ( 'NONE',  ( 1488.661368868999944, 397.1000000000001364, 0.5000000000000000000 ) ) ;
#1158 = AXIS2_PLACEMENT_3D ( 'NONE', #269, #2960, #1312 ) ;
#1159 = EDGE_CURVE ( 'NONE', #324, #634, #3100, .T. ) ;
#1160 = CARTESIAN_POINT ( 'NONE',  ( 1487.287862045800011, 402.8999999999998636, 0.000000000000000000 ) ) ;
#1161 = EDGE_LOOP ( 'NONE', ( #3014, #1782, #503, #3061 ) ) ;
#1162 = ORIENTED_EDGE ( 'NONE', *, *, #2757, .F. ) ;
#1163 = VECTOR ( 'NONE', #2780, 1000.000000000000000 ) ;
#1164 = FACE_OUTER_BOUND ( 'NONE', #1122, .T. ) ;
#1165 = FACE_OUTER_BOUND ( 'NONE', #654, .T. ) ;
#1166 = CARTESIAN_POINT ( 'NONE',  ( 1558.243845172200281, 414.6710100717002661, 0.000000000000000000 ) ) ;
#1167 = VECTOR ( 'NONE', #1985, 1000.000000000000000 ) ;
#1168 = ORIENTED_EDGE ( 'NONE', *, *, #481, .F. ) ;
#1169 = CARTESIAN_POINT ( 'NONE',  ( 1563.410869939800705, 393.3500000000001364, 0.000000000000000000 ) ) ;
#1170 = ORIENTED_EDGE ( 'NONE', *, *, #507, .T. ) ;
#1171 = AXIS2_PLACEMENT_3D ( 'NONE', #2765, #814, #1544 ) ;
#1172 = DIRECTION ( 'NONE',  ( 0.000000000000000000, 0.000000000000000000, 1.000000000000000000 ) ) ;
#1173 = AXIS2_PLACEMENT_3D ( 'NONE', #1854, #891, #443 ) ;
#1174 = EDGE_CURVE ( 'NONE', #535, #261, #2048, .T. ) ;
#1175 = DIRECTION ( 'NONE',  ( 1.000000000000000000, 0.000000000000000000, 0.000000000000000000 ) ) ;
#1176 = DIRECTION ( 'NONE',  ( -1.000000000000000000, 0.000000000000000000, 0.000000000000000000 ) ) ;
#1177 = CARTESIAN_POINT ( 'NONE',  ( 1557.773998861799782, 415.0000000000002842, 0.5000000000000000000 ) ) ;
#1178 = EDGE_LOOP ( 'NONE', ( #2272, #2695, #1715, #2166 ) ) ;
#1179 = EDGE_LOOP ( 'NONE', ( #618, #3002, #197, #2650 ) ) ;
#1180 = CARTESIAN_POINT ( 'NONE',  ( 1486.854849343900241, 396.8500000000001364, 0.5000000000000000000 ) ) ;
#1181 = DIRECTION ( 'NONE',  ( 0.000000000000000000, 0.000000000000000000, 1.000000000000000000 ) ) ;
#1182 = VECTOR ( 'NONE', #1659, 1000.000000000000000 ) ;
#1183 = ORIENTED_EDGE ( 'NONE', *, *, #2226, .F. ) ;
#1184 = DIRECTION ( 'NONE',  ( 0.3420201433252340606, 0.9396926207860665237, 0.000000000000000000 ) ) ;
#1185 = DIRECTION ( 'NONE',  ( -0.000000000000000000, -0.000000000000000000, -1.000000000000000000 ) ) ;
#1186 = EDGE_CURVE ( 'NONE', #2058, #2786, #1635, .T. ) ;
#1187 = DIRECTION ( 'NONE',  ( 0.000000000000000000, 0.000000000000000000, 1.000000000000000000 ) ) ;
#1188 = CARTESIAN_POINT ( 'NONE',  ( 1492.385844345800251, 387.8289899284000626, 0.5000000000000000000 ) ) ;
#1189 = DIRECTION ( 'NONE',  ( -1.000000000000000000, 0.000000000000000000, 0.000000000000000000 ) ) ;
#1190 = ORIENTED_EDGE ( 'NONE', *, *, #1990, .F. ) ;
#1191 = ORIENTED_EDGE ( 'NONE', *, *, #683, .F. ) ;
#1192 = DIRECTION ( 'NONE',  ( 0.000000000000000000, 1.000000000000000000, 0.000000000000000000 ) ) ;
#1193 = EDGE_CURVE ( 'NONE', #213, #1050, #2128, .T. ) ;
#1194 = AXIS2_PLACEMENT_3D ( 'NONE', #2550, #1833, #95 ) ;
#1195 = CARTESIAN_POINT ( 'NONE',  ( 1562.977857237900253, 393.6000000000001933, 0.000000000000000000 ) ) ;
#1196 = ADVANCED_FACE ( 'NONE', ( #390 ), #2821, .T. ) ;
#1197 = ORIENTED_EDGE ( 'NONE', *, *, #1849, .T. ) ;
#1198 = FACE_OUTER_BOUND ( 'NONE', #2294, .T. ) ;
#1199 = DIRECTION ( 'NONE',  ( 0.000000000000000000, 1.000000000000000000, 0.000000000000000000 ) ) ;
#1200 = DIRECTION ( 'NONE',  ( -0.000000000000000000, -0.000000000000000000, -1.000000000000000000 ) ) ;
#1201 = CARTESIAN_POINT ( 'NONE',  ( 1500.083187709700042, 393.6000000000001933, 0.000000000000000000 ) ) ;
#1202 = LINE ( 'NONE', #1433, #2342 ) ;
#1203 = DIRECTION ( 'NONE',  ( 1.000000000000000000, 0.000000000000000000, 0.000000000000000000 ) ) ;
#1204 = VERTEX_POINT ( 'NONE', #358 ) ;
#1205 = VERTEX_POINT ( 'NONE', #109 ) ;
#1206 = DIRECTION ( 'NONE',  ( 0.000000000000000000, 0.000000000000000000, 1.000000000000000000 ) ) ;
#1207 = ADVANCED_FACE ( 'NONE', ( #467 ), #253, .F. ) ;
#1208 = DIRECTION ( 'NONE',  ( -0.3420201433252255119, 0.9396926207860697433, 0.000000000000000000 ) ) ;
#1209 = AXIS2_PLACEMENT_3D ( 'NONE', #1769, #1279, #480 ) ;
#1210 = VERTEX_POINT ( 'NONE', #2192 ) ;
#1211 = CLOSED_SHELL ( 'NONE', ( #1822, #386, #2522, #2347, #2573, #1052, #2067, #632, #1252, #3092, #1041, #1737, #1368, #1457, #486, #2967, #363, #2587, #209, #3151, #1813, #1336, #2862, #2516, #90, #1815, #1942, #2830, #689, #1386, #2682, #688, #2814, #2921, #815, #1536, #1196, #1613, #579, #2174, #1434, #407, #2265, #917, #328, #177, #714, #2083, #2206, #1130, #63, #3163, #973, #1785, #1356, #1490, #3169, #2278, #3094, #723, #2656, #1153, #61, #1467, #951, #2402, #590, #603, #668, #2854, #2017, #217, #2728, #1637, #680, #2770, #1831, #2982, #2691, #838, #701, #568, #3022, #245, #1207, #138, #2345, #2095, #2987, #777, #1097, #493, #1620, #2029 ) ) ;
#1212 = CYLINDRICAL_SURFACE ( 'NONE', #1850, 0.4999999999999449329 ) ;
#1213 = CARTESIAN_POINT ( 'NONE',  ( 1530.843769062199726, 425.0000000000205773, 0.5000000000000000000 ) ) ;
#1214 = AXIS2_PLACEMENT_3D ( 'NONE', #614, #1124, #3084 ) ;
#1215 = DIRECTION ( 'NONE',  ( -1.000000000000000000, 0.000000000000000000, 0.000000000000000000 ) ) ;
#1216 = LINE ( 'NONE', #2683, #2644 ) ;
#1217 = VECTOR ( 'NONE', #116, 1000.000000000000114 ) ;
#1218 = CARTESIAN_POINT ( 'NONE',  ( 1552.266418793015418, 411.0000000000000568, 0.000000000000000000 ) ) ;
#1219 = FACE_OUTER_BOUND ( 'NONE', #1685, .T. ) ;
#1220 = AXIS2_PLACEMENT_3D ( 'NONE', #1218, #2195, #1636 ) ;
#1221 = VERTEX_POINT ( 'NONE', #935 ) ;
#1222 = ORIENTED_EDGE ( 'NONE', *, *, #920, .F. ) ;
#1223 = EDGE_CURVE ( 'NONE', #1204, #980, #3173, .T. ) ;
#1224 = ORIENTED_EDGE ( 'NONE', *, *, #790, .F. ) ;
#1225 = CARTESIAN_POINT ( 'NONE',  ( 1582.187538124400135, 390.5000000000000000, 0.5000000000000000000 ) ) ;
#1226 = ORIENTED_EDGE ( 'NONE', *, *, #655, .T. ) ;
#1227 = ORIENTED_EDGE ( 'NONE', *, *, #1875, .F. ) ;
#1228 = CARTESIAN_POINT ( 'NONE',  ( 1480.000000000000000, 409.5000000000000568, 0.000000000000000000 ) ) ;
#1229 = CARTESIAN_POINT ( 'NONE',  ( 1500.553034020100540, 393.2710100716999477, 0.5000000000000000000 ) ) ;
#1230 = AXIS2_PLACEMENT_3D ( 'NONE', #2794, #2319, #119 ) ;
#1231 = DIRECTION ( 'NONE',  ( 0.000000000000000000, 0.000000000000000000, 1.000000000000000000 ) ) ;
#1232 = CIRCLE ( 'NONE', #1996, 1.000000000000111910 ) ;
#1233 = EDGE_CURVE ( 'NONE', #999, #1811, #2250, .T. ) ;
#1234 = AXIS2_PLACEMENT_3D ( 'NONE', #2232, #35, #1021 ) ;
#1235 = DIRECTION ( 'NONE',  ( 1.000000000000000000, 0.000000000000000000, 0.000000000000000000 ) ) ;
#1236 = DIRECTION ( 'NONE',  ( -0.000000000000000000, -0.000000000000000000, -1.000000000000000000 ) ) ;
#1237 = VERTEX_POINT ( 'NONE', #2667 ) ;
#1238 = VERTEX_POINT ( 'NONE', #6 ) ;
#1239 = CARTESIAN_POINT ( 'NONE',  ( 1566.644031447200632, 412.2500000000002274, 0.5000000000000000000 ) ) ;
#1240 = VERTEX_POINT ( 'NONE', #2429 ) ;
#1241 = VECTOR ( 'NONE', #2243, 1000.000000000000000 ) ;
#1242 = ORIENTED_EDGE ( 'NONE', *, *, #2453, .F. ) ;
#1243 = LINE ( 'NONE', #2264, #2102 ) ;
#1244 = EDGE_CURVE ( 'NONE', #1912, #2273, #1473, .T. ) ;
#1245 = CARTESIAN_POINT ( 'NONE',  ( 1582.187538124400135, 409.5000000000000568, 0.000000000000000000 ) ) ;
#1246 = DIRECTION ( 'NONE',  ( -0.4999999999949086837, 0.8660254037873781341, 0.000000000000000000 ) ) ;
#1247 = EDGE_CURVE ( 'NONE', #2434, #2686, #1232, .T. ) ;
#1248 = CARTESIAN_POINT ( 'NONE',  ( 1581.687538124400135, 390.0000000000000000, 0.000000000000000000 ) ) ;
#1249 = FACE_OUTER_BOUND ( 'NONE', #326, .T. ) ;
#1250 = LINE ( 'NONE', #2049, #3116 ) ;
#1251 = ORIENTED_EDGE ( 'NONE', *, *, #1718, .F. ) ;
#1252 = ADVANCED_FACE ( 'NONE', ( #2925 ), #736, .T. ) ;
#1253 = VERTEX_POINT ( 'NONE', #200 ) ;
#1254 = CARTESIAN_POINT ( 'NONE',  ( 1574.399676078600578, 397.1000000000001364, 0.000000000000000000 ) ) ;
#1255 = ORIENTED_EDGE ( 'NONE', *, *, #2598, .F. ) ;
#1256 = ORIENTED_EDGE ( 'NONE', *, *, #2390, .F. ) ;
#1257 = EDGE_CURVE ( 'NONE', #1959, #999, #990, .T. ) ;
#1258 = DIRECTION ( 'NONE',  ( -0.000000000000000000, -0.000000000000000000, -1.000000000000000000 ) ) ;
#1259 = VECTOR ( 'NONE', #2134, 1000.000000000000000 ) ;
#1260 = LINE ( 'NONE', #1993, #2022 ) ;
#1261 = DIRECTION ( 'NONE',  ( -0.000000000000000000, -0.000000000000000000, -1.000000000000000000 ) ) ;
#1262 = CIRCLE ( 'NONE', #3057, 0.5000000000001669775 ) ;
#1263 = DIRECTION ( 'NONE',  ( 1.000000000000000000, 0.000000000000000000, 0.000000000000000000 ) ) ;
#1264 = DIRECTION ( 'NONE',  ( 0.000000000000000000, 1.000000000000000000, 0.000000000000000000 ) ) ;
#1265 = EDGE_CURVE ( 'NONE', #2659, #2916, #773, .T. ) ;
#1266 =( GEOMETRIC_REPRESENTATION_CONTEXT ( 3 ) GLOBAL_UNCERTAINTY_ASSIGNED_CONTEXT ( ( #993 ) ) GLOBAL_UNIT_ASSIGNED_CONTEXT ( ( #2527, #533, #2510 ) ) REPRESENTATION_CONTEXT ( 'NONE', 'WORKASPACE' ) );
#1267 = CARTESIAN_POINT ( 'NONE',  ( 1494.610493975200825, 387.5000000000000000, 0.000000000000000000 ) ) ;
#1268 = VERTEX_POINT ( 'NONE', #2939 ) ;
#1269 = AXIS2_PLACEMENT_3D ( 'NONE', #2146, #1649, #1432 ) ;
#1270 = ORIENTED_EDGE ( 'NONE', *, *, #985, .F. ) ;
#1271 = CIRCLE ( 'NONE', #1378, 0.4999999999999449329 ) ;
#1272 = VECTOR ( 'NONE', #858, 1000.000000000000114 ) ;
#1273 = CARTESIAN_POINT ( 'NONE',  ( 1483.044337567300317, 409.7500000000000000, 0.5000000000000000000 ) ) ;
#1274 = ORIENTED_EDGE ( 'NONE', *, *, #1955, .F. ) ;
#1275 = VERTEX_POINT ( 'NONE', #1456 ) ;
#1276 = DIRECTION ( 'NONE',  ( 1.000000000000000000, 0.000000000000000000, 0.000000000000000000 ) ) ;
#1277 = EDGE_CURVE ( 'NONE', #3068, #2465, #3020, .T. ) ;
#1278 = APPLICATION_CONTEXT ( 'automotive_design' ) ;
#1279 = DIRECTION ( 'NONE',  ( 0.000000000000000000, 0.000000000000000000, 1.000000000000000000 ) ) ;
#1280 = DIRECTION ( 'NONE',  ( 0.000000000000000000, 0.000000000000000000, 1.000000000000000000 ) ) ;
#1281 = CARTESIAN_POINT ( 'NONE',  ( 1480.000000000000000, 390.5000000000000000, 0.5000000000000000000 ) ) ;
#1282 = EDGE_CURVE ( 'NONE', #1044, #305, #750, .T. ) ;
#1283 = CARTESIAN_POINT ( 'NONE',  ( 1492.855690656199840, 412.5000000000002274, 0.000000000000000000 ) ) ;
#1284 = DIRECTION ( 'NONE',  ( 0.000000000000000000, 0.000000000000000000, 1.000000000000000000 ) ) ;
#1285 = ORIENTED_EDGE ( 'NONE', *, *, #1955, .T. ) ;
#1286 = ORIENTED_EDGE ( 'NONE', *, *, #3149, .F. ) ;
#1287 = AXIS2_PLACEMENT_3D ( 'NONE', #229, #437, #1444 ) ;
#1288 = ORIENTED_EDGE ( 'NONE', *, *, #1193, .F. ) ;
#1289 = LINE ( 'NONE', #1591, #1297 ) ;
#1290 = EDGE_CURVE ( 'NONE', #2140, #478, #2403, .T. ) ;
#1291 = ORIENTED_EDGE ( 'NONE', *, *, #2439, .F. ) ;
#1292 = ORIENTED_EDGE ( 'NONE', *, *, #2145, .T. ) ;
#1293 = ORIENTED_EDGE ( 'NONE', *, *, #1714, .T. ) ;
#1294 = CARTESIAN_POINT ( 'NONE',  ( 1492.855690656199840, 412.5000000000002274, 0.5000000000000000000 ) ) ;
#1295 = CARTESIAN_POINT ( 'NONE',  ( 1495.043506677099913, 412.2500000000002274, 0.000000000000000000 ) ) ;
#1296 = CARTESIAN_POINT ( 'NONE',  ( 1552.266418792999730, 390.0000000000000000, 0.5000000000000000000 ) ) ;
#1297 = VECTOR ( 'NONE', #1319, 1000.000000000000000 ) ;
#1298 = CARTESIAN_POINT ( 'NONE',  ( 1500.083187709700042, 406.4000000000000909, 0.000000000000000000 ) ) ;
#1299 = CARTESIAN_POINT ( 'NONE',  ( 1488.661368868999944, 397.1000000000001364, 0.000000000000000000 ) ) ;
#1300 = DIRECTION ( 'NONE',  ( 1.000000000000000000, 0.000000000000000000, 0.000000000000000000 ) ) ;
#1301 = ORIENTED_EDGE ( 'NONE', *, *, #2717, .F. ) ;
#1302 = ORIENTED_EDGE ( 'NONE', *, *, #1491, .F. ) ;
#1303 = CARTESIAN_POINT ( 'NONE',  ( 1581.687538124400135, 390.0000000000000000, 0.5000000000000000000 ) ) ;
#1304 = EDGE_LOOP ( 'NONE', ( #802, #1734, #392, #2280 ) ) ;
#1305 = EDGE_CURVE ( 'NONE', #1253, #1699, #367, .T. ) ;
#1306 = CIRCLE ( 'NONE', #1158, 0.4999999999999449329 ) ;
#1307 = ORIENTED_EDGE ( 'NONE', *, *, #1952, .T. ) ;
#1308 = ORIENTED_EDGE ( 'NONE', *, *, #349, .F. ) ;
#1309 = FACE_OUTER_BOUND ( 'NONE', #3072, .T. ) ;
#1310 = DIRECTION ( 'NONE',  ( 0.000000000000000000, 0.000000000000000000, 1.000000000000000000 ) ) ;
#1311 = PLANE ( 'NONE',  #2237 ) ;
#1312 = DIRECTION ( 'NONE',  ( 1.000000000000000000, 0.000000000000000000, 0.000000000000000000 ) ) ;
#1313 = LINE ( 'NONE', #1057, #165 ) ;
#1314 = CARTESIAN_POINT ( 'NONE',  ( 1574.399676078600578, 397.1000000000001364, 0.5000000000000000000 ) ) ;
#1315 = AXIS2_PLACEMENT_3D ( 'NONE', #1787, #1528, #1327 ) ;
#1316 = ORIENTED_EDGE ( 'NONE', *, *, #462, .T. ) ;
#1317 = ORIENTED_EDGE ( 'NONE', *, *, #1944, .T. ) ;
#1318 = DIRECTION ( 'NONE',  ( -0.000000000000000000, -0.000000000000000000, -1.000000000000000000 ) ) ;
#1319 = DIRECTION ( 'NONE',  ( -0.000000000000000000, -0.000000000000000000, -1.000000000000000000 ) ) ;
#1320 = EDGE_CURVE ( 'NONE', #1554, #1497, #2144, .T. ) ;
#1321 = ORIENTED_EDGE ( 'NONE', *, *, #1350, .T. ) ;
#1322 = AXIS2_PLACEMENT_3D ( 'NONE', #715, #1481, #760 ) ;
#1323 = CARTESIAN_POINT ( 'NONE',  ( 1495.043506677099913, 387.7500000000000000, 0.5000000000000000000 ) ) ;
#1324 = ORIENTED_EDGE ( 'NONE', *, *, #2044, .T. ) ;
#1325 = ORIENTED_EDGE ( 'NONE', *, *, #683, .T. ) ;
#1326 = DIRECTION ( 'NONE',  ( -0.000000000000000000, -0.000000000000000000, -1.000000000000000000 ) ) ;
#1327 = DIRECTION ( 'NONE',  ( 1.000000000000000000, 0.000000000000000000, 0.000000000000000000 ) ) ;
#1328 = VECTOR ( 'NONE', #2355, 1000.000000000000000 ) ;
#1329 = FACE_OUTER_BOUND ( 'NONE', #82, .T. ) ;
#1330 = EDGE_CURVE ( 'NONE', #1372, #1777, #2885, .T. ) ;
#1331 = FACE_OUTER_BOUND ( 'NONE', #92, .T. ) ;
#1332 = ORIENTED_EDGE ( 'NONE', *, *, #1480, .F. ) ;
#1333 = FACE_OUTER_BOUND ( 'NONE', #2368, .T. ) ;
#1334 = DIRECTION ( 'NONE',  ( 1.000000000000000000, 0.000000000000000000, 0.000000000000000000 ) ) ;
#1335 = VECTOR ( 'NONE', #1758, 1000.000000000000114 ) ;
#1336 = ADVANCED_FACE ( 'NONE', ( #2159 ), #3156, .F. ) ;
#1337 = ORIENTED_EDGE ( 'NONE', *, *, #236, .F. ) ;
#1338 = CYLINDRICAL_SURFACE ( 'NONE', #182, 0.4999999999999449329 ) ;
#1339 = VECTOR ( 'NONE', #3127, 1000.000000000000000 ) ;
#1340 = CARTESIAN_POINT ( 'NONE',  ( 1483.044337567300317, 390.2500000000000000, 0.5000000000000000000 ) ) ;
#1341 = VECTOR ( 'NONE', #2417, 1000.000000000000000 ) ;
#1342 = EDGE_LOOP ( 'NONE', ( #938, #1183, #1826, #508 ) ) ;
#1343 = LINE ( 'NONE', #1358, #457 ) ;
#1344 = VERTEX_POINT ( 'NONE', #2912 ) ;
#1345 = ORIENTED_EDGE ( 'NONE', *, *, #2050, .T. ) ;
#1346 = CARTESIAN_POINT ( 'NONE',  ( 1506.101355283500425, 414.7500000000002274, 0.5000000000000000000 ) ) ;
#1347 = DIRECTION ( 'NONE',  ( 0.9396926207860697433, -0.3420201433252255119, 0.000000000000000000 ) ) ;
#1348 = ORIENTED_EDGE ( 'NONE', *, *, #2044, .F. ) ;
#1349 = CARTESIAN_POINT ( 'NONE',  ( 1506.101355283499743, 385.2500000000000000, 0.000000000000000000 ) ) ;
#1350 = EDGE_CURVE ( 'NONE', #2326, #2811, #707, .T. ) ;
#1351 = CARTESIAN_POINT ( 'NONE',  ( 1573.026169255379727, 396.6000000000001364, 0.000000000000000000 ) ) ;
#1352 = AXIS2_PLACEMENT_3D ( 'NONE', #74, #2035, #2054 ) ;
#1353 = ORIENTED_EDGE ( 'NONE', *, *, #1581, .F. ) ;
#1354 = CARTESIAN_POINT ( 'NONE',  ( 1498.709680886491924, 406.9000000000002046, 0.5000000000000000000 ) ) ;
#1355 = DIRECTION ( 'NONE',  ( -0.000000000000000000, -0.000000000000000000, -1.000000000000000000 ) ) ;
#1356 = ADVANCED_FACE ( 'NONE', ( #2173 ), #1743, .T. ) ;
#1357 = EDGE_LOOP ( 'NONE', ( #1614, #501, #118, #2422 ) ) ;
#1358 = CARTESIAN_POINT ( 'NONE',  ( 1552.266418792999730, 410.0000000000000568, 0.000000000000000000 ) ) ;
#1359 = DIRECTION ( 'NONE',  ( -0.000000000000000000, -0.000000000000000000, -1.000000000000000000 ) ) ;
#1360 = ORIENTED_EDGE ( 'NONE', *, *, #925, .F. ) ;
#1361 = FACE_OUTER_BOUND ( 'NONE', #755, .T. ) ;
#1362 = DIRECTION ( 'NONE',  ( 0.5000000000066946448, -0.8660254037805734662, 0.000000000000000000 ) ) ;
#1363 = EDGE_CURVE ( 'NONE', #368, #1873, #2316, .T. ) ;
#1364 = CARTESIAN_POINT ( 'NONE',  ( 1492.855690656199840, 387.4999999999998863, 0.5000000000000000000 ) ) ;
#1365 = ORIENTED_EDGE ( 'NONE', *, *, #1290, .F. ) ;
#1366 = DIRECTION ( 'NONE',  ( -0.4999999999928022576, 0.8660254037885941614, 0.000000000000000000 ) ) ;
#1367 = DIRECTION ( 'NONE',  ( 0.000000000000000000, 1.000000000000000000, 0.000000000000000000 ) ) ;
#1368 = ADVANCED_FACE ( 'NONE', ( #766 ), #1084, .F. ) ;
#1369 = DIRECTION ( 'NONE',  ( -0.5000000000047638560, -0.8660254037816881301, 0.000000000000000000 ) ) ;
#1370 = CIRCLE ( 'NONE', #1563, 20.00000000000001776 ) ;
#1371 = VECTOR ( 'NONE', #3085, 1000.000000000000114 ) ;
#1372 = VERTEX_POINT ( 'NONE', #2552 ) ;
#1373 = AXIS2_PLACEMENT_3D ( 'NONE', #1670, #2649, #1946 ) ;
#1374 = CARTESIAN_POINT ( 'NONE',  ( 1569.301693778599883, 412.1710100717002661, 0.5000000000000000000 ) ) ;
#1375 = ORIENTED_EDGE ( 'NONE', *, *, #2165, .F. ) ;
#1376 = AXIS2_PLACEMENT_3D ( 'NONE', #397, #1120, #1842 ) ;
#1377 = LINE ( 'NONE', #412, #1128 ) ;
#1378 = AXIS2_PLACEMENT_3D ( 'NONE', #2477, #317, #2011 ) ;
#1379 = DIRECTION ( 'NONE',  ( 1.000000000000000000, 0.000000000000000000, 0.000000000000000000 ) ) ;
#1380 = EDGE_LOOP ( 'NONE', ( #1660, #1291, #2217, #2789 ) ) ;
#1381 = EDGE_CURVE ( 'NONE', #673, #1912, #622, .T. ) ;
#1382 = DIRECTION ( 'NONE',  ( 1.000000000000000000, 0.000000000000000000, 0.000000000000000000 ) ) ;
#1383 = VERTEX_POINT ( 'NONE', #513 ) ;
#1384 = CARTESIAN_POINT ( 'NONE',  ( 1509.421119331399723, 410.0000000000000568, 0.5000000000000000000 ) ) ;
#1385 = DIRECTION ( 'NONE',  ( 1.000000000000000000, 0.000000000000000000, 0.000000000000000000 ) ) ;
#1386 = ADVANCED_FACE ( 'NONE', ( #342 ), #2057, .F. ) ;
#1387 = DIRECTION ( 'NONE',  ( 0.000000000000000000, 0.000000000000000000, 1.000000000000000000 ) ) ;
#1388 = EDGE_CURVE ( 'NONE', #2006, #588, #2699, .T. ) ;
#1389 = ORIENTED_EDGE ( 'NONE', *, *, #2577, .F. ) ;
#1390 = EDGE_CURVE ( 'NONE', #1916, #2156, #3017, .T. ) ;
#1391 = CARTESIAN_POINT ( 'NONE',  ( 1553.132444196800179, 410.5000000000002274, 0.5000000000000000000 ) ) ;
#1392 = CIRCLE ( 'NONE', #260, 0.5000000000001669775 ) ;
#1393 = CARTESIAN_POINT ( 'NONE',  ( 1579.076213259000269, 410.0000000000000568, 0.5000000000000000000 ) ) ;
#1394 = EDGE_CURVE ( 'NONE', #284, #305, #3007, .T. ) ;
#1395 = CARTESIAN_POINT ( 'NONE',  ( 1508.555093927600183, 389.5000000000000000, 0.5000000000000000000 ) ) ;
#1396 = CIRCLE ( 'NONE', #1794, 0.4999999999999449329 ) ;
#1397 = FACE_OUTER_BOUND ( 'NONE', #1904, .T. ) ;
#1398 = ORIENTED_EDGE ( 'NONE', *, *, #2753, .T. ) ;
#1399 = EDGE_CURVE ( 'NONE', #1971, #849, #2299, .T. ) ;
#1400 = CARTESIAN_POINT ( 'NONE',  ( 1483.044337567300317, 390.2500000000000000, 0.5000000000000000000 ) ) ;
#1401 = ORIENTED_EDGE ( 'NONE', *, *, #3174, .F. ) ;
#1402 = PLANE ( 'NONE',  #1651 ) ;
#1403 = CARTESIAN_POINT ( 'NONE',  ( 1574.399676078507582, 403.3999999999998067, 0.000000000000000000 ) ) ;
#1404 = LINE ( 'NONE', #677, #1934 ) ;
#1405 = AXIS2_PLACEMENT_3D ( 'NONE', #1781, #2756, #617 ) ;
#1406 = ORIENTED_EDGE ( 'NONE', *, *, #1282, .T. ) ;
#1407 = DIRECTION ( 'NONE',  ( 1.000000000000000000, 0.000000000000000000, 0.000000000000000000 ) ) ;
#1408 = LINE ( 'NONE', #2350, #294 ) ;
#1409 = LINE ( 'NONE', #3168, #239 ) ;
#1410 = EDGE_CURVE ( 'NONE', #115, #1094, #1343, .T. ) ;
#1411 = ORIENTED_EDGE ( 'NONE', *, *, #2259, .F. ) ;
#1412 = LINE ( 'NONE', #1442, #1742 ) ;
#1413 = ORIENTED_EDGE ( 'NONE', *, *, #318, .T. ) ;
#1414 = CARTESIAN_POINT ( 'NONE',  ( 1562.977857237908211, 406.9000000000001478, 0.000000000000000000 ) ) ;
#1415 = CARTESIAN_POINT ( 'NONE',  ( 1480.000000000000000, 390.0000000000000000, 0.000000000000000000 ) ) ;
#1416 = CARTESIAN_POINT ( 'NONE',  ( 1555.586182840799893, 385.2500000000000000, 0.5000000000000000000 ) ) ;
#1417 = DIRECTION ( 'NONE',  ( 0.000000000000000000, 0.000000000000000000, 1.000000000000000000 ) ) ;
#1418 = ORIENTED_EDGE ( 'NONE', *, *, #1290, .T. ) ;
#1419 = ORIENTED_EDGE ( 'NONE', *, *, #150, .T. ) ;
#1420 = VECTOR ( 'NONE', #2363, 1000.000000000000114 ) ;
#1421 = FACE_OUTER_BOUND ( 'NONE', #2394, .T. ) ;
#1422 = AXIS2_PLACEMENT_3D ( 'NONE', #949, #1417, #2391 ) ;
#1423 = LINE ( 'NONE', #196, #1063 ) ;
#1424 = VECTOR ( 'NONE', #1362, 1000.000000000000114 ) ;
#1425 = VERTEX_POINT ( 'NONE', #2220 ) ;
#1426 = VECTOR ( 'NONE', #499, 1000.000000000000000 ) ;
#1427 = CARTESIAN_POINT ( 'NONE',  ( 1482.611324865400093, 390.0000000000000000, 0.5000000000000000000 ) ) ;
#1428 = CARTESIAN_POINT ( 'NONE',  ( 1581.687538124400135, 410.0000000000000568, 0.000000000000000000 ) ) ;
#1429 = VECTOR ( 'NONE', #2706, 1000.000000000000000 ) ;
#1430 = DIRECTION ( 'NONE',  ( -0.000000000000000000, -0.000000000000000000, -1.000000000000000000 ) ) ;
#1431 = EDGE_CURVE ( 'NONE', #3068, #778, #1555, .T. ) ;
#1432 = DIRECTION ( 'NONE',  ( 1.000000000000000000, 0.000000000000000000, 0.000000000000000000 ) ) ;
#1433 = CARTESIAN_POINT ( 'NONE',  ( 1498.709680886500109, 406.4000000000000909, 0.5000000000000000000 ) ) ;
#1434 = ADVANCED_FACE ( 'NONE', ( #620 ), #1595, .F. ) ;
#1435 = ORIENTED_EDGE ( 'NONE', *, *, #1148, .F. ) ;
#1436 = ORIENTED_EDGE ( 'NONE', *, *, #2612, .F. ) ;
#1437 = PLANE ( 'NONE',  #1173 ) ;
#1438 = LINE ( 'NONE', #2122, #2288 ) ;
#1439 = CIRCLE ( 'NONE', #468, 0.4999999999999449329 ) ;
#1440 = EDGE_LOOP ( 'NONE', ( #1108, #3183, #1286, #2496 ) ) ;
#1441 = VECTOR ( 'NONE', #915, 1000.000000000000000 ) ;
#1442 = CARTESIAN_POINT ( 'NONE',  ( 1578.643200557099817, 390.2500000000000000, 0.000000000000000000 ) ) ;
#1443 = DIRECTION ( 'NONE',  ( -0.000000000000000000, -0.000000000000000000, -1.000000000000000000 ) ) ;
#1444 = DIRECTION ( 'NONE',  ( -1.000000000000000000, 0.000000000000000000, 0.000000000000000000 ) ) ;
#1445 = CARTESIAN_POINT ( 'NONE',  ( 1488.661368869020407, 396.6000000000001933, 0.5000000000000000000 ) ) ;
#1446 = CARTESIAN_POINT ( 'NONE',  ( 1553.132444196799270, 389.5000000000000000, 0.5000000000000000000 ) ) ;
#1447 = EDGE_CURVE ( 'NONE', #980, #588, #843, .T. ) ;
#1448 = DIRECTION ( 'NONE',  ( 1.000000000000000000, 0.000000000000000000, 0.000000000000000000 ) ) ;
#1449 = ORIENTED_EDGE ( 'NONE', *, *, #1012, .T. ) ;
#1450 = VERTEX_POINT ( 'NONE', #131 ) ;
#1451 = DIRECTION ( 'NONE',  ( 0.000000000000000000, 0.000000000000000000, 1.000000000000000000 ) ) ;
#1452 = CARTESIAN_POINT ( 'NONE',  ( 1574.399676078600578, 397.1000000000001364, 0.5000000000000000000 ) ) ;
#1453 = ORIENTED_EDGE ( 'NONE', *, *, #1150, .F. ) ;
#1454 = CARTESIAN_POINT ( 'NONE',  ( 1492.855690656199840, 412.5000000000002274, 0.5000000000000000000 ) ) ;
#1455 = DIRECTION ( 'NONE',  ( -0.000000000000000000, -0.000000000000000000, -1.000000000000000000 ) ) ;
#1456 = CARTESIAN_POINT ( 'NONE',  ( 1562.977857237900253, 406.4000000000000341, 0.5000000000000000000 ) ) ;
#1457 = ADVANCED_FACE ( 'NONE', ( #2091 ), #3074, .T. ) ;
#1458 = CARTESIAN_POINT ( 'NONE',  ( 1552.266418792999730, 410.0000000000000000, 0.000000000000000000 ) ) ;
#1459 = CARTESIAN_POINT ( 'NONE',  ( 1495.043506677099913, 412.2500000000002274, 0.000000000000000000 ) ) ;
#1460 = DIRECTION ( 'NONE',  ( 1.000000000000000000, 0.000000000000000000, 0.000000000000000000 ) ) ;
#1461 = VERTEX_POINT ( 'NONE', #19 ) ;
#1462 = ORIENTED_EDGE ( 'NONE', *, *, #2331, .F. ) ;
#1463 = LINE ( 'NONE', #2724, #660 ) ;
#1464 = VECTOR ( 'NONE', #2365, 1000.000000000000000 ) ;
#1465 = ORIENTED_EDGE ( 'NONE', *, *, #2619, .F. ) ;
#1466 = DIRECTION ( 'NONE',  ( -1.000000000000000000, 0.000000000000000000, 0.000000000000000000 ) ) ;
#1467 = ADVANCED_FACE ( 'NONE', ( #1502 ), #827, .T. ) ;
#1468 = AXIS2_PLACEMENT_3D ( 'NONE', #2357, #2386, #185 ) ;
#1469 = EDGE_LOOP ( 'NONE', ( #2994, #1078, #631, #1292 ) ) ;
#1470 = CARTESIAN_POINT ( 'NONE',  ( 1573.026169255299919, 397.1000000000001933, 0.5000000000000000000 ) ) ;
#1471 = DIRECTION ( 'NONE',  ( -1.000000000000000000, 0.000000000000000000, 0.000000000000000000 ) ) ;
#1472 = MECHANICAL_DESIGN_GEOMETRIC_PRESENTATION_REPRESENTATION (  '', ( #1930 ), #1266 ) ;
#1473 = LINE ( 'NONE', #2681, #1744 ) ;
#1474 = DIRECTION ( 'NONE',  ( 1.000000000000000000, 0.000000000000000000, 0.000000000000000000 ) ) ;
#1475 = AXIS2_PLACEMENT_3D ( 'NONE', #1131, #2364, #163 ) ;
#1476 = LINE ( 'NONE', #256, #32 ) ;
#1477 = VERTEX_POINT ( 'NONE', #1066 ) ;
#1478 = ORIENTED_EDGE ( 'NONE', *, *, #2757, .T. ) ;
#1479 = VECTOR ( 'NONE', #1872, 1000.000000000000114 ) ;
#1480 = EDGE_CURVE ( 'NONE', #170, #1524, #2037, .T. ) ;
#1481 = DIRECTION ( 'NONE',  ( 0.000000000000000000, -1.000000000000000000, 0.000000000000000000 ) ) ;
#1482 = ORIENTED_EDGE ( 'NONE', *, *, #1694, .F. ) ;
#1483 = CIRCLE ( 'NONE', #509, 0.4999999999999449329 ) ;
#1484 = EDGE_CURVE ( 'NONE', #346, #2916, #2136, .T. ) ;
#1485 = ORIENTED_EDGE ( 'NONE', *, *, #265, .F. ) ;
#1486 = CARTESIAN_POINT ( 'NONE',  ( 1494.610493975200825, 387.5000000000000000, 0.5000000000000000000 ) ) ;
#1487 = CARTESIAN_POINT ( 'NONE',  ( 1569.301693778599883, 412.1710100717002661, 0.000000000000000000 ) ) ;
#1488 = DIRECTION ( 'NONE',  ( -0.8660254037819031803, 0.5000000000043915982, 0.000000000000000000 ) ) ;
#1489 = VECTOR ( 'NONE', #2387, 1000.000000000000000 ) ;
#1490 = ADVANCED_FACE ( 'NONE', ( #2378 ), #3105, .F. ) ;
#1491 = EDGE_CURVE ( 'NONE', #376, #259, #1778, .T. ) ;
#1492 = CARTESIAN_POINT ( 'NONE',  ( 1562.977857237900253, 406.4000000000000341, 0.000000000000000000 ) ) ;
#1493 = CYLINDRICAL_SURFACE ( 'NONE', #2646, 0.5000000000001669775 ) ;
#1494 = ORIENTED_EDGE ( 'NONE', *, *, #3056, .F. ) ;
#1495 = VERTEX_POINT ( 'NONE', #1901 ) ;
#1496 = CARTESIAN_POINT ( 'NONE',  ( 1568.831847468199385, 387.5000000000000000, 0.5000000000000000000 ) ) ;
#1497 = VERTEX_POINT ( 'NONE', #667 ) ;
#1498 = VERTEX_POINT ( 'NONE', #2582 ) ;
#1499 = EDGE_CURVE ( 'NONE', #691, #857, #1679, .T. ) ;
#1500 = CYLINDRICAL_SURFACE ( 'NONE', #1234, 0.4999999999999449329 ) ;
#1501 = DIRECTION ( 'NONE',  ( -1.000000000000000000, 0.000000000000000000, 0.000000000000000000 ) ) ;
#1502 = FACE_OUTER_BOUND ( 'NONE', #1117, .T. ) ;
#1503 = DIRECTION ( 'NONE',  ( 1.000000000000000000, 0.000000000000000000, 0.000000000000000000 ) ) ;
#1504 = DIRECTION ( 'NONE',  ( 0.4999999999928060879, 0.8660254037885921630, 0.000000000000000000 ) ) ;
#1505 = CARTESIAN_POINT ( 'NONE',  ( 1492.385844345800251, 387.8289899284000626, 0.5000000000000000000 ) ) ;
#1506 = ORIENTED_EDGE ( 'NONE', *, *, #2795, .F. ) ;
#1507 = EDGE_LOOP ( 'NONE', ( #1337, #2538, #1285, #1865 ) ) ;
#1508 = PLANE ( 'NONE',  #2594 ) ;
#1509 = ORIENTED_EDGE ( 'NONE', *, *, #2717, .T. ) ;
#1510 = ORIENTED_EDGE ( 'NONE', *, *, #919, .F. ) ;
#1511 = EDGE_CURVE ( 'NONE', #673, #1986, #3090, .T. ) ;
#1512 = DIRECTION ( 'NONE',  ( -0.5000000000047638560, -0.8660254037816881301, 0.000000000000000000 ) ) ;
#1513 = AXIS2_PLACEMENT_3D ( 'NONE', #912, #215, #934 ) ;
#1514 = LINE ( 'NONE', #1245, #2740 ) ;
#1515 = DIRECTION ( 'NONE',  ( 0.000000000000000000, 0.000000000000000000, 1.000000000000000000 ) ) ;
#1516 = VECTOR ( 'NONE', #2176, 1000.000000000000114 ) ;
#1517 = FACE_OUTER_BOUND ( 'NONE', #2543, .T. ) ;
#1518 = CYLINDRICAL_SURFACE ( 'NONE', #1780, 0.4999999999999449329 ) ;
#1519 = AXIS2_PLACEMENT_3D ( 'NONE', #669, #700, #461 ) ;
#1520 = ORIENTED_EDGE ( 'NONE', *, *, #108, .T. ) ;
#1521 = ORIENTED_EDGE ( 'NONE', *, *, #2618, .T. ) ;
#1522 = AXIS2_PLACEMENT_3D ( 'NONE', #2856, #2873, #424 ) ;
#1523 = CARTESIAN_POINT ( 'NONE',  ( 1503.443692952200081, 385.3289899284000057, 0.000000000000000000 ) ) ;
#1524 = VERTEX_POINT ( 'NONE', #460 ) ;
#1525 = ORIENTED_EDGE ( 'NONE', *, *, #751, .F. ) ;
#1526 = VERTEX_POINT ( 'NONE', #3123 ) ;
#1527 = DIRECTION ( 'NONE',  ( 0.4999999999949055196, 0.8660254037873799104, 0.000000000000000000 ) ) ;
#1528 = DIRECTION ( 'NONE',  ( 0.000000000000000000, 0.000000000000000000, 1.000000000000000000 ) ) ;
#1529 = DIRECTION ( 'NONE',  ( -1.000000000000000000, 0.000000000000000000, 0.000000000000000000 ) ) ;
#1530 = DIRECTION ( 'NONE',  ( 1.000000000000000000, 0.000000000000000000, 0.000000000000000000 ) ) ;
#1531 = VECTOR ( 'NONE', #102, 1000.000000000000000 ) ;
#1532 = CARTESIAN_POINT ( 'NONE',  ( 1566.644031447200632, 412.2500000000002274, 0.5000000000000000000 ) ) ;
#1533 = DIRECTION ( 'NONE',  ( 0.000000000000000000, 0.000000000000000000, 1.000000000000000000 ) ) ;
#1534 = VECTOR ( 'NONE', #794, 1000.000000000000000 ) ;
#1535 = ORIENTED_EDGE ( 'NONE', *, *, #2953, .F. ) ;
#1536 = ADVANCED_FACE ( 'NONE', ( #1421 ), #1437, .F. ) ;
#1537 = ORIENTED_EDGE ( 'NONE', *, *, #2708, .F. ) ;
#1538 = DIRECTION ( 'NONE',  ( -0.000000000000000000, -0.000000000000000000, -1.000000000000000000 ) ) ;
#1539 = ORIENTED_EDGE ( 'NONE', *, *, #1265, .T. ) ;
#1540 = ORIENTED_EDGE ( 'NONE', *, *, #751, .T. ) ;
#1541 = ORIENTED_EDGE ( 'NONE', *, *, #12, .F. ) ;
#1542 = FACE_OUTER_BOUND ( 'NONE', #2569, .T. ) ;
#1543 = LINE ( 'NONE', #162, #283 ) ;
#1544 = DIRECTION ( 'NONE',  ( -1.000000000000000000, 0.000000000000000000, 0.000000000000000000 ) ) ;
#1545 = VECTOR ( 'NONE', #2269, 1000.000000000000227 ) ;
#1546 = PLANE ( 'NONE',  #331 ) ;
#1547 = DIRECTION ( 'NONE',  ( -0.000000000000000000, -0.000000000000000000, -1.000000000000000000 ) ) ;
#1548 = EDGE_CURVE ( 'NONE', #303, #2710, #2395, .T. ) ;
#1549 = CARTESIAN_POINT ( 'NONE',  ( 1517.615012506900030, 410.0000000000000000, 0.5000000000000000000 ) ) ;
#1550 = EDGE_LOOP ( 'NONE', ( #1375, #728, #1226, #2318 ) ) ;
#1551 = ORIENTED_EDGE ( 'NONE', *, *, #1305, .T. ) ;
#1552 = DIRECTION ( 'NONE',  ( 1.000000000000000000, 0.000000000000000000, 0.000000000000000000 ) ) ;
#1553 = DIRECTION ( 'NONE',  ( -0.000000000000000000, -0.000000000000000000, -1.000000000000000000 ) ) ;
#1554 = VERTEX_POINT ( 'NONE', #1393 ) ;
#1555 = LINE ( 'NONE', #2332, #1272 ) ;
#1556 = VECTOR ( 'NONE', #561, 1000.000000000000000 ) ;
#1557 = EDGE_CURVE ( 'NONE', #2198, #1383, #3137, .T. ) ;
#1558 = ORIENTED_EDGE ( 'NONE', *, *, #582, .F. ) ;
#1559 = EDGE_LOOP ( 'NONE', ( #3170, #2212, #1256, #174 ) ) ;
#1560 = LINE ( 'NONE', #1804, #2046 ) ;
#1561 = EDGE_CURVE ( 'NONE', #346, #259, #699, .T. ) ;
#1562 = CARTESIAN_POINT ( 'NONE',  ( 1509.421119331399723, 389.9999999999998863, 0.5000000000000000000 ) ) ;
#1563 = AXIS2_PLACEMENT_3D ( 'NONE', #2988, #18, #252 ) ;
#1564 = LINE ( 'NONE', #1400, #1328 ) ;
#1565 = EDGE_LOOP ( 'NONE', ( #1462, #1537, #940, #62 ) ) ;
#1566 = LINE ( 'NONE', #3011, #2062 ) ;
#1567 = DIRECTION ( 'NONE',  ( -1.000000000000000000, 0.000000000000000000, 0.000000000000000000 ) ) ;
#1568 = VECTOR ( 'NONE', #2375, 1000.000000000000000 ) ;
#1569 = EDGE_LOOP ( 'NONE', ( #2971, #272, #2964, #3136 ) ) ;
#1570 = LINE ( 'NONE', #3070, #2230 ) ;
#1571 = FACE_OUTER_BOUND ( 'NONE', #523, .T. ) ;
#1572 = AXIS2_PLACEMENT_3D ( 'NONE', #492, #2441, #1466 ) ;
#1573 = VECTOR ( 'NONE', #652, 1000.000000000000000 ) ;
#1574 = ORIENTED_EDGE ( 'NONE', *, *, #1577, .F. ) ;
#1575 = AXIS2_PLACEMENT_3D ( 'NONE', #1496, #1703, #2675 ) ;
#1576 = DIRECTION ( 'NONE',  ( -0.000000000000000000, -0.000000000000000000, -1.000000000000000000 ) ) ;
#1577 = EDGE_CURVE ( 'NONE', #2889, #57, #648, .T. ) ;
#1578 = VERTEX_POINT ( 'NONE', #941 ) ;
#1579 = ORIENTED_EDGE ( 'NONE', *, *, #1594, .T. ) ;
#1580 = DIRECTION ( 'NONE',  ( 1.000000000000000000, 0.000000000000000000, 0.000000000000000000 ) ) ;
#1581 = EDGE_CURVE ( 'NONE', #2273, #1237, #2890, .T. ) ;
#1582 =( LENGTH_UNIT ( ) NAMED_UNIT ( * ) SI_UNIT ( .MILLI., .METRE. ) );
#1583 = CARTESIAN_POINT ( 'NONE',  ( 1492.385844345800251, 412.1710100717002661, 0.000000000000000000 ) ) ;
#1584 = ORIENTED_EDGE ( 'NONE', *, *, #2557, .T. ) ;
#1585 = CARTESIAN_POINT ( 'NONE',  ( 1557.773998861799782, 415.0000000000002842, 0.5000000000000000000 ) ) ;
#1586 = EDGE_CURVE ( 'NONE', #1498, #535, #410, .T. ) ;
#1587 = CARTESIAN_POINT ( 'NONE',  ( 1544.072525617499423, 410.0000000000000568, 0.000000000000000000 ) ) ;
#1588 = EDGE_LOOP ( 'NONE', ( #1139, #2799, #1762, #1170 ) ) ;
#1589 = CARTESIAN_POINT ( 'NONE',  ( 1498.276668184599885, 393.3500000000001364, 0.5000000000000000000 ) ) ;
#1590 = AXIS2_PLACEMENT_3D ( 'NONE', #2307, #867, #105 ) ;
#1591 = CARTESIAN_POINT ( 'NONE',  ( 1555.586182840799893, 385.2500000000000000, 0.5000000000000000000 ) ) ;
#1592 = VECTOR ( 'NONE', #1200, 1000.000000000000000 ) ;
#1593 = ORIENTED_EDGE ( 'NONE', *, *, #1853, .F. ) ;
#1594 = EDGE_CURVE ( 'NONE', #1204, #2006, #1408, .T. ) ;
#1595 = CYLINDRICAL_SURFACE ( 'NONE', #807, 20.00000000000001776 ) ;
#1596 = ORIENTED_EDGE ( 'NONE', *, *, #2852, .T. ) ;
#1597 = VERTEX_POINT ( 'NONE', #2167 ) ;
#1598 = CYLINDRICAL_SURFACE ( 'NONE', #3177, 0.4999999999999449329 ) ;
#1599 = CARTESIAN_POINT ( 'NONE',  ( 1574.399676078600578, 402.8999999999998067, 0.5000000000000000000 ) ) ;
#1600 = EDGE_CURVE ( 'NONE', #213, #1597, #2090, .T. ) ;
#1601 = CARTESIAN_POINT ( 'NONE',  ( 1582.187538124400135, 409.5000000000000568, 0.5000000000000000000 ) ) ;
#1602 = ORIENTED_EDGE ( 'NONE', *, *, #236, .T. ) ;
#1603 = CARTESIAN_POINT ( 'NONE',  ( 1573.026169255416107, 403.4000000000000909, 0.5000000000000000000 ) ) ;
#1604 = CARTESIAN_POINT ( 'NONE',  ( 1505.668342581607476, 385.5000000000000000, 0.5000000000000000000 ) ) ;
#1605 = ORIENTED_EDGE ( 'NONE', *, *, #2514, .T. ) ;
#1606 = CARTESIAN_POINT ( 'NONE',  ( 1495.043506677099913, 387.7500000000000000, 0.000000000000000000 ) ) ;
#1607 = ORIENTED_EDGE ( 'NONE', *, *, #104, .T. ) ;
#1608 = LINE ( 'NONE', #393, #3165 ) ;
#1609 = EDGE_CURVE ( 'NONE', #1253, #2703, #1608, .T. ) ;
#1610 = CARTESIAN_POINT ( 'NONE',  ( 1581.687538124400135, 390.5000000000000000, 0.5000000000000000000 ) ) ;
#1611 = DIRECTION ( 'NONE',  ( -0.8660254037816901285, -0.5000000000047607474, 0.000000000000000000 ) ) ;
#1612 = DIRECTION ( 'NONE',  ( 0.000000000000000000, 0.000000000000000000, 1.000000000000000000 ) ) ;
#1613 = ADVANCED_FACE ( 'NONE', ( #1165 ), #2614, .F. ) ;
#1614 = ORIENTED_EDGE ( 'NONE', *, *, #126, .T. ) ;
#1615 = DIRECTION ( 'NONE',  ( -0.000000000000000000, -0.000000000000000000, -1.000000000000000000 ) ) ;
#1616 = ORIENTED_EDGE ( 'NONE', *, *, #2050, .F. ) ;
#1617 = LINE ( 'NONE', #2098, #2321 ) ;
#1618 = DIRECTION ( 'NONE',  ( -0.000000000000000000, -0.000000000000000000, -1.000000000000000000 ) ) ;
#1619 = CYLINDRICAL_SURFACE ( 'NONE', #957, 0.4999999999999449329 ) ;
#1620 = ADVANCED_FACE ( 'NONE', ( #2120 ), #1974, .T. ) ;
#1621 = CIRCLE ( 'NONE', #2228, 0.4999999999999449329 ) ;
#1622 = ORIENTED_EDGE ( 'NONE', *, *, #2978, .T. ) ;
#1623 = CARTESIAN_POINT ( 'NONE',  ( 1494.610493975200825, 412.5000000000002274, 0.5000000000000000000 ) ) ;
#1624 = DIRECTION ( 'NONE',  ( -1.000000000000000000, 0.000000000000000000, 0.000000000000000000 ) ) ;
#1625 = ORIENTED_EDGE ( 'NONE', *, *, #939, .T. ) ;
#1626 = AXIS2_PLACEMENT_3D ( 'NONE', #1823, #2109, #2042 ) ;
#1627 = VECTOR ( 'NONE', #2840, 1000.000000000000000 ) ;
#1628 = CARTESIAN_POINT ( 'NONE',  ( 1567.077044149099720, 412.5000000000002274, 0.5000000000000000000 ) ) ;
#1629 = CIRCLE ( 'NONE', #246, 0.5000000000001669775 ) ;
#1630 = CARTESIAN_POINT ( 'NONE',  ( 1573.026169255299919, 402.8999999999998636, 0.000000000000000000 ) ) ;
#1631 = ORIENTED_EDGE ( 'NONE', *, *, #2648, .T. ) ;
#1632 = DIRECTION ( 'NONE',  ( 0.000000000000000000, 0.000000000000000000, 1.000000000000000000 ) ) ;
#1633 = ORIENTED_EDGE ( 'NONE', *, *, #1499, .F. ) ;
#1634 = LINE ( 'NONE', #2372, #2997 ) ;
#1635 = LINE ( 'NONE', #1157, #2152 ) ;
#1636 = DIRECTION ( 'NONE',  ( 1.000000000000000000, 0.000000000000000000, 0.000000000000000000 ) ) ;
#1637 = ADVANCED_FACE ( 'NONE', ( #3182 ), #1508, .F. ) ;
#1638 = CIRCLE ( 'NONE', #257, 0.4999999999999449329 ) ;
#1639 = DIRECTION ( 'NONE',  ( 0.000000000000000000, -0.000000000000000000, -1.000000000000000000 ) ) ;
#1640 = AXIS2_PLACEMENT_3D ( 'NONE', #1828, #1618, #2358 ) ;
#1641 = DIRECTION ( 'NONE',  ( -0.000000000000000000, -0.000000000000000000, -1.000000000000000000 ) ) ;
#1642 = VECTOR ( 'NONE', #1512, 1000.000000000000000 ) ;
#1643 = DIRECTION ( 'NONE',  ( 1.000000000000000000, 0.000000000000000000, 0.000000000000000000 ) ) ;
#1644 = ORIENTED_EDGE ( 'NONE', *, *, #2504, .F. ) ;
#1645 = DIRECTION ( 'NONE',  ( 0.000000000000000000, 0.000000000000000000, 1.000000000000000000 ) ) ;
#1646 = EDGE_LOOP ( 'NONE', ( #1047, #2737, #2323, #1011 ) ) ;
#1647 = CARTESIAN_POINT ( 'NONE',  ( 1579.076213258991856, 390.5000000000001137, 0.5000000000000000000 ) ) ;
#1648 = FACE_OUTER_BOUND ( 'NONE', #2674, .T. ) ;
#1649 = DIRECTION ( 'NONE',  ( 0.000000000000000000, 0.000000000000000000, 1.000000000000000000 ) ) ;
#1650 = DIRECTION ( 'NONE',  ( -1.000000000000000000, 0.000000000000000000, 0.000000000000000000 ) ) ;
#1651 = AXIS2_PLACEMENT_3D ( 'NONE', #2911, #2113, #705 ) ;
#1652 = VERTEX_POINT ( 'NONE', #522 ) ;
#1653 = ORIENTED_EDGE ( 'NONE', *, *, #1609, .F. ) ;
#1654 = LINE ( 'NONE', #442, #2482 ) ;
#1655 = DIRECTION ( 'NONE',  ( -0.000000000000000000, -0.000000000000000000, -1.000000000000000000 ) ) ;
#1656 = DIRECTION ( 'NONE',  ( 0.9396926207860697433, 0.3420201433252255119, -0.000000000000000000 ) ) ;
#1657 = VERTEX_POINT ( 'NONE', #1254 ) ;
#1658 = EDGE_CURVE ( 'NONE', #1526, #2621, #1463, .T. ) ;
#1659 = DIRECTION ( 'NONE',  ( 0.4999999999949086837, -0.8660254037873781341, 0.000000000000000000 ) ) ;
#1660 = ORIENTED_EDGE ( 'NONE', *, *, #863, .T. ) ;
#1661 = DIRECTION ( 'NONE',  ( -1.000000000000000000, 0.000000000000000000, 0.000000000000000000 ) ) ;
#1662 = CARTESIAN_POINT ( 'NONE',  ( 1552.266418793014964, 389.0000000000000000, 0.5000000000000000000 ) ) ;
#1663 = DIRECTION ( 'NONE',  ( -1.000000000000000000, 0.000000000000000000, 0.000000000000000000 ) ) ;
#1664 = CARTESIAN_POINT ( 'NONE',  ( 1582.187538124400135, 390.5000000000000000, 0.5000000000000000000 ) ) ;
#1665 = ORIENTED_EDGE ( 'NONE', *, *, #1390, .F. ) ;
#1666 = ORIENTED_EDGE ( 'NONE', *, *, #2119, .T. ) ;
#1667 = VECTOR ( 'NONE', #2596, 1000.000000000000000 ) ;
#1668 = CARTESIAN_POINT ( 'NONE',  ( 1568.831847468200294, 412.5000000000002274, 0.000000000000000000 ) ) ;
#1669 = VECTOR ( 'NONE', #1318, 1000.000000000000000 ) ;
#1670 = CARTESIAN_POINT ( 'NONE',  ( 1487.287862045792508, 396.6000000000001364, 0.5000000000000000000 ) ) ;
#1671 = VECTOR ( 'NONE', #929, 1000.000000000000000 ) ;
#1672 = APPLICATION_PROTOCOL_DEFINITION ( 'draft international standard', 'automotive_design', 1998, #686 ) ;
#1673 = ORIENTED_EDGE ( 'NONE', *, *, #1950, .T. ) ;
#1674 = AXIS2_PLACEMENT_3D ( 'NONE', #1920, #2389, #737 ) ;
#1675 = EDGE_CURVE ( 'NONE', #634, #999, #2690, .T. ) ;
#1676 = CARTESIAN_POINT ( 'NONE',  ( 1555.586182840799893, 385.2500000000000000, 0.000000000000000000 ) ) ;
#1677 = VECTOR ( 'NONE', #1712, 1000.000000000000000 ) ;
#1678 = CARTESIAN_POINT ( 'NONE',  ( 1488.661368868999944, 397.1000000000001364, 0.000000000000000000 ) ) ;
#1679 = CIRCLE ( 'NONE', #2396, 20.00000000000001776 ) ;
#1680 = CARTESIAN_POINT ( 'NONE',  ( 1494.610493975207874, 412.0000000000003411, 0.5000000000000000000 ) ) ;
#1681 = DIRECTION ( 'NONE',  ( -1.000000000000000000, 0.000000000000000000, 0.000000000000000000 ) ) ;
#1682 = LINE ( 'NONE', #1446, #2949 ) ;
#1683 = CARTESIAN_POINT ( 'NONE',  ( 1556.019195542692387, 414.5000000000002274, 0.5000000000000000000 ) ) ;
#1684 = ORIENTED_EDGE ( 'NONE', *, *, #582, .T. ) ;
#1685 = EDGE_LOOP ( 'NONE', ( #1973, #1332, #907, #3148 ) ) ;
#1686 = DIRECTION ( 'NONE',  ( 0.3420201433284718040, 0.9396926207848880219, 0.000000000000000000 ) ) ;
#1687 = CARTESIAN_POINT ( 'NONE',  ( 1498.709680886500109, 393.6000000000001364, 0.000000000000000000 ) ) ;
#1688 = EDGE_CURVE ( 'NONE', #967, #440, #2227, .T. ) ;
#1689 = AXIS2_PLACEMENT_3D ( 'NONE', #1294, #1725, #511 ) ;
#1690 = VERTEX_POINT ( 'NONE', #983 ) ;
#1691 = AXIS2_PLACEMENT_3D ( 'NONE', #976, #1967, #497 ) ;
#1692 = CARTESIAN_POINT ( 'NONE',  ( 1562.977857237908211, 406.9000000000001478, 0.5000000000000000000 ) ) ;
#1693 = CARTESIAN_POINT ( 'NONE',  ( 1487.287862045800011, 397.1000000000001933, 0.000000000000000000 ) ) ;
#1694 = EDGE_CURVE ( 'NONE', #792, #3050, #1988, .T. ) ;
#1695 = DIRECTION ( 'NONE',  ( 0.000000000000000000, 0.000000000000000000, 1.000000000000000000 ) ) ;
#1696 = LINE ( 'NONE', #1188, #1426 ) ;
#1697 = DIRECTION ( 'NONE',  ( -0.000000000000000000, -0.000000000000000000, -1.000000000000000000 ) ) ;
#1698 = FACE_OUTER_BOUND ( 'NONE', #1049, .T. ) ;
#1699 = VERTEX_POINT ( 'NONE', #14 ) ;
#1700 = ORIENTED_EDGE ( 'NONE', *, *, #526, .F. ) ;
#1701 = EDGE_CURVE ( 'NONE', #778, #1221, #1065, .T. ) ;
#1702 = VECTOR ( 'NONE', #2801, 1000.000000000000000 ) ;
#1703 = DIRECTION ( 'NONE',  ( 0.000000000000000000, -1.000000000000000000, 0.000000000000000000 ) ) ;
#1704 = CARTESIAN_POINT ( 'NONE',  ( 1505.668342581608385, 414.5000000000001705, 0.5000000000000000000 ) ) ;
#1705 = EDGE_CURVE ( 'NONE', #2686, #956, #730, .T. ) ;
#1706 = ORIENTED_EDGE ( 'NONE', *, *, #939, .F. ) ;
#1707 = DIRECTION ( 'NONE',  ( -1.000000000000000000, 0.000000000000000000, 0.000000000000000000 ) ) ;
#1708 = CARTESIAN_POINT ( 'NONE',  ( 1572.556322945000147, 396.7710100716999477, 0.5000000000000000000 ) ) ;
#1709 = CARTESIAN_POINT ( 'NONE',  ( 1552.266418793015418, 411.0000000000000568, 0.5000000000000000000 ) ) ;
#1710 = CARTESIAN_POINT ( 'NONE',  ( 1486.854849343900241, 396.8500000000001364, 0.000000000000000000 ) ) ;
#1711 = EDGE_CURVE ( 'NONE', #303, #2483, #2966, .T. ) ;
#1712 = DIRECTION ( 'NONE',  ( -0.000000000000000000, -0.000000000000000000, -1.000000000000000000 ) ) ;
#1713 = VECTOR ( 'NONE', #1663, 1000.000000000000000 ) ;
#1714 = EDGE_CURVE ( 'NONE', #1749, #42, #2468, .T. ) ;
#1715 = ORIENTED_EDGE ( 'NONE', *, *, #348, .F. ) ;
#1716 = ORIENTED_EDGE ( 'NONE', *, *, #2153, .T. ) ;
#1717 = ORIENTED_EDGE ( 'NONE', *, *, #2932, .F. ) ;
#1718 = EDGE_CURVE ( 'NONE', #1018, #324, #505, .T. ) ;
#1719 = LINE ( 'NONE', #1239, #1836 ) ;
#1720 = VECTOR ( 'NONE', #1681, 1000.000000000000000 ) ;
#1721 = ORIENTED_EDGE ( 'NONE', *, *, #4, .F. ) ;
#1722 = EDGE_CURVE ( 'NONE', #2980, #2202, #536, .T. ) ;
#1723 = AXIS2_PLACEMENT_3D ( 'NONE', #2118, #409, #2284 ) ;
#1724 = VERTEX_POINT ( 'NONE', #1273 ) ;
#1725 = DIRECTION ( 'NONE',  ( 0.000000000000000000, 1.000000000000000000, 0.000000000000000000 ) ) ;
#1726 = DIRECTION ( 'NONE',  ( -1.000000000000000000, 0.000000000000000000, 0.000000000000000000 ) ) ;
#1727 = VECTOR ( 'NONE', #2139, 1000.000000000000000 ) ;
#1728 = CARTESIAN_POINT ( 'NONE',  ( 1483.044337567300317, 409.7500000000000000, 0.5000000000000000000 ) ) ;
#1729 = PRODUCT_DEFINITION_FORMATION_WITH_SPECIFIED_SOURCE ( 'ANY', '', #413, .NOT_KNOWN. ) ;
#1730 = CARTESIAN_POINT ( 'NONE',  ( 1555.586182840799893, 414.7500000000002274, 0.000000000000000000 ) ) ;
#1731 = CIRCLE ( 'NONE', #759, 0.5000000000001669775 ) ;
#1732 = DIRECTION ( 'NONE',  ( 0.000000000000000000, -0.000000000000000000, 1.000000000000000000 ) ) ;
#1733 = ORIENTED_EDGE ( 'NONE', *, *, #206, .T. ) ;
#1734 = ORIENTED_EDGE ( 'NONE', *, *, #2383, .F. ) ;
#1735 = ORIENTED_EDGE ( 'NONE', *, *, #1902, .F. ) ;
#1736 = DIRECTION ( 'NONE',  ( 1.000000000000000000, 0.000000000000000000, 0.000000000000000000 ) ) ;
#1737 = ADVANCED_FACE ( 'NONE', ( #969 ), #2438, .F. ) ;
#1738 = EDGE_LOOP ( 'NONE', ( #1494, #2633, #1855, #2059 ) ) ;
#1739 = VERTEX_POINT ( 'NONE', #1225 ) ;
#1740 = CARTESIAN_POINT ( 'NONE',  ( 1569.301693778599883, 412.1710100717002661, 0.5000000000000000000 ) ) ;
#1741 = CARTESIAN_POINT ( 'NONE',  ( 1568.831847468199385, 387.5000000000000000, 0.000000000000000000 ) ) ;
#1742 = VECTOR ( 'NONE', #719, 1000.000000000000114 ) ;
#1743 = CYLINDRICAL_SURFACE ( 'NONE', #1792, 0.5000000000001669775 ) ;
#1744 = VECTOR ( 'NONE', #1936, 1000.000000000000000 ) ;
#1745 = FACE_OUTER_BOUND ( 'NONE', #1380, .T. ) ;
#1746 = PLANE ( 'NONE',  #711 ) ;
#1747 = FILL_AREA_STYLE_COLOUR ( '', #653 ) ;
#1748 = ORIENTED_EDGE ( 'NONE', *, *, #2472, .T. ) ;
#1749 = VERTEX_POINT ( 'NONE', #1962 ) ;
#1750 = DIRECTION ( 'NONE',  ( 0.000000000000000000, 0.000000000000000000, 1.000000000000000000 ) ) ;
#1751 = ORIENTED_EDGE ( 'NONE', *, *, #643, .T. ) ;
#1752 = VECTOR ( 'NONE', #107, 1000.000000000000000 ) ;
#1753 = ORIENTED_EDGE ( 'NONE', *, *, #113, .F. ) ;
#1754 = DIRECTION ( 'NONE',  ( 0.000000000000000000, 0.000000000000000000, 1.000000000000000000 ) ) ;
#1755 = LINE ( 'NONE', #1708, #2848 ) ;
#1756 = CARTESIAN_POINT ( 'NONE',  ( 1509.421119331399723, 410.0000000000000568, 0.5000000000000000000 ) ) ;
#1757 = EDGE_CURVE ( 'NONE', #1949, #2703, #1731, .T. ) ;
#1758 = DIRECTION ( 'NONE',  ( -0.3420201433252340606, 0.9396926207860665237, 0.000000000000000000 ) ) ;
#1759 = DIRECTION ( 'NONE',  ( 1.000000000000000000, 0.000000000000000000, 0.000000000000000000 ) ) ;
#1760 = DIRECTION ( 'NONE',  ( 1.000000000000000000, 0.000000000000000000, 0.000000000000000000 ) ) ;
#1761 = ORIENTED_EDGE ( 'NONE', *, *, #2380, .T. ) ;
#1762 = ORIENTED_EDGE ( 'NONE', *, *, #2398, .F. ) ;
#1763 = ORIENTED_EDGE ( 'NONE', *, *, #1711, .F. ) ;
#1764 = CARTESIAN_POINT ( 'NONE',  ( 1487.287862045792508, 396.6000000000001364, 0.000000000000000000 ) ) ;
#1765 = VERTEX_POINT ( 'NONE', #224 ) ;
#1766 = ORIENTED_EDGE ( 'NONE', *, *, #1399, .F. ) ;
#1767 = CARTESIAN_POINT ( 'NONE',  ( 1505.668342581600200, 385.0000000000000000, 0.000000000000000000 ) ) ;
#1768 = VECTOR ( 'NONE', #1455, 1000.000000000000000 ) ;
#1769 = CARTESIAN_POINT ( 'NONE',  ( 1482.611324865408278, 390.5000000000000000, 0.5000000000000000000 ) ) ;
#1770 = DIRECTION ( 'NONE',  ( 0.000000000000000000, -0.000000000000000000, 1.000000000000000000 ) ) ;
#1771 = EDGE_CURVE ( 'NONE', #1690, #2421, #1719, .T. ) ;
#1772 = VECTOR ( 'NONE', #439, 1000.000000000000000 ) ;
#1773 = DIRECTION ( 'NONE',  ( -0.000000000000000000, -0.000000000000000000, -1.000000000000000000 ) ) ;
#1774 = DIRECTION ( 'NONE',  ( -0.000000000000000000, -0.000000000000000000, -1.000000000000000000 ) ) ;
#1775 = CARTESIAN_POINT ( 'NONE',  ( 1500.553034020100540, 406.7289899284000967, 0.5000000000000000000 ) ) ;
#1776 = VECTOR ( 'NONE', #560, 1000.000000000000000 ) ;
#1777 = VERTEX_POINT ( 'NONE', #274 ) ;
#1778 = CIRCLE ( 'NONE', #2647, 0.5000000000001669775 ) ;
#1779 = EDGE_LOOP ( 'NONE', ( #130, #1222, #623, #984 ) ) ;
#1780 = AXIS2_PLACEMENT_3D ( 'NONE', #2494, #2684, #40 ) ;
#1781 = CARTESIAN_POINT ( 'NONE',  ( 1562.977857237908211, 406.9000000000001478, 0.5000000000000000000 ) ) ;
#1782 = ORIENTED_EDGE ( 'NONE', *, *, #2005, .F. ) ;
#1783 = ORIENTED_EDGE ( 'NONE', *, *, #1159, .F. ) ;
#1784 = ORIENTED_EDGE ( 'NONE', *, *, #2, .F. ) ;
#1785 = ADVANCED_FACE ( 'NONE', ( #2919 ), #506, .T. ) ;
#1786 = DIRECTION ( 'NONE',  ( 0.5000000000047638560, 0.8660254037816881301, 0.000000000000000000 ) ) ;
#1787 = CARTESIAN_POINT ( 'NONE',  ( 1568.831847468183923, 388.0000000000000000, 0.5000000000000000000 ) ) ;
#1788 = FACE_OUTER_BOUND ( 'NONE', #320, .T. ) ;
#1789 = CARTESIAN_POINT ( 'NONE',  ( 1503.443692952200081, 385.3289899284000057, 0.5000000000000000000 ) ) ;
#1790 = AXIS2_PLACEMENT_3D ( 'NONE', #624, #1069, #2571 ) ;
#1791 = DIRECTION ( 'NONE',  ( 0.5000000000068255401, 0.8660254037804978600, 0.000000000000000000 ) ) ;
#1792 = AXIS2_PLACEMENT_3D ( 'NONE', #2959, #1980, #1801 ) ;
#1793 = CARTESIAN_POINT ( 'NONE',  ( 1492.385844345800251, 387.8289899284000626, 0.5000000000000000000 ) ) ;
#1794 = AXIS2_PLACEMENT_3D ( 'NONE', #1228, #2488, #1276 ) ;
#1795 = ORIENTED_EDGE ( 'NONE', *, *, #3096, .T. ) ;
#1796 = ORIENTED_EDGE ( 'NONE', *, *, #630, .T. ) ;
#1797 = CARTESIAN_POINT ( 'NONE',  ( 1581.687538124400135, 409.5000000000000568, 0.000000000000000000 ) ) ;
#1798 = CARTESIAN_POINT ( 'NONE',  ( 1568.831847468200294, 412.5000000000003411, 0.5000000000000000000 ) ) ;
#1799 = EDGE_CURVE ( 'NONE', #2197, #1253, #2515, .T. ) ;
#1800 = ORIENTED_EDGE ( 'NONE', *, *, #2632, .T. ) ;
#1801 = DIRECTION ( 'NONE',  ( -1.000000000000000000, 0.000000000000000000, 0.000000000000000000 ) ) ;
#1802 = EDGE_LOOP ( 'NONE', ( #3147, #3078, #1579, #43 ) ) ;
#1803 = ORIENTED_EDGE ( 'NONE', *, *, #1718, .T. ) ;
#1804 = CARTESIAN_POINT ( 'NONE',  ( 1480.000000000000000, 410.0000000000000568, 0.000000000000000000 ) ) ;
#1805 = CARTESIAN_POINT ( 'NONE',  ( 1579.076213259000269, 390.0000000000000568, 0.5000000000000000000 ) ) ;
#1806 = DIRECTION ( 'NONE',  ( 1.000000000000000000, 0.000000000000000000, 0.000000000000000000 ) ) ;
#1807 = VECTOR ( 'NONE', #659, 1000.000000000000000 ) ;
#1808 = CARTESIAN_POINT ( 'NONE',  ( 1483.044337567300317, 409.7500000000000000, 0.000000000000000000 ) ) ;
#1809 = CARTESIAN_POINT ( 'NONE',  ( 1479.500000000000000, 409.5000000000000568, 0.5000000000000000000 ) ) ;
#1810 = PRESENTATION_STYLE_ASSIGNMENT (( #835 ) ) ;
#1811 = VERTEX_POINT ( 'NONE', #2314 ) ;
#1812 = LINE ( 'NONE', #2823, #2641 ) ;
#1813 = ADVANCED_FACE ( 'NONE', ( #841 ), #2296, .T. ) ;
#1814 = DIRECTION ( 'NONE',  ( -0.000000000000000000, -0.000000000000000000, -1.000000000000000000 ) ) ;
#1815 = ADVANCED_FACE ( 'NONE', ( #1571 ), #2070, .T. ) ;
#1816 = ORIENTED_EDGE ( 'NONE', *, *, #2271, .F. ) ;
#1817 = CARTESIAN_POINT ( 'NONE',  ( 1506.101355283499743, 385.2500000000000000, 0.5000000000000000000 ) ) ;
#1818 = VERTEX_POINT ( 'NONE', #323 ) ;
#1819 = ORIENTED_EDGE ( 'NONE', *, *, #1581, .T. ) ;
#1820 = DIRECTION ( 'NONE',  ( -0.000000000000000000, -0.000000000000000000, -1.000000000000000000 ) ) ;
#1821 = EDGE_CURVE ( 'NONE', #2458, #868, #2669, .T. ) ;
#1822 = ADVANCED_FACE ( 'NONE', ( #567 ), #2808, .T. ) ;
#1823 = CARTESIAN_POINT ( 'NONE',  ( 1566.644031447200632, 387.7500000000000000, 0.5000000000000000000 ) ) ;
#1824 = VECTOR ( 'NONE', #2523, 1000.000000000000114 ) ;
#1825 = FACE_OUTER_BOUND ( 'NONE', #1987, .T. ) ;
#1826 = ORIENTED_EDGE ( 'NONE', *, *, #1899, .F. ) ;
#1827 = DIRECTION ( 'NONE',  ( 1.000000000000000000, 0.000000000000000000, 0.000000000000000000 ) ) ;
#1828 = CARTESIAN_POINT ( 'NONE',  ( 1505.668342581608385, 414.5000000000001705, 0.5000000000000000000 ) ) ;
#1829 = VECTOR ( 'NONE', #2836, 1000.000000000000000 ) ;
#1830 = ORIENTED_EDGE ( 'NONE', *, *, #2953, .T. ) ;
#1831 = ADVANCED_FACE ( 'NONE', ( #855 ), #338, .F. ) ;
#1832 = DIRECTION ( 'NONE',  ( 0.000000000000000000, 0.000000000000000000, 1.000000000000000000 ) ) ;
#1833 = DIRECTION ( 'NONE',  ( -0.9396926207848881329, -0.3420201433284718595, 0.000000000000000000 ) ) ;
#1834 = VECTOR ( 'NONE', #21, 1000.000000000000000 ) ;
#1835 = ORIENTED_EDGE ( 'NONE', *, *, #448, .T. ) ;
#1836 = VECTOR ( 'NONE', #1943, 1000.000000000000114 ) ;
#1837 = EDGE_CURVE ( 'NONE', #1495, #2458, #1289, .T. ) ;
#1838 = CARTESIAN_POINT ( 'NONE',  ( 1568.831847468220303, 412.0000000000002274, 0.5000000000000000000 ) ) ;
#1839 = ORIENTED_EDGE ( 'NONE', *, *, #2359, .F. ) ;
#1840 = ORIENTED_EDGE ( 'NONE', *, *, #2416, .T. ) ;
#1841 = DIRECTION ( 'NONE',  ( 0.5000000000047607474, -0.8660254037816901285, 0.000000000000000000 ) ) ;
#1842 = DIRECTION ( 'NONE',  ( -1.000000000000000000, 0.000000000000000000, 0.000000000000000000 ) ) ;
#1843 = DIRECTION ( 'NONE',  ( -1.000000000000000000, 0.000000000000000000, 0.000000000000000000 ) ) ;
#1844 = ORIENTED_EDGE ( 'NONE', *, *, #2611, .F. ) ;
#1845 = PLANE ( 'NONE',  #2775 ) ;
#1846 = DIRECTION ( 'NONE',  ( -0.000000000000000000, -0.000000000000000000, -1.000000000000000000 ) ) ;
#1847 = ORIENTED_EDGE ( 'NONE', *, *, #2226, .T. ) ;
#1848 = CARTESIAN_POINT ( 'NONE',  ( 1569.301693778599883, 412.1710100717002661, 0.000000000000000000 ) ) ;
#1849 = EDGE_CURVE ( 'NONE', #2333, #1657, #2788, .T. ) ;
#1850 = AXIS2_PLACEMENT_3D ( 'NONE', #704, #2868, #1707 ) ;
#1851 = AXIS2_PLACEMENT_3D ( 'NONE', #1604, #2341, #143 ) ;
#1852 = ORIENTED_EDGE ( 'NONE', *, *, #114, .T. ) ;
#1853 = EDGE_CURVE ( 'NONE', #2202, #57, #2723, .T. ) ;
#1854 = CARTESIAN_POINT ( 'NONE',  ( 1503.913539262600580, 385.0000000000000000, 0.5000000000000000000 ) ) ;
#1855 = ORIENTED_EDGE ( 'NONE', *, *, #1045, .T. ) ;
#1856 = DIRECTION ( 'NONE',  ( 0.000000000000000000, -1.000000000000000000, 0.000000000000000000 ) ) ;
#1857 = CARTESIAN_POINT ( 'NONE',  ( 1503.913539262616268, 385.4999999999999432, 0.5000000000000000000 ) ) ;
#1858 = ORIENTED_EDGE ( 'NONE', *, *, #2423, .F. ) ;
#1859 = EDGE_CURVE ( 'NONE', #123, #2688, #378, .T. ) ;
#1860 = LINE ( 'NONE', #640, #771 ) ;
#1861 = ORIENTED_EDGE ( 'NONE', *, *, #446, .T. ) ;
#1862 = CARTESIAN_POINT ( 'NONE',  ( 1578.643200557099817, 390.2500000000000000, 0.000000000000000000 ) ) ;
#1863 = DIRECTION ( 'NONE',  ( 0.000000000000000000, 0.000000000000000000, 1.000000000000000000 ) ) ;
#1864 = CARTESIAN_POINT ( 'NONE',  ( 1574.832688780399849, 403.1499999999999204, 0.5000000000000000000 ) ) ;
#1865 = ORIENTED_EDGE ( 'NONE', *, *, #1009, .T. ) ;
#1866 = LINE ( 'NONE', #1391, #1667 ) ;
#1867 = CARTESIAN_POINT ( 'NONE',  ( 1568.831847468199385, 387.5000000000000000, 0.5000000000000000000 ) ) ;
#1868 = LINE ( 'NONE', #1395, #1464 ) ;
#1869 = CARTESIAN_POINT ( 'NONE',  ( 1557.773998861820928, 414.5000000000003411, 0.5000000000000000000 ) ) ;
#1870 = FACE_OUTER_BOUND ( 'NONE', #1738, .T. ) ;
#1871 = VERTEX_POINT ( 'NONE', #1340 ) ;
#1872 = DIRECTION ( 'NONE',  ( -0.3420201433284567605, -0.9396926207848935730, 0.000000000000000000 ) ) ;
#1873 = VERTEX_POINT ( 'NONE', #822 ) ;
#1874 = CARTESIAN_POINT ( 'NONE',  ( 1480.000000000000000, 390.0000000000000000, 0.000000000000000000 ) ) ;
#1875 = EDGE_CURVE ( 'NONE', #2326, #1275, #112, .T. ) ;
#1876 = VECTOR ( 'NONE', #2913, 1000.000000000000000 ) ;
#1877 = PLANE ( 'NONE',  #3133 ) ;
#1878 = CARTESIAN_POINT ( 'NONE',  ( 1503.443692952200081, 414.6710100717002661, 0.5000000000000000000 ) ) ;
#1879 = AXIS2_PLACEMENT_3D ( 'NONE', #158, #1443, #1661 ) ;
#1880 = ORIENTED_EDGE ( 'NONE', *, *, #2462, .T. ) ;
#1881 = DIRECTION ( 'NONE',  ( 0.000000000000000000, -1.000000000000000000, 0.000000000000000000 ) ) ;
#1882 = AXIS2_PLACEMENT_3D ( 'NONE', #1704, #1284, #1040 ) ;
#1883 = CARTESIAN_POINT ( 'NONE',  ( 1556.019195542692387, 414.5000000000002274, 0.000000000000000000 ) ) ;
#1884 = AXIS2_PLACEMENT_3D ( 'NONE', #727, #1515, #1460 ) ;
#1885 = VECTOR ( 'NONE', #954, 1000.000000000000000 ) ;
#1886 = LINE ( 'NONE', #1915, #2760 ) ;
#1887 = ORIENTED_EDGE ( 'NONE', *, *, #462, .F. ) ;
#1888 = EDGE_CURVE ( 'NONE', #774, #2502, #1096, .T. ) ;
#1889 = LINE ( 'NONE', #910, #2660 ) ;
#1890 = ORIENTED_EDGE ( 'NONE', *, *, #664, .F. ) ;
#1891 = AXIS2_PLACEMENT_3D ( 'NONE', #2849, #2574, #1843 ) ;
#1892 = PLANE ( 'NONE',  #2337 ) ;
#1893 = CARTESIAN_POINT ( 'NONE',  ( 1498.276668184599885, 393.3500000000001364, 0.5000000000000000000 ) ) ;
#1894 = AXIS2_PLACEMENT_3D ( 'NONE', #1132, #2106, #3091 ) ;
#1895 = DIRECTION ( 'NONE',  ( -0.000000000000000000, -0.000000000000000000, -1.000000000000000000 ) ) ;
#1896 = AXIS2_PLACEMENT_3D ( 'NONE', #782, #797, #1263 ) ;
#1897 = ORIENTED_EDGE ( 'NONE', *, *, #1257, .T. ) ;
#1898 = ORIENTED_EDGE ( 'NONE', *, *, #2276, .F. ) ;
#1899 = EDGE_CURVE ( 'NONE', #2659, #1578, #44, .T. ) ;
#1900 = CARTESIAN_POINT ( 'NONE',  ( 1494.610493975207874, 388.0000000000000000, 0.5000000000000000000 ) ) ;
#1901 = CARTESIAN_POINT ( 'NONE',  ( 1555.586182840799893, 385.2500000000000000, 0.5000000000000000000 ) ) ;
#1902 = EDGE_CURVE ( 'NONE', #2292, #678, #1031, .T. ) ;
#1903 = CARTESIAN_POINT ( 'NONE',  ( 1567.077044149092899, 412.0000000000002274, 0.5000000000000000000 ) ) ;
#1904 = EDGE_LOOP ( 'NONE', ( #1706, #2947, #362, #2704 ) ) ;
#1905 = LINE ( 'NONE', #2665, #1339 ) ;
#1906 = ORIENTED_EDGE ( 'NONE', *, *, #2825, .T. ) ;
#1907 = DIRECTION ( 'NONE',  ( -1.000000000000000000, 0.000000000000000000, 0.000000000000000000 ) ) ;
#1908 = DIRECTION ( 'NONE',  ( -0.000000000000000000, -0.000000000000000000, -1.000000000000000000 ) ) ;
#1909 = CARTESIAN_POINT ( 'NONE',  ( 1581.687538124400135, 410.0000000000000568, 0.5000000000000000000 ) ) ;
#1910 = LINE ( 'NONE', #1664, #1568 ) ;
#1911 = ORIENTED_EDGE ( 'NONE', *, *, #1499, .T. ) ;
#1912 = VERTEX_POINT ( 'NONE', #1798 ) ;
#1913 = DIRECTION ( 'NONE',  ( -0.3420201433284718040, -0.9396926207848880219, 0.000000000000000000 ) ) ;
#1914 = EDGE_CURVE ( 'NONE', #2225, #2058, #684, .T. ) ;
#1915 = CARTESIAN_POINT ( 'NONE',  ( 1503.913539262600580, 385.0000000000000000, 0.5000000000000000000 ) ) ;
#1916 = VERTEX_POINT ( 'NONE', #1523 ) ;
#1917 = DIRECTION ( 'NONE',  ( 0.000000000000000000, 0.000000000000000000, 1.000000000000000000 ) ) ;
#1918 = CARTESIAN_POINT ( 'NONE',  ( 1556.019195542692387, 414.5000000000002274, 0.5000000000000000000 ) ) ;
#1919 = DIRECTION ( 'NONE',  ( -0.4999999999949055751, -0.8660254037873799104, 0.000000000000000000 ) ) ;
#1920 = CARTESIAN_POINT ( 'NONE',  ( 1552.266418792999730, 410.0000000000000568, 0.5000000000000000000 ) ) ;
#1921 = CARTESIAN_POINT ( 'NONE',  ( 1558.243845172200281, 414.6710100717002661, 0.000000000000000000 ) ) ;
#1922 = CARTESIAN_POINT ( 'NONE',  ( 1561.604350414700320, 406.4000000000000909, 0.5000000000000000000 ) ) ;
#1923 = ORIENTED_EDGE ( 'NONE', *, *, #824, .T. ) ;
#1924 = EDGE_CURVE ( 'NONE', #2583, #2103, #531, .T. ) ;
#1925 = ORIENTED_EDGE ( 'NONE', *, *, #2909, .T. ) ;
#1926 = CIRCLE ( 'NONE', #2791, 0.4999999999999449329 ) ;
#1927 = CARTESIAN_POINT ( 'NONE',  ( 1578.643200557099817, 409.7500000000000568, 0.5000000000000000000 ) ) ;
#1928 = LINE ( 'NONE', #1166, #1671 ) ;
#1929 = EDGE_CURVE ( 'NONE', #2529, #309, #2274, .T. ) ;
#1930 = STYLED_ITEM ( 'NONE', ( #1810 ), #1017 ) ;
#1931 = AXIS2_PLACEMENT_3D ( 'NONE', #1072, #153, #2556 ) ;
#1932 = EDGE_LOOP ( 'NONE', ( #2179, #2362, #594, #1321 ) ) ;
#1933 = DIRECTION ( 'NONE',  ( 0.000000000000000000, 1.000000000000000000, 0.000000000000000000 ) ) ;
#1934 = VECTOR ( 'NONE', #1650, 1000.000000000000000 ) ;
#1935 = DIRECTION ( 'NONE',  ( 0.000000000000000000, 0.000000000000000000, 1.000000000000000000 ) ) ;
#1936 = DIRECTION ( 'NONE',  ( -0.000000000000000000, -0.000000000000000000, -1.000000000000000000 ) ) ;
#1937 = DIRECTION ( 'NONE',  ( -0.000000000000000000, -0.000000000000000000, -1.000000000000000000 ) ) ;
#1938 = DIRECTION ( 'NONE',  ( -1.000000000000000000, 0.000000000000000000, 0.000000000000000000 ) ) ;
#1939 = CARTESIAN_POINT ( 'NONE',  ( 1480.000000000000000, 410.0000000000000568, 0.5000000000000000000 ) ) ;
#1940 = ORIENTED_EDGE ( 'NONE', *, *, #222, .F. ) ;
#1941 = ORIENTED_EDGE ( 'NONE', *, *, #1594, .F. ) ;
#1942 = ADVANCED_FACE ( 'NONE', ( #2328 ), #129, .T. ) ;
#1943 = DIRECTION ( 'NONE',  ( -0.4999999999928060324, -0.8660254037885921630, 0.000000000000000000 ) ) ;
#1944 = EDGE_CURVE ( 'NONE', #2198, #1749, #1566, .T. ) ;
#1945 = CIRCLE ( 'NONE', #1230, 0.9999999999998898659 ) ;
#1946 = DIRECTION ( 'NONE',  ( 1.000000000000000000, 0.000000000000000000, 0.000000000000000000 ) ) ;
#1947 = PRODUCT_CONTEXT ( 'NONE', #686, 'mechanical' ) ;
#1948 = VECTOR ( 'NONE', #1527, 1000.000000000000227 ) ;
#1949 = VERTEX_POINT ( 'NONE', #2526 ) ;
#1950 = EDGE_CURVE ( 'NONE', #1873, #2245, #389, .T. ) ;
#1951 = DIRECTION ( 'NONE',  ( 1.000000000000000000, 0.000000000000000000, 0.000000000000000000 ) ) ;
#1952 = EDGE_CURVE ( 'NONE', #2500, #2015, #642, .T. ) ;
#1953 = DIRECTION ( 'NONE',  ( 0.000000000000000000, -1.000000000000000000, 0.000000000000000000 ) ) ;
#1954 = DIRECTION ( 'NONE',  ( 0.000000000000000000, 0.000000000000000000, 1.000000000000000000 ) ) ;
#1955 = EDGE_CURVE ( 'NONE', #2187, #2520, #1617, .T. ) ;
#1956 = CARTESIAN_POINT ( 'NONE',  ( 1561.604350414699411, 393.6000000000001933, 0.000000000000000000 ) ) ;
#1957 = CARTESIAN_POINT ( 'NONE',  ( 1517.615012506900030, 390.0000000000000000, 0.5000000000000000000 ) ) ;
#1958 = VERTEX_POINT ( 'NONE', #869 ) ;
#1959 = VERTEX_POINT ( 'NONE', #2065 ) ;
#1960 = ORIENTED_EDGE ( 'NONE', *, *, #1026, .F. ) ;
#1961 = AXIS2_PLACEMENT_3D ( 'NONE', #2324, #2340, #1827 ) ;
#1962 = CARTESIAN_POINT ( 'NONE',  ( 1567.077044149099720, 387.4999999999999432, 0.5000000000000000000 ) ) ;
#1963 = ORIENTED_EDGE ( 'NONE', *, *, #1944, .F. ) ;
#1964 = EDGE_LOOP ( 'NONE', ( #981, #1898, #416, #2930 ) ) ;
#1965 = CARTESIAN_POINT ( 'NONE',  ( 1579.076213258991856, 409.5000000000000000, 0.5000000000000000000 ) ) ;
#1966 = CARTESIAN_POINT ( 'NONE',  ( 1568.831847468200294, 412.5000000000003411, 0.000000000000000000 ) ) ;
#1967 = DIRECTION ( 'NONE',  ( 0.000000000000000000, 0.000000000000000000, 1.000000000000000000 ) ) ;
#1968 = CARTESIAN_POINT ( 'NONE',  ( 1563.410869939800705, 406.6500000000001478, 0.000000000000000000 ) ) ;
#1969 = LINE ( 'NONE', #2941, #405 ) ;
#1970 = EDGE_CURVE ( 'NONE', #1205, #2140, #817, .T. ) ;
#1971 = VERTEX_POINT ( 'NONE', #2767 ) ;
#1972 = ORIENTED_EDGE ( 'NONE', *, *, #1859, .T. ) ;
#1973 = ORIENTED_EDGE ( 'NONE', *, *, #762, .F. ) ;
#1974 = PLANE ( 'NONE',  #403 ) ;
#1975 = ORIENTED_EDGE ( 'NONE', *, *, #2, .T. ) ;
#1976 = VECTOR ( 'NONE', #377, 1000.000000000000000 ) ;
#1977 = VERTEX_POINT ( 'NONE', #1862 ) ;
#1978 = LINE ( 'NONE', #2957, #1948 ) ;
#1979 = DIRECTION ( 'NONE',  ( -0.000000000000000000, -0.000000000000000000, -1.000000000000000000 ) ) ;
#1980 = DIRECTION ( 'NONE',  ( -0.000000000000000000, -0.000000000000000000, -1.000000000000000000 ) ) ;
#1981 = CIRCLE ( 'NONE', #1884, 0.5000000000001669775 ) ;
#1982 = DIRECTION ( 'NONE',  ( -0.3420201433284567605, 0.9396926207848935730, 0.000000000000000000 ) ) ;
#1983 = VECTOR ( 'NONE', #381, 1000.000000000000000 ) ;
#1984 = FACE_OUTER_BOUND ( 'NONE', #2888, .T. ) ;
#1985 = DIRECTION ( 'NONE',  ( -0.000000000000000000, -0.000000000000000000, -1.000000000000000000 ) ) ;
#1986 = VERTEX_POINT ( 'NONE', #1091 ) ;
#1987 = EDGE_LOOP ( 'NONE', ( #703, #953, #494, #140 ) ) ;
#1988 = LINE ( 'NONE', #1927, #1429 ) ;
#1989 = ORIENTED_EDGE ( 'NONE', *, *, #1257, .F. ) ;
#1990 = EDGE_CURVE ( 'NONE', #1977, #1050, #380, .T. ) ;
#1991 = ORIENTED_EDGE ( 'NONE', *, *, #2119, .F. ) ;
#1992 = CARTESIAN_POINT ( 'NONE',  ( 1530.843769062199726, 425.0000000000205773, 0.000000000000000000 ) ) ;
#1993 = CARTESIAN_POINT ( 'NONE',  ( 1563.410869939800705, 406.6500000000001478, 0.5000000000000000000 ) ) ;
#1994 = AXIS2_PLACEMENT_3D ( 'NONE', #2078, #2096, #3079 ) ;
#1995 = LINE ( 'NONE', #1054, #3005 ) ;
#1996 = AXIS2_PLACEMENT_3D ( 'NONE', #1662, #1954, #482 ) ;
#1997 = CARTESIAN_POINT ( 'NONE',  ( 1573.026169255299919, 402.8999999999998636, 0.5000000000000000000 ) ) ;
#1998 = FACE_OUTER_BOUND ( 'NONE', #1569, .T. ) ;
#1999 = CARTESIAN_POINT ( 'NONE',  ( 1479.500000000000000, 390.5000000000000000, 0.000000000000000000 ) ) ;
#2000 = ORIENTED_EDGE ( 'NONE', *, *, #1431, .F. ) ;
#2001 = ORIENTED_EDGE ( 'NONE', *, *, #1137, .T. ) ;
#2002 = CARTESIAN_POINT ( 'NONE',  ( 1552.266418792999730, 410.0000000000000568, 0.5000000000000000000 ) ) ;
#2003 = EDGE_CURVE ( 'NONE', #1268, #440, #124, .T. ) ;
#2004 = ORIENTED_EDGE ( 'NONE', *, *, #2504, .T. ) ;
#2005 = EDGE_CURVE ( 'NONE', #1461, #1268, #2026, .T. ) ;
#2006 = VERTEX_POINT ( 'NONE', #1809 ) ;
#2007 = CYLINDRICAL_SURFACE ( 'NONE', #977, 0.9999999999998898659 ) ;
#2008 = DIRECTION ( 'NONE',  ( 0.000000000000000000, 0.000000000000000000, 1.000000000000000000 ) ) ;
#2009 = CARTESIAN_POINT ( 'NONE',  ( 1557.773998861784548, 385.5000000000000000, 0.5000000000000000000 ) ) ;
#2010 = CARTESIAN_POINT ( 'NONE',  ( 1569.301693778599883, 412.1710100717002661, 0.5000000000000000000 ) ) ;
#2011 = DIRECTION ( 'NONE',  ( 1.000000000000000000, 0.000000000000000000, 0.000000000000000000 ) ) ;
#2012 = CARTESIAN_POINT ( 'NONE',  ( 1567.077044149092899, 388.0000000000001137, 0.5000000000000000000 ) ) ;
#2013 = ORIENTED_EDGE ( 'NONE', *, *, #254, .T. ) ;
#2014 = ORIENTED_EDGE ( 'NONE', *, *, #167, .F. ) ;
#2015 = VERTEX_POINT ( 'NONE', #1106 ) ;
#2016 = DIRECTION ( 'NONE',  ( 0.000000000000000000, 0.000000000000000000, 1.000000000000000000 ) ) ;
#2017 = ADVANCED_FACE ( 'NONE', ( #2591 ), #2080, .F. ) ;
#2018 = EDGE_LOOP ( 'NONE', ( #1593, #1042, #2110, #355 ) ) ;
#2019 = ORIENTED_EDGE ( 'NONE', *, *, #739, .T. ) ;
#2020 = ORIENTED_EDGE ( 'NONE', *, *, #805, .F. ) ;
#2021 = FACE_OUTER_BOUND ( 'NONE', #1304, .T. ) ;
#2022 = VECTOR ( 'NONE', #3172, 1000.000000000000000 ) ;
#2023 = CARTESIAN_POINT ( 'NONE',  ( 1495.043506677099913, 387.7500000000000000, 0.5000000000000000000 ) ) ;
#2024 = CARTESIAN_POINT ( 'NONE',  ( 1483.044337567300317, 390.2500000000000000, 0.5000000000000000000 ) ) ;
#2025 = DIRECTION ( 'NONE',  ( 0.8660254037893899692, -0.4999999999914240822, 0.000000000000000000 ) ) ;
#2026 = LINE ( 'NONE', #3044, #1702 ) ;
#2027 = VECTOR ( 'NONE', #2546, 1000.000000000000000 ) ;
#2028 = LINE ( 'NONE', #1505, #3059 ) ;
#2029 = ADVANCED_FACE ( 'NONE', ( #613 ), #1845, .F. ) ;
#2030 = CIRCLE ( 'NONE', #2800, 20.00000000000001776 ) ;
#2031 = EDGE_LOOP ( 'NONE', ( #2635, #2777, #2981, #447 ) ) ;
#2032 = VECTOR ( 'NONE', #2645, 1000.000000000000000 ) ;
#2033 = VERTEX_POINT ( 'NONE', #2819 ) ;
#2034 = CIRCLE ( 'NONE', #2348, 0.5000000000001669775 ) ;
#2035 = DIRECTION ( 'NONE',  ( 0.000000000000000000, 0.000000000000000000, 1.000000000000000000 ) ) ;
#2036 = VERTEX_POINT ( 'NONE', #850 ) ;
#2037 = LINE ( 'NONE', #2535, #2696 ) ;
#2038 = ORIENTED_EDGE ( 'NONE', *, *, #2369, .F. ) ;
#2039 = EDGE_LOOP ( 'NONE', ( #344, #670, #2822, #474 ) ) ;
#2040 = FACE_OUTER_BOUND ( 'NONE', #2759, .T. ) ;
#2041 = DIRECTION ( 'NONE',  ( 1.000000000000000000, 0.000000000000000000, 0.000000000000000000 ) ) ;
#2042 = DIRECTION ( 'NONE',  ( 0.4999999999928022576, -0.8660254037885942724, 0.000000000000000000 ) ) ;
#2043 = EDGE_CURVE ( 'NONE', #2692, #1652, #1143, .T. ) ;
#2044 = EDGE_CURVE ( 'NONE', #2678, #2721, #3082, .T. ) ;
#2045 = DIRECTION ( 'NONE',  ( 1.000000000000000000, 0.000000000000000000, 0.000000000000000000 ) ) ;
#2046 = VECTOR ( 'NONE', #1580, 1000.000000000000000 ) ;
#2047 = DIRECTION ( 'NONE',  ( 0.3420201433284718040, 0.9396926207848880219, 0.000000000000000000 ) ) ;
#2048 = CIRCLE ( 'NONE', #470, 0.9999999999998898659 ) ;
#2049 = CARTESIAN_POINT ( 'NONE',  ( 1578.643200557099817, 390.2500000000000000, 0.5000000000000000000 ) ) ;
#2050 = EDGE_CURVE ( 'NONE', #368, #2617, #2561, .T. ) ;
#2051 = ORIENTED_EDGE ( 'NONE', *, *, #1112, .T. ) ;
#2052 = EDGE_LOOP ( 'NONE', ( #746, #49, #207, #2595 ) ) ;
#2053 = FACE_OUTER_BOUND ( 'NONE', #290, .T. ) ;
#2054 = DIRECTION ( 'NONE',  ( 1.000000000000000000, 0.000000000000000000, 0.000000000000000000 ) ) ;
#2055 = EDGE_CURVE ( 'NONE', #3068, #2692, #1313, .T. ) ;
#2056 = ORIENTED_EDGE ( 'NONE', *, *, #2648, .F. ) ;
#2057 = PLANE ( 'NONE',  #2203 ) ;
#2058 = VERTEX_POINT ( 'NONE', #89 ) ;
#2059 = ORIENTED_EDGE ( 'NONE', *, *, #1026, .T. ) ;
#2060 = DIRECTION ( 'NONE',  ( 1.000000000000000000, 0.000000000000000000, 0.000000000000000000 ) ) ;
#2061 = CARTESIAN_POINT ( 'NONE',  ( 1561.604350414699411, 393.6000000000001933, 0.5000000000000000000 ) ) ;
#2062 = VECTOR ( 'NONE', #3063, 1000.000000000000000 ) ;
#2063 = CARTESIAN_POINT ( 'NONE',  ( 1489.131215179399987, 403.2289899283998693, 0.5000000000000000000 ) ) ;
#2064 = ORIENTED_EDGE ( 'NONE', *, *, #2369, .T. ) ;
#2065 = CARTESIAN_POINT ( 'NONE',  ( 1492.855690656199840, 387.4999999999998863, 0.000000000000000000 ) ) ;
#2066 = FACE_OUTER_BOUND ( 'NONE', #1357, .T. ) ;
#2067 = ADVANCED_FACE ( 'NONE', ( #834 ), #595, .T. ) ;
#2068 = ORIENTED_EDGE ( 'NONE', *, *, #2514, .F. ) ;
#2069 = DIRECTION ( 'NONE',  ( 0.000000000000000000, -0.000000000000000000, -1.000000000000000000 ) ) ;
#2070 = PLANE ( 'NONE',  #1194 ) ;
#2071 = ORIENTED_EDGE ( 'NONE', *, *, #1511, .F. ) ;
#2072 = DIRECTION ( 'NONE',  ( 1.000000000000000000, 0.000000000000000000, 0.000000000000000000 ) ) ;
#2073 = ORIENTED_EDGE ( 'NONE', *, *, #3138, .T. ) ;
#2074 = ORIENTED_EDGE ( 'NONE', *, *, #1330, .F. ) ;
#2075 = CARTESIAN_POINT ( 'NONE',  ( 1578.643200557099817, 390.2500000000000000, 0.5000000000000000000 ) ) ;
#2076 = DIRECTION ( 'NONE',  ( 1.000000000000000000, 0.000000000000000000, 0.000000000000000000 ) ) ;
#2077 = AXIS2_PLACEMENT_3D ( 'NONE', #2304, #1310, #2041 ) ;
#2078 = CARTESIAN_POINT ( 'NONE',  ( 1552.266418792999730, 390.0000000000000000, 0.5000000000000000000 ) ) ;
#2079 = ORIENTED_EDGE ( 'NONE', *, *, #1447, .T. ) ;
#2080 = CYLINDRICAL_SURFACE ( 'NONE', #2214, 0.5000000000001669775 ) ;
#2081 = DIRECTION ( 'NONE',  ( 0.000000000000000000, -0.000000000000000000, -1.000000000000000000 ) ) ;
#2082 = AXIS2_PLACEMENT_3D ( 'NONE', #3134, #2405, #3159 ) ;
#2083 = ADVANCED_FACE ( 'NONE', ( #1333 ), #2309, .F. ) ;
#2084 = CIRCLE ( 'NONE', #2442, 0.9999999999998898659 ) ;
#2085 = VERTEX_POINT ( 'NONE', #1140 ) ;
#2086 = DIRECTION ( 'NONE',  ( -1.000000000000000000, 0.000000000000000000, 0.000000000000000000 ) ) ;
#2087 = DIRECTION ( 'NONE',  ( -1.000000000000000000, 0.000000000000000000, 0.000000000000000000 ) ) ;
#2088 = CIRCLE ( 'NONE', #2190, 0.4999999999999449329 ) ;
#2089 = VERTEX_POINT ( 'NONE', #946 ) ;
#2090 = CIRCLE ( 'NONE', #2805, 0.4999999999999449329 ) ;
#2091 = FACE_OUTER_BOUND ( 'NONE', #2382, .T. ) ;
#2092 = ORIENTED_EDGE ( 'NONE', *, *, #466, .F. ) ;
#2093 = LINE ( 'NONE', #878, #1531 ) ;
#2094 = DIRECTION ( 'NONE',  ( 1.000000000000000000, 0.000000000000000000, 0.000000000000000000 ) ) ;
#2095 = ADVANCED_FACE ( 'NONE', ( #171 ), #1402, .T. ) ;
#2096 = DIRECTION ( 'NONE',  ( 0.000000000000000000, -1.000000000000000000, 0.000000000000000000 ) ) ;
#2097 = ORIENTED_EDGE ( 'NONE', *, *, #2508, .T. ) ;
#2098 = CARTESIAN_POINT ( 'NONE',  ( 1509.421119331399723, 410.0000000000000568, 0.5000000000000000000 ) ) ;
#2099 = CARTESIAN_POINT ( 'NONE',  ( 1509.421119331384716, 411.0000000000000568, 0.000000000000000000 ) ) ;
#2100 = VECTOR ( 'NONE', #2813, 1000.000000000000000 ) ;
#2101 = LINE ( 'NONE', #1864, #1829 ) ;
#2102 = VECTOR ( 'NONE', #2218, 1000.000000000000000 ) ;
#2103 = VERTEX_POINT ( 'NONE', #1156 ) ;
#2104 = CARTESIAN_POINT ( 'NONE',  ( 1563.410869939800705, 406.6500000000001478, 0.5000000000000000000 ) ) ;
#2105 = CARTESIAN_POINT ( 'NONE',  ( 1558.243845172200281, 414.6710100717002661, 0.5000000000000000000 ) ) ;
#2106 = DIRECTION ( 'NONE',  ( 0.000000000000000000, 0.000000000000000000, 1.000000000000000000 ) ) ;
#2107 = DIRECTION ( 'NONE',  ( 0.000000000000000000, -0.000000000000000000, -1.000000000000000000 ) ) ;
#2108 = EDGE_CURVE ( 'NONE', #3103, #2454, #674, .T. ) ;
#2109 = DIRECTION ( 'NONE',  ( -0.8660254037885942724, -0.4999999999928022576, 0.000000000000000000 ) ) ;
#2110 = ORIENTED_EDGE ( 'NONE', *, *, #926, .T. ) ;
#2111 = CARTESIAN_POINT ( 'NONE',  ( 1558.243845172200281, 414.6710100717002661, 0.5000000000000000000 ) ) ;
#2112 = ORIENTED_EDGE ( 'NONE', *, *, #2694, .F. ) ;
#2113 = DIRECTION ( 'NONE',  ( 0.000000000000000000, 1.000000000000000000, 0.000000000000000000 ) ) ;
#2114 = VECTOR ( 'NONE', #600, 1000.000000000000114 ) ;
#2115 = PLANE ( 'NONE',  #823 ) ;
#2116 = DIRECTION ( 'NONE',  ( 0.000000000000000000, 0.000000000000000000, 1.000000000000000000 ) ) ;
#2117 = ORIENTED_EDGE ( 'NONE', *, *, #1244, .T. ) ;
#2118 = CARTESIAN_POINT ( 'NONE',  ( 1505.668342581607476, 385.5000000000000000, 0.5000000000000000000 ) ) ;
#2119 = EDGE_CURVE ( 'NONE', #571, #1811, #2605, .T. ) ;
#2120 = FACE_OUTER_BOUND ( 'NONE', #806, .T. ) ;
#2121 = CARTESIAN_POINT ( 'NONE',  ( 1488.661368869020407, 396.6000000000001933, 0.000000000000000000 ) ) ;
#2122 = CARTESIAN_POINT ( 'NONE',  ( 1555.586182840799893, 414.7500000000002274, 0.000000000000000000 ) ) ;
#2123 = VECTOR ( 'NONE', #1530, 1000.000000000000000 ) ;
#2124 = ORIENTED_EDGE ( 'NONE', *, *, #249, .T. ) ;
#2125 = DIRECTION ( 'NONE',  ( 0.000000000000000000, -0.000000000000000000, 1.000000000000000000 ) ) ;
#2126 = ORIENTED_EDGE ( 'NONE', *, *, #341, .F. ) ;
#2127 = DIRECTION ( 'NONE',  ( 1.000000000000000000, 0.000000000000000000, 0.000000000000000000 ) ) ;
#2128 = LINE ( 'NONE', #3115, #1441 ) ;
#2129 = DIRECTION ( 'NONE',  ( -0.000000000000000000, -0.000000000000000000, -1.000000000000000000 ) ) ;
#2130 = EDGE_CURVE ( 'NONE', #2721, #346, #429, .T. ) ;
#2131 = AXIS2_PLACEMENT_3D ( 'NONE', #780, #541, #52 ) ;
#2132 = EDGE_LOOP ( 'NONE', ( #3098, #1, #923, #458 ) ) ;
#2133 = ORIENTED_EDGE ( 'NONE', *, *, #529, .F. ) ;
#2134 = DIRECTION ( 'NONE',  ( -0.000000000000000000, -0.000000000000000000, -1.000000000000000000 ) ) ;
#2135 = AXIS2_PLACEMENT_3D ( 'NONE', #2012, #2963, #1567 ) ;
#2136 = LINE ( 'NONE', #1146, #3067 ) ;
#2137 = CIRCLE ( 'NONE', #2186, 0.4999999999999449329 ) ;
#2138 = VECTOR ( 'NONE', #1624, 1000.000000000000000 ) ;
#2139 = DIRECTION ( 'NONE',  ( -0.000000000000000000, -0.000000000000000000, -1.000000000000000000 ) ) ;
#2140 = VERTEX_POINT ( 'NONE', #1874 ) ;
#2141 = CARTESIAN_POINT ( 'NONE',  ( 1483.044337567300317, 409.7500000000000000, 0.000000000000000000 ) ) ;
#2142 = ORIENTED_EDGE ( 'NONE', *, *, #3049, .T. ) ;
#2143 = LINE ( 'NONE', #1428, #76 ) ;
#2144 = LINE ( 'NONE', #2896, #2310 ) ;
#2145 = EDGE_CURVE ( 'NONE', #1765, #930, #1634, .T. ) ;
#2146 = CARTESIAN_POINT ( 'NONE',  ( 1482.611324865408278, 409.4999999999999432, 0.000000000000000000 ) ) ;
#2147 = CARTESIAN_POINT ( 'NONE',  ( 1498.276668184599885, 393.3500000000001364, 0.000000000000000000 ) ) ;
#2148 = EDGE_CURVE ( 'NONE', #2710, #1344, #2283, .T. ) ;
#2149 = ORIENTED_EDGE ( 'NONE', *, *, #1837, .F. ) ;
#2150 = ORIENTED_EDGE ( 'NONE', *, *, #2412, .F. ) ;
#2151 = VECTOR ( 'NONE', #2679, 1000.000000000000000 ) ;
#2152 = VECTOR ( 'NONE', #1846, 1000.000000000000000 ) ;
#2153 = EDGE_CURVE ( 'NONE', #1204, #1205, #2588, .T. ) ;
#2154 = DIRECTION ( 'NONE',  ( -0.000000000000000000, -0.000000000000000000, -1.000000000000000000 ) ) ;
#2155 = DIRECTION ( 'NONE',  ( -0.000000000000000000, -0.000000000000000000, -1.000000000000000000 ) ) ;
#2156 = VERTEX_POINT ( 'NONE', #959 ) ;
#2157 = LINE ( 'NONE', #3154, #2248 ) ;
#2158 = DIRECTION ( 'NONE',  ( -0.000000000000000000, -0.000000000000000000, -1.000000000000000000 ) ) ;
#2159 = FACE_OUTER_BOUND ( 'NONE', #3035, .T. ) ;
#2160 = EDGE_CURVE ( 'NONE', #194, #71, #2181, .T. ) ;
#2161 = DIRECTION ( 'NONE',  ( -0.000000000000000000, -0.000000000000000000, -1.000000000000000000 ) ) ;
#2162 = LINE ( 'NONE', #937, #1772 ) ;
#2163 = AXIS2_PLACEMENT_3D ( 'NONE', #1123, #628, #70 ) ;
#2164 = ORIENTED_EDGE ( 'NONE', *, *, #2932, .T. ) ;
#2165 = EDGE_CURVE ( 'NONE', #2786, #2202, #720, .T. ) ;
#2166 = ORIENTED_EDGE ( 'NONE', *, *, #1548, .T. ) ;
#2167 = CARTESIAN_POINT ( 'NONE',  ( 1582.187538124400135, 390.5000000000000000, 0.000000000000000000 ) ) ;
#2168 = DIRECTION ( 'NONE',  ( 1.000000000000000000, 0.000000000000000000, 0.000000000000000000 ) ) ;
#2169 = SHAPE_DEFINITION_REPRESENTATION ( #2607, #426 ) ;
#2170 = ORIENTED_EDGE ( 'NONE', *, *, #1924, .F. ) ;
#2171 = CARTESIAN_POINT ( 'NONE',  ( 1482.611324865400093, 390.0000000000000000, 0.000000000000000000 ) ) ;
#2172 = CARTESIAN_POINT ( 'NONE',  ( 1489.131215179399987, 396.7710100716999477, 0.5000000000000000000 ) ) ;
#2173 = FACE_OUTER_BOUND ( 'NONE', #1559, .T. ) ;
#2174 = ADVANCED_FACE ( 'NONE', ( #2415 ), #1892, .F. ) ;
#2175 = CARTESIAN_POINT ( 'NONE',  ( 1503.443692952200081, 385.3289899284000057, 0.5000000000000000000 ) ) ;
#2176 = DIRECTION ( 'NONE',  ( -0.3420201433284567605, -0.9396926207848935730, 0.000000000000000000 ) ) ;
#2177 = DIRECTION ( 'NONE',  ( 1.000000000000000000, 0.000000000000000000, 0.000000000000000000 ) ) ;
#2178 = EDGE_CURVE ( 'NONE', #64, #2502, #1621, .T. ) ;
#2179 = ORIENTED_EDGE ( 'NONE', *, *, #301, .F. ) ;
#2180 = ORIENTED_EDGE ( 'NONE', *, *, #113, .T. ) ;
#2181 = CIRCLE ( 'NONE', #547, 0.5000000000001669775 ) ;
#2182 = DIRECTION ( 'NONE',  ( 0.000000000000000000, -0.000000000000000000, -1.000000000000000000 ) ) ;
#2183 = DIRECTION ( 'NONE',  ( 0.000000000000000000, 0.000000000000000000, 1.000000000000000000 ) ) ;
#2184 = AXIS2_PLACEMENT_3D ( 'NONE', #300, #2254, #799 ) ;
#2185 = EDGE_CURVE ( 'NONE', #2225, #646, #2622, .T. ) ;
#2186 = AXIS2_PLACEMENT_3D ( 'NONE', #2524, #2915, #2177 ) ;
#2187 = VERTEX_POINT ( 'NONE', #1384 ) ;
#2188 = VECTOR ( 'NONE', #743, 1000.000000000000000 ) ;
#2189 = DIRECTION ( 'NONE',  ( 1.000000000000000000, 0.000000000000000000, 0.000000000000000000 ) ) ;
#2190 = AXIS2_PLACEMENT_3D ( 'NONE', #68, #2672, #796 ) ;
#2191 = DIRECTION ( 'NONE',  ( -0.000000000000000000, -0.000000000000000000, -1.000000000000000000 ) ) ;
#2192 = CARTESIAN_POINT ( 'NONE',  ( 1561.604350414699411, 393.6000000000002501, 0.5000000000000000000 ) ) ;
#2193 = EDGE_CURVE ( 'NONE', #2036, #1497, #2143, .T. ) ;
#2194 = CARTESIAN_POINT ( 'NONE',  ( 1566.644031447200632, 412.2500000000002274, 0.000000000000000000 ) ) ;
#2195 = DIRECTION ( 'NONE',  ( 0.000000000000000000, 0.000000000000000000, 1.000000000000000000 ) ) ;
#2196 = LINE ( 'NONE', #1023, #2492 ) ;
#2197 = VERTEX_POINT ( 'NONE', #2652 ) ;
#2198 = VERTEX_POINT ( 'NONE', #3142 ) ;
#2199 = ORIENTED_EDGE ( 'NONE', *, *, #2618, .F. ) ;
#2200 = DIRECTION ( 'NONE',  ( 1.000000000000000000, 0.000000000000000000, 0.000000000000000000 ) ) ;
#2201 = AXIS2_PLACEMENT_3D ( 'NONE', #327, #2779, #637 ) ;
#2202 = VERTEX_POINT ( 'NONE', #1693 ) ;
#2203 = AXIS2_PLACEMENT_3D ( 'NONE', #1323, #1488, #2461 ) ;
#2204 = VECTOR ( 'NONE', #3003, 1000.000000000000000 ) ;
#2205 = ORIENTED_EDGE ( 'NONE', *, *, #1174, .T. ) ;
#2206 = ADVANCED_FACE ( 'NONE', ( #692 ), #199, .F. ) ;
#2207 = PLANE ( 'NONE',  #2764 ) ;
#2208 = DIRECTION ( 'NONE',  ( -1.000000000000000000, 0.000000000000000000, 0.000000000000000000 ) ) ;
#2209 = CARTESIAN_POINT ( 'NONE',  ( 1494.610493975207874, 388.0000000000000000, 0.000000000000000000 ) ) ;
#2210 = CYLINDRICAL_SURFACE ( 'NONE', #902, 0.5000000000001669775 ) ;
#2211 = PLANE ( 'NONE',  #456 ) ;
#2212 = ORIENTED_EDGE ( 'NONE', *, *, #2962, .F. ) ;
#2213 = EDGE_LOOP ( 'NONE', ( #1191, #1060, #1795, #1847 ) ) ;
#2214 = AXIS2_PLACEMENT_3D ( 'NONE', #1603, #1547, #333 ) ;
#2215 = CARTESIAN_POINT ( 'NONE',  ( 1563.410869939800705, 393.3500000000001364, 0.5000000000000000000 ) ) ;
#2216 = ORIENTED_EDGE ( 'NONE', *, *, #247, .T. ) ;
#2217 = ORIENTED_EDGE ( 'NONE', *, *, #1484, .F. ) ;
#2218 = DIRECTION ( 'NONE',  ( -0.000000000000000000, -0.000000000000000000, -1.000000000000000000 ) ) ;
#2219 = DIRECTION ( 'NONE',  ( 1.000000000000000000, 0.000000000000000000, 0.000000000000000000 ) ) ;
#2220 = CARTESIAN_POINT ( 'NONE',  ( 1574.832688780399849, 403.1499999999999204, 0.5000000000000000000 ) ) ;
#2221 = CARTESIAN_POINT ( 'NONE',  ( 1557.773998861799782, 385.0000000000000000, 0.5000000000000000000 ) ) ;
#2222 = DIRECTION ( 'NONE',  ( 0.8660254037885921630, -0.4999999999928060879, 0.000000000000000000 ) ) ;
#2223 = LINE ( 'NONE', #1549, #1167 ) ;
#2224 = ORIENTED_EDGE ( 'NONE', *, *, #790, .T. ) ;
#2225 = VERTEX_POINT ( 'NONE', #2172 ) ;
#2226 = EDGE_CURVE ( 'NONE', #1578, #1094, #2636, .T. ) ;
#2227 = LINE ( 'NONE', #2215, #2445 ) ;
#2228 = AXIS2_PLACEMENT_3D ( 'NONE', #1647, #1172, #2895 ) ;
#2229 = ORIENTED_EDGE ( 'NONE', *, *, #2259, .T. ) ;
#2230 = VECTOR ( 'NONE', #3047, 1000.000000000000000 ) ;
#2231 = ORIENTED_EDGE ( 'NONE', *, *, #3174, .T. ) ;
#2232 = CARTESIAN_POINT ( 'NONE',  ( 1567.077044149092899, 412.0000000000002274, 0.5000000000000000000 ) ) ;
#2233 = FACE_OUTER_BOUND ( 'NONE', #1565, .T. ) ;
#2234 = AXIS2_PLACEMENT_3D ( 'NONE', #2601, #2320, #385 ) ;
#2235 = DIRECTION ( 'NONE',  ( 1.000000000000000000, 0.000000000000000000, -0.000000000000000000 ) ) ;
#2236 = CIRCLE ( 'NONE', #291, 0.9999999999998898659 ) ;
#2237 = AXIS2_PLACEMENT_3D ( 'NONE', #2748, #2249, #485 ) ;
#2238 = PLANE ( 'NONE',  #2705 ) ;
#2239 = DIRECTION ( 'NONE',  ( 0.000000000000000000, 0.000000000000000000, 1.000000000000000000 ) ) ;
#2240 = ORIENTED_EDGE ( 'NONE', *, *, #2897, .F. ) ;
#2241 = EDGE_CURVE ( 'NONE', #2015, #2621, #1755, .T. ) ;
#2242 = ORIENTED_EDGE ( 'NONE', *, *, #51, .T. ) ;
#2243 = DIRECTION ( 'NONE',  ( -1.000000000000000000, 0.000000000000000000, 0.000000000000000000 ) ) ;
#2244 = ORIENTED_EDGE ( 'NONE', *, *, #997, .F. ) ;
#2245 = VERTEX_POINT ( 'NONE', #1036 ) ;
#2246 = CARTESIAN_POINT ( 'NONE',  ( 1495.043506677099913, 387.7500000000000000, 0.5000000000000000000 ) ) ;
#2247 = DIRECTION ( 'NONE',  ( 0.3420201433284567605, -0.9396926207848935730, 0.000000000000000000 ) ) ;
#2248 = VECTOR ( 'NONE', #227, 1000.000000000000000 ) ;
#2249 = DIRECTION ( 'NONE',  ( -0.9396926207860666347, -0.3420201433252341161, 0.000000000000000000 ) ) ;
#2250 = CIRCLE ( 'NONE', #2711, 0.4999999999999449329 ) ;
#2251 = DIRECTION ( 'NONE',  ( 0.000000000000000000, 0.000000000000000000, 1.000000000000000000 ) ) ;
#2252 = DIRECTION ( 'NONE',  ( 0.000000000000000000, 1.000000000000000000, 0.000000000000000000 ) ) ;
#2253 = EDGE_CURVE ( 'NONE', #570, #1597, #1514, .T. ) ;
#2254 = DIRECTION ( 'NONE',  ( -0.000000000000000000, -0.000000000000000000, -1.000000000000000000 ) ) ;
#2255 = ORIENTED_EDGE ( 'NONE', *, *, #1193, .T. ) ;
#2256 = VERTEX_POINT ( 'NONE', #1229 ) ;
#2257 = ORIENTED_EDGE ( 'NONE', *, *, #357, .T. ) ;
#2258 = DIRECTION ( 'NONE',  ( -1.000000000000000000, 0.000000000000000000, 0.000000000000000000 ) ) ;
#2259 = EDGE_CURVE ( 'NONE', #1495, #678, #337, .T. ) ;
#2260 = ORIENTED_EDGE ( 'NONE', *, *, #348, .T. ) ;
#2261 = AXIS2_PLACEMENT_3D ( 'NONE', #1062, #1538, #2532 ) ;
#2262 = ORIENTED_EDGE ( 'NONE', *, *, #2563, .T. ) ;
#2263 = VERTEX_POINT ( 'NONE', #1003 ) ;
#2264 = CARTESIAN_POINT ( 'NONE',  ( 1561.134504104299822, 393.2710100716999477, 0.5000000000000000000 ) ) ;
#2265 = ADVANCED_FACE ( 'NONE', ( #2233 ), #228, .F. ) ;
#2266 = LINE ( 'NONE', #591, #1002 ) ;
#2267 = PLANE ( 'NONE',  #2858 ) ;
#2268 = DIRECTION ( 'NONE',  ( -0.000000000000000000, -0.000000000000000000, -1.000000000000000000 ) ) ;
#2269 = DIRECTION ( 'NONE',  ( 0.5000000000068255401, 0.8660254037804978600, 0.000000000000000000 ) ) ;
#2270 = DIRECTION ( 'NONE',  ( -0.000000000000000000, -0.000000000000000000, -1.000000000000000000 ) ) ;
#2271 = EDGE_CURVE ( 'NONE', #2575, #408, #2489, .T. ) ;
#2272 = ORIENTED_EDGE ( 'NONE', *, *, #2148, .T. ) ;
#2273 = VERTEX_POINT ( 'NONE', #1966 ) ;
#2274 = LINE ( 'NONE', #583, #2467 ) ;
#2275 = ORIENTED_EDGE ( 'NONE', *, *, #2942, .T. ) ;
#2276 = EDGE_CURVE ( 'NONE', #2499, #2103, #278, .T. ) ;
#2277 = AXIS2_PLACEMENT_3D ( 'NONE', #3158, #2418, #2625 ) ;
#2278 = ADVANCED_FACE ( 'NONE', ( #2473 ), #36, .F. ) ;
#2279 = ORIENTED_EDGE ( 'NONE', *, *, #643, .F. ) ;
#2280 = ORIENTED_EDGE ( 'NONE', *, *, #22, .T. ) ;
#2281 = FACE_OUTER_BOUND ( 'NONE', #1178, .T. ) ;
#2282 = EDGE_CURVE ( 'NONE', #2263, #868, #2715, .T. ) ;
#2283 = CIRCLE ( 'NONE', #1513, 0.4999999999999449329 ) ;
#2284 = DIRECTION ( 'NONE',  ( 1.000000000000000000, 0.000000000000000000, 0.000000000000000000 ) ) ;
#2285 = CARTESIAN_POINT ( 'NONE',  ( 1561.604350414700320, 406.4000000000000909, 0.000000000000000000 ) ) ;
#2286 = FACE_OUTER_BOUND ( 'NONE', #2965, .T. ) ;
#2287 = DIRECTION ( 'NONE',  ( -0.000000000000000000, -0.000000000000000000, -1.000000000000000000 ) ) ;
#2288 = VECTOR ( 'NONE', #2865, 1000.000000000000000 ) ;
#2289 = EDGE_CURVE ( 'NONE', #151, #729, #1370, .T. ) ;
#2290 = CARTESIAN_POINT ( 'NONE',  ( 1581.687538124400135, 410.0000000000000568, 0.5000000000000000000 ) ) ;
#2291 = VECTOR ( 'NONE', #2076, 1000.000000000000000 ) ;
#2292 = VERTEX_POINT ( 'NONE', #795 ) ;
#2293 = AXIS2_PLACEMENT_3D ( 'NONE', #2906, #1750, #1736 ) ;
#2294 = EDGE_LOOP ( 'NONE', ( #77, #3043, #1348, #65 ) ) ;
#2295 = DIRECTION ( 'NONE',  ( -1.000000000000000000, 0.000000000000000000, 0.000000000000000000 ) ) ;
#2296 = CYLINDRICAL_SURFACE ( 'NONE', #2261, 0.4999999999999449329 ) ;
#2297 = AXIS2_PLACEMENT_3D ( 'NONE', #372, #2558, #2045 ) ;
#2298 = VERTEX_POINT ( 'NONE', #527 ) ;
#2299 = LINE ( 'NONE', #364, #866 ) ;
#2300 = ORIENTED_EDGE ( 'NONE', *, *, #2436, .T. ) ;
#2301 = ORIENTED_EDGE ( 'NONE', *, *, #304, .F. ) ;
#2302 = CARTESIAN_POINT ( 'NONE',  ( 1498.709680886500109, 393.6000000000001364, 0.5000000000000000000 ) ) ;
#2303 = CIRCLE ( 'NONE', #1896, 0.4999999999999449329 ) ;
#2304 = CARTESIAN_POINT ( 'NONE',  ( 1579.076213258991856, 409.5000000000000000, 0.5000000000000000000 ) ) ;
#2305 = DIRECTION ( 'NONE',  ( 0.000000000000000000, 0.000000000000000000, 1.000000000000000000 ) ) ;
#2306 = EDGE_CURVE ( 'NONE', #2421, #71, #1260, .T. ) ;
#2307 = CARTESIAN_POINT ( 'NONE',  ( 1480.000000000000000, 409.5000000000000568, 0.5000000000000000000 ) ) ;
#2308 = ORIENTED_EDGE ( 'NONE', *, *, #1837, .T. ) ;
#2309 = PLANE ( 'NONE',  #270 ) ;
#2310 = VECTOR ( 'NONE', #3130, 1000.000000000000000 ) ;
#2311 = DIRECTION ( 'NONE',  ( 0.000000000000000000, 0.000000000000000000, 1.000000000000000000 ) ) ;
#2312 = ORIENTED_EDGE ( 'NONE', *, *, #247, .F. ) ;
#2313 = LINE ( 'NONE', #1589, #1976 ) ;
#2314 = CARTESIAN_POINT ( 'NONE',  ( 1495.043506677099913, 387.7500000000000000, 0.000000000000000000 ) ) ;
#2315 = ORIENTED_EDGE ( 'NONE', *, *, #2185, .T. ) ;
#2316 = LINE ( 'NONE', #1817, #1029 ) ;
#2317 = ORIENTED_EDGE ( 'NONE', *, *, #901, .T. ) ;
#2318 = ORIENTED_EDGE ( 'NONE', *, *, #1722, .T. ) ;
#2319 = DIRECTION ( 'NONE',  ( 0.000000000000000000, 0.000000000000000000, 1.000000000000000000 ) ) ;
#2320 = DIRECTION ( 'NONE',  ( 0.000000000000000000, 1.000000000000000000, 0.000000000000000000 ) ) ;
#2321 = VECTOR ( 'NONE', #3028, 1000.000000000000000 ) ;
#2322 = DIRECTION ( 'NONE',  ( 0.3420201433252255119, 0.9396926207860697433, 0.000000000000000000 ) ) ;
#2323 = ORIENTED_EDGE ( 'NONE', *, *, #529, .T. ) ;
#2324 = CARTESIAN_POINT ( 'NONE',  ( 1579.076213258991856, 390.5000000000001137, 0.000000000000000000 ) ) ;
#2325 = CARTESIAN_POINT ( 'NONE',  ( 1573.026169255299919, 402.8999999999998636, 0.5000000000000000000 ) ) ;
#2326 = VERTEX_POINT ( 'NONE', #296 ) ;
#2327 = CARTESIAN_POINT ( 'NONE',  ( 1479.500000000000000, 390.5000000000000000, 0.5000000000000000000 ) ) ;
#2328 = FACE_OUTER_BOUND ( 'NONE', #2469, .T. ) ;
#2329 = EDGE_CURVE ( 'NONE', #1000, #1871, #394, .T. ) ;
#2330 = ORIENTED_EDGE ( 'NONE', *, *, #1929, .T. ) ;
#2331 = EDGE_CURVE ( 'NONE', #2774, #956, #24, .T. ) ;
#2332 = CARTESIAN_POINT ( 'NONE',  ( 1495.043506677099913, 412.2500000000002274, 0.5000000000000000000 ) ) ;
#2333 = VERTEX_POINT ( 'NONE', #2698 ) ;
#2334 = ORIENTED_EDGE ( 'NONE', *, *, #890, .F. ) ;
#2335 = FACE_OUTER_BOUND ( 'NONE', #181, .T. ) ;
#2336 = CARTESIAN_POINT ( 'NONE',  ( 1492.855690656199840, 412.5000000000002274, 0.5000000000000000000 ) ) ;
#2337 = AXIS2_PLACEMENT_3D ( 'NONE', #2401, #1199, #2870 ) ;
#2338 = PLANE ( 'NONE',  #1994 ) ;
#2339 = ORIENTED_EDGE ( 'NONE', *, *, #3008, .T. ) ;
#2340 = DIRECTION ( 'NONE',  ( 0.000000000000000000, 0.000000000000000000, 1.000000000000000000 ) ) ;
#2341 = DIRECTION ( 'NONE',  ( -0.000000000000000000, -0.000000000000000000, -1.000000000000000000 ) ) ;
#2342 = VECTOR ( 'NONE', #2129, 1000.000000000000000 ) ;
#2343 = VECTOR ( 'NONE', #3152, 1000.000000000000000 ) ;
#2344 = PLANE ( 'NONE',  #2392 ) ;
#2345 = ADVANCED_FACE ( 'NONE', ( #2428 ), #765, .F. ) ;
#2346 = CIRCLE ( 'NONE', #351, 0.4999999999999449329 ) ;
#2347 = ADVANCED_FACE ( 'NONE', ( #512 ), #975, .F. ) ;
#2348 = AXIS2_PLACEMENT_3D ( 'NONE', #532, #10, #1759 ) ;
#2349 = ORIENTED_EDGE ( 'NONE', *, *, #2153, .F. ) ;
#2350 = CARTESIAN_POINT ( 'NONE',  ( 1479.500000000000000, 390.5000000000000000, 0.5000000000000000000 ) ) ;
#2351 = LINE ( 'NONE', #650, #2437 ) ;
#2352 = CARTESIAN_POINT ( 'NONE',  ( 1500.083187709700042, 393.6000000000001933, 0.5000000000000000000 ) ) ;
#2353 = FACE_OUTER_BOUND ( 'NONE', #2052, .T. ) ;
#2354 = ORIENTED_EDGE ( 'NONE', *, *, #190, .F. ) ;
#2355 = DIRECTION ( 'NONE',  ( -0.000000000000000000, -0.000000000000000000, -1.000000000000000000 ) ) ;
#2356 = ORIENTED_EDGE ( 'NONE', *, *, #716, .F. ) ;
#2357 = CARTESIAN_POINT ( 'NONE',  ( 1480.000000000000000, 390.5000000000000000, 0.5000000000000000000 ) ) ;
#2358 = DIRECTION ( 'NONE',  ( -1.000000000000000000, 0.000000000000000000, 0.000000000000000000 ) ) ;
#2359 = EDGE_CURVE ( 'NONE', #956, #691, #2973, .T. ) ;
#2360 = DIRECTION ( 'NONE',  ( 1.000000000000000000, 0.000000000000000000, 0.000000000000000000 ) ) ;
#2361 = AXIS2_PLACEMENT_3D ( 'NONE', #1992, #1754, #2060 ) ;
#2362 = ORIENTED_EDGE ( 'NONE', *, *, #423, .F. ) ;
#2363 = DIRECTION ( 'NONE',  ( 0.5000000000043915982, 0.8660254037819031803, 0.000000000000000000 ) ) ;
#2364 = DIRECTION ( 'NONE',  ( -0.8660254037804979710, 0.5000000000068255401, 0.000000000000000000 ) ) ;
#2365 = DIRECTION ( 'NONE',  ( -0.000000000000000000, -0.000000000000000000, -1.000000000000000000 ) ) ;
#2366 = FACE_OUTER_BOUND ( 'NONE', #1179, .T. ) ;
#2367 = APPLICATION_PROTOCOL_DEFINITION ( 'draft international standard', 'automotive_design', 1998, #1278 ) ;
#2368 = EDGE_LOOP ( 'NONE', ( #1316, #2279, #97, #1761 ) ) ;
#2369 = EDGE_CURVE ( 'NONE', #1383, #42, #5, .T. ) ;
#2370 = CYLINDRICAL_SURFACE ( 'NONE', #1891, 0.4999999999999449329 ) ;
#2371 = EDGE_LOOP ( 'NONE', ( #519, #2876, #1411, #2308 ) ) ;
#2372 = CARTESIAN_POINT ( 'NONE',  ( 1562.977857237900253, 393.6000000000001933, 0.5000000000000000000 ) ) ;
#2373 = VECTOR ( 'NONE', #2158, 1000.000000000000000 ) ;
#2374 = DIRECTION ( 'NONE',  ( 1.000000000000000000, 0.000000000000000000, 0.000000000000000000 ) ) ;
#2375 = DIRECTION ( 'NONE',  ( -0.000000000000000000, -0.000000000000000000, -1.000000000000000000 ) ) ;
#2376 = ORIENTED_EDGE ( 'NONE', *, *, #1247, .F. ) ;
#2377 = CARTESIAN_POINT ( 'NONE',  ( 1500.083187709700042, 393.6000000000001933, 0.5000000000000000000 ) ) ;
#2378 = FACE_OUTER_BOUND ( 'NONE', #2039, .T. ) ;
#2379 = DIRECTION ( 'NONE',  ( -0.000000000000000000, -0.000000000000000000, -1.000000000000000000 ) ) ;
#2380 = EDGE_CURVE ( 'NONE', #123, #3054, #1053, .T. ) ;
#2381 = DIRECTION ( 'NONE',  ( 1.000000000000000000, 0.000000000000000000, 0.000000000000000000 ) ) ;
#2382 = EDGE_LOOP ( 'NONE', ( #1168, #3087, #2224, #1861 ) ) ;
#2383 = EDGE_CURVE ( 'NONE', #3153, #1477, #427, .T. ) ;
#2384 = CARTESIAN_POINT ( 'NONE',  ( 1486.854849343900241, 403.1499999999999204, 0.5000000000000000000 ) ) ;
#2385 = ORIENTED_EDGE ( 'NONE', *, *, #1233, .F. ) ;
#2386 = DIRECTION ( 'NONE',  ( 0.000000000000000000, 0.000000000000000000, 1.000000000000000000 ) ) ;
#2387 = DIRECTION ( 'NONE',  ( 1.000000000000000000, 0.000000000000000000, 0.000000000000000000 ) ) ;
#2388 = AXIS2_PLACEMENT_3D ( 'NONE', #84, #2763, #2861 ) ;
#2389 = DIRECTION ( 'NONE',  ( 0.000000000000000000, -1.000000000000000000, 0.000000000000000000 ) ) ;
#2390 = EDGE_CURVE ( 'NONE', #2198, #2500, #748, .T. ) ;
#2391 = DIRECTION ( 'NONE',  ( 1.000000000000000000, 0.000000000000000000, 0.000000000000000000 ) ) ;
#2392 = AXIS2_PLACEMENT_3D ( 'NONE', #3101, #2549, #2069 ) ;
#2393 = VERTEX_POINT ( 'NONE', #2377 ) ;
#2394 = EDGE_LOOP ( 'NONE', ( #302, #2479, #952, #756 ) ) ;
#2395 = LINE ( 'NONE', #2105, #1627 ) ;
#2396 = AXIS2_PLACEMENT_3D ( 'NONE', #2630, #2878, #210 ) ;
#2397 = CARTESIAN_POINT ( 'NONE',  ( 1556.019195542700118, 385.0000000000000000, 0.000000000000000000 ) ) ;
#2398 = EDGE_CURVE ( 'NONE', #745, #368, #2536, .T. ) ;
#2399 = ORIENTED_EDGE ( 'NONE', *, *, #2453, .T. ) ;
#2400 = DIRECTION ( 'NONE',  ( -0.000000000000000000, -0.000000000000000000, -1.000000000000000000 ) ) ;
#2401 = CARTESIAN_POINT ( 'NONE',  ( 1509.421119331399723, 390.0000000000000000, 0.5000000000000000000 ) ) ;
#2402 = ADVANCED_FACE ( 'NONE', ( #1164 ), #904, .F. ) ;
#2403 = LINE ( 'NONE', #1415, #1489 ) ;
#2404 = LINE ( 'NONE', #1909, #1720 ) ;
#2405 = DIRECTION ( 'NONE',  ( -0.000000000000000000, -0.000000000000000000, -1.000000000000000000 ) ) ;
#2406 = EDGE_LOOP ( 'NONE', ( #1839, #2778, #1830, #1605 ) ) ;
#2407 = ORIENTED_EDGE ( 'NONE', *, *, #2380, .F. ) ;
#2408 = VECTOR ( 'NONE', #2894, 1000.000000000000000 ) ;
#2409 = AXIS2_PLACEMENT_3D ( 'NONE', #404, #1141, #375 ) ;
#2410 = CARTESIAN_POINT ( 'NONE',  ( 1508.555093927600183, 410.5000000000002274, 0.5000000000000000000 ) ) ;
#2411 = DIRECTION ( 'NONE',  ( -0.4999999999928060324, -0.8660254037885921630, 0.000000000000000000 ) ) ;
#2412 = EDGE_CURVE ( 'NONE', #1240, #2703, #1145, .T. ) ;
#2413 = ORIENTED_EDGE ( 'NONE', *, *, #3096, .F. ) ;
#2414 = LINE ( 'NONE', #1427, #876 ) ;
#2415 = FACE_OUTER_BOUND ( 'NONE', #26, .T. ) ;
#2416 = EDGE_CURVE ( 'NONE', #408, #3112, #2943, .T. ) ;
#2417 = DIRECTION ( 'NONE',  ( 1.000000000000000000, 0.000000000000000000, 0.000000000000000000 ) ) ;
#2418 = DIRECTION ( 'NONE',  ( -0.000000000000000000, -0.000000000000000000, -1.000000000000000000 ) ) ;
#2419 = CARTESIAN_POINT ( 'NONE',  ( 1556.019195542700118, 415.0000000000002842, 0.5000000000000000000 ) ) ;
#2420 = DIRECTION ( 'NONE',  ( -0.000000000000000000, -0.000000000000000000, -1.000000000000000000 ) ) ;
#2421 = VERTEX_POINT ( 'NONE', #2104 ) ;
#2422 = ORIENTED_EDGE ( 'NONE', *, *, #2694, .T. ) ;
#2423 = EDGE_CURVE ( 'NONE', #967, #1765, #599, .T. ) ;
#2424 = DIRECTION ( 'NONE',  ( 1.000000000000000000, 0.000000000000000000, 0.000000000000000000 ) ) ;
#2425 = LINE ( 'NONE', #970, #2343 ) ;
#2426 = ORIENTED_EDGE ( 'NONE', *, *, #2289, .T. ) ;
#2427 = LINE ( 'NONE', #2923, #2408 ) ;
#2428 = FACE_OUTER_BOUND ( 'NONE', #2213, .T. ) ;
#2429 = CARTESIAN_POINT ( 'NONE',  ( 1487.287862045800011, 402.8999999999998636, 0.5000000000000000000 ) ) ;
#2430 = CARTESIAN_POINT ( 'NONE',  ( 1567.077044149099720, 387.4999999999999432, 0.000000000000000000 ) ) ;
#2431 = CYLINDRICAL_SURFACE ( 'NONE', #2082, 0.4999999999999449329 ) ;
#2432 = CARTESIAN_POINT ( 'NONE',  ( 1578.643200557099817, 409.7500000000000568, 0.000000000000000000 ) ) ;
#2433 = ORIENTED_EDGE ( 'NONE', *, *, #2439, .T. ) ;
#2434 = VERTEX_POINT ( 'NONE', #3089 ) ;
#2435 = VECTOR ( 'NONE', #1501, 1000.000000000000000 ) ;
#2436 = EDGE_CURVE ( 'NONE', #1724, #293, #2266, .T. ) ;
#2437 = VECTOR ( 'NONE', #1359, 1000.000000000000000 ) ;
#2438 = PLANE ( 'NONE',  #1322 ) ;
#2439 = EDGE_CURVE ( 'NONE', #2916, #193, #1866, .T. ) ;
#2440 = ORIENTED_EDGE ( 'NONE', *, *, #2753, .F. ) ;
#2441 = DIRECTION ( 'NONE',  ( -0.000000000000000000, -0.000000000000000000, -1.000000000000000000 ) ) ;
#2442 = AXIS2_PLACEMENT_3D ( 'NONE', #2879, #2183, #2168 ) ;
#2443 = AXIS2_PLACEMENT_3D ( 'NONE', #3026, #2585, #880 ) ;
#2444 = ORIENTED_EDGE ( 'NONE', *, *, #477, .T. ) ;
#2445 = VECTOR ( 'NONE', #2662, 1000.000000000000000 ) ;
#2446 = DIRECTION ( 'NONE',  ( -0.000000000000000000, -0.000000000000000000, -1.000000000000000000 ) ) ;
#2447 = CARTESIAN_POINT ( 'NONE',  ( 1573.026169255299919, 397.1000000000001364, 0.5000000000000000000 ) ) ;
#2448 = DIRECTION ( 'NONE',  ( 1.000000000000000000, 0.000000000000000000, 0.000000000000000000 ) ) ;
#2449 = AXIS2_PLACEMENT_3D ( 'NONE', #3097, #1632, #656 ) ;
#2450 = FACE_OUTER_BOUND ( 'NONE', #340, .T. ) ;
#2451 = CARTESIAN_POINT ( 'NONE',  ( 1568.831847468220303, 412.0000000000002274, 0.000000000000000000 ) ) ;
#2452 = ORIENTED_EDGE ( 'NONE', *, *, #2512, .T. ) ;
#2453 = EDGE_CURVE ( 'NONE', #1777, #382, #1926, .T. ) ;
#2454 = VERTEX_POINT ( 'NONE', #176 ) ;
#2455 = CIRCLE ( 'NONE', #2867, 0.5000000000001669775 ) ;
#2456 = CARTESIAN_POINT ( 'NONE',  ( 1568.831847468200294, 412.5000000000002274, 0.5000000000000000000 ) ) ;
#2457 = ORIENTED_EDGE ( 'NONE', *, *, #126, .F. ) ;
#2458 = VERTEX_POINT ( 'NONE', #647 ) ;
#2459 = CARTESIAN_POINT ( 'NONE',  ( 1578.643200557099817, 409.7500000000000000, 0.000000000000000000 ) ) ;
#2460 = CARTESIAN_POINT ( 'NONE',  ( 1500.083187709700042, 406.4000000000000909, 0.5000000000000000000 ) ) ;
#2461 = DIRECTION ( 'NONE',  ( -0.5000000000043915982, -0.8660254037819031803, 0.000000000000000000 ) ) ;
#2462 = EDGE_CURVE ( 'NONE', #758, #811, #573, .T. ) ;
#2463 = CARTESIAN_POINT ( 'NONE',  ( 1553.132444196800179, 410.5000000000002274, 0.000000000000000000 ) ) ;
#2464 = LINE ( 'NONE', #992, #1834 ) ;
#2465 = VERTEX_POINT ( 'NONE', #1623 ) ;
#2466 = ORIENTED_EDGE ( 'NONE', *, *, #1244, .F. ) ;
#2467 = VECTOR ( 'NONE', #1355, 1000.000000000000000 ) ;
#2468 = LINE ( 'NONE', #775, #1885 ) ;
#2469 = EDGE_LOOP ( 'NONE', ( #873, #184, #1251, #1852 ) ) ;
#2470 = VERTEX_POINT ( 'NONE', #314 ) ;
#2471 = DIRECTION ( 'NONE',  ( 0.000000000000000000, -0.000000000000000000, -1.000000000000000000 ) ) ;
#2472 = EDGE_CURVE ( 'NONE', #571, #1114, #559, .T. ) ;
#2473 = FACE_OUTER_BOUND ( 'NONE', #875, .T. ) ;
#2474 = CARTESIAN_POINT ( 'NONE',  ( 1582.187538124400135, 409.5000000000000568, 0.5000000000000000000 ) ) ;
#2475 = EDGE_CURVE ( 'NONE', #3112, #1958, #1543, .T. ) ;
#2476 = DIRECTION ( 'NONE',  ( 0.000000000000000000, 0.000000000000000000, 1.000000000000000000 ) ) ;
#2477 = CARTESIAN_POINT ( 'NONE',  ( 1480.000000000000000, 390.5000000000000000, 0.000000000000000000 ) ) ;
#2478 = CARTESIAN_POINT ( 'NONE',  ( 1567.077044149092899, 412.0000000000002274, 0.000000000000000000 ) ) ;
#2479 = ORIENTED_EDGE ( 'NONE', *, *, #507, .F. ) ;
#2480 = ORIENTED_EDGE ( 'NONE', *, *, #433, .T. ) ;
#2481 = CARTESIAN_POINT ( 'NONE',  ( 1487.287862045800011, 397.1000000000001933, 0.5000000000000000000 ) ) ;
#2482 = VECTOR ( 'NONE', #681, 1000.000000000000000 ) ;
#2483 = VERTEX_POINT ( 'NONE', #3104 ) ;
#2484 = AXIS2_PLACEMENT_3D ( 'NONE', #1900, #2629, #2877 ) ;
#2485 = EDGE_LOOP ( 'NONE', ( #1401, #2112, #537, #1751 ) ) ;
#2486 = PRESENTATION_LAYER_ASSIGNMENT (  '', '', ( #1930 ) ) ;
#2487 = EDGE_CURVE ( 'NONE', #2692, #383, #3004, .T. ) ;
#2488 = DIRECTION ( 'NONE',  ( 0.000000000000000000, 0.000000000000000000, 1.000000000000000000 ) ) ;
#2489 = LINE ( 'NONE', #1487, #2898 ) ;
#2490 = VECTOR ( 'NONE', #2815, 1000.000000000000000 ) ;
#2491 = CARTESIAN_POINT ( 'NONE',  ( 1558.243845172200281, 385.3289899284000057, 0.000000000000000000 ) ) ;
#2492 = VECTOR ( 'NONE', #2420, 1000.000000000000000 ) ;
#2493 = CARTESIAN_POINT ( 'NONE',  ( 1574.832688780399849, 403.1499999999999204, 0.000000000000000000 ) ) ;
#2494 = CARTESIAN_POINT ( 'NONE',  ( 1500.083187709721187, 393.1000000000002501, 0.5000000000000000000 ) ) ;
#2495 = EDGE_CURVE ( 'NONE', #1554, #792, #445, .T. ) ;
#2496 = ORIENTED_EDGE ( 'NONE', *, *, #4, .T. ) ;
#2497 = ORIENTED_EDGE ( 'NONE', *, *, #1853, .T. ) ;
#2498 = CARTESIAN_POINT ( 'NONE',  ( 1573.026169255299919, 397.1000000000001364, 0.000000000000000000 ) ) ;
#2499 = VERTEX_POINT ( 'NONE', #3024 ) ;
#2500 = VERTEX_POINT ( 'NONE', #831 ) ;
#2501 = AXIS2_PLACEMENT_3D ( 'NONE', #2828, #384, #135 ) ;
#2502 = VERTEX_POINT ( 'NONE', #1805 ) ;
#2503 = CYLINDRICAL_SURFACE ( 'NONE', #2610, 0.4999999999999449329 ) ;
#2504 = EDGE_CURVE ( 'NONE', #1372, #1498, #2541, .T. ) ;
#2505 = CARTESIAN_POINT ( 'NONE',  ( 1573.026169255416107, 403.4000000000000909, 0.000000000000000000 ) ) ;
#2506 = PLANE ( 'NONE',  #1014 ) ;
#2507 = CARTESIAN_POINT ( 'NONE',  ( 1509.421119331399723, 410.0000000000000568, 0.000000000000000000 ) ) ;
#2508 = EDGE_CURVE ( 'NONE', #2393, #758, #1654, .T. ) ;
#2509 = CARTESIAN_POINT ( 'NONE',  ( 1553.132444196799270, 389.5000000000000000, 0.000000000000000000 ) ) ;
#2510 =( NAMED_UNIT ( * ) SI_UNIT ( $, .STERADIAN. ) SOLID_ANGLE_UNIT ( ) );
#2511 = ORIENTED_EDGE ( 'NONE', *, *, #2707, .T. ) ;
#2512 = EDGE_CURVE ( 'NONE', #634, #571, #1110, .T. ) ;
#2513 = EDGE_LOOP ( 'NONE', ( #2553, #1389, #550, #1666 ) ) ;
#2514 = EDGE_CURVE ( 'NONE', #151, #691, #406, .T. ) ;
#2515 = LINE ( 'NONE', #3033, #837 ) ;
#2516 = ADVANCED_FACE ( 'NONE', ( #1109 ), #2344, .T. ) ;
#2517 = ORIENTED_EDGE ( 'NONE', *, *, #2055, .T. ) ;
#2518 = AXIS2_PLACEMENT_3D ( 'NONE', #1046, #2016, #2996 ) ;
#2519 = ORIENTED_EDGE ( 'NONE', *, *, #1320, .F. ) ;
#2520 = VERTEX_POINT ( 'NONE', #360 ) ;
#2521 = CARTESIAN_POINT ( 'NONE',  ( 1517.615012506900030, 390.0000000000000000, 0.5000000000000000000 ) ) ;
#2522 = ADVANCED_FACE ( 'NONE', ( #2787 ), #1338, .F. ) ;
#2523 = DIRECTION ( 'NONE',  ( 0.5000000000043951509, -0.8660254037819009598, 0.000000000000000000 ) ) ;
#2524 = CARTESIAN_POINT ( 'NONE',  ( 1498.709680886491924, 406.9000000000002046, 0.000000000000000000 ) ) ;
#2525 = CARTESIAN_POINT ( 'NONE',  ( 1503.913539262616268, 385.4999999999999432, 0.000000000000000000 ) ) ;
#2526 = CARTESIAN_POINT ( 'NONE',  ( 1486.854849343900241, 403.1499999999999204, 0.000000000000000000 ) ) ;
#2527 =( LENGTH_UNIT ( ) NAMED_UNIT ( * ) SI_UNIT ( .MILLI., .METRE. ) );
#2528 = ORIENTED_EDGE ( 'NONE', *, *, #2712, .T. ) ;
#2529 = VERTEX_POINT ( 'NONE', #886 ) ;
#2530 = DIRECTION ( 'NONE',  ( 0.000000000000000000, 0.000000000000000000, 1.000000000000000000 ) ) ;
#2531 = VECTOR ( 'NONE', #2161, 1000.000000000000000 ) ;
#2532 = DIRECTION ( 'NONE',  ( -1.000000000000000000, 0.000000000000000000, 0.000000000000000000 ) ) ;
#2533 = ORIENTED_EDGE ( 'NONE', *, *, #1675, .F. ) ;
#2534 = EDGE_CURVE ( 'NONE', #1425, #275, #2101, .T. ) ;
#2535 = CARTESIAN_POINT ( 'NONE',  ( 1480.000000000000000, 410.0000000000000568, 0.5000000000000000000 ) ) ;
#2536 = CIRCLE ( 'NONE', #1723, 0.4999999999999449329 ) ;
#2537 = EDGE_LOOP ( 'NONE', ( #933, #1721, #1398, #1406 ) ) ;
#2538 = ORIENTED_EDGE ( 'NONE', *, *, #3034, .F. ) ;
#2539 = CARTESIAN_POINT ( 'NONE',  ( 1544.072525617500332, 389.9999999999999432, 0.000000000000000000 ) ) ;
#2540 = CIRCLE ( 'NONE', #1422, 0.5000000000001669775 ) ;
#2541 = LINE ( 'NONE', #350, #702 ) ;
#2542 = DIRECTION ( 'NONE',  ( -0.000000000000000000, -0.000000000000000000, -1.000000000000000000 ) ) ;
#2543 = EDGE_LOOP ( 'NONE', ( #909, #852, #2713, #2951 ) ) ;
#2544 = CARTESIAN_POINT ( 'NONE',  ( 1494.610493975207874, 412.0000000000003411, 0.5000000000000000000 ) ) ;
#2545 = CIRCLE ( 'NONE', #553, 0.4999999999999449329 ) ;
#2546 = DIRECTION ( 'NONE',  ( -0.000000000000000000, -0.000000000000000000, -1.000000000000000000 ) ) ;
#2547 = VECTOR ( 'NONE', #905, 1000.000000000000114 ) ;
#2548 = ORIENTED_EDGE ( 'NONE', *, *, #1561, .F. ) ;
#2549 = DIRECTION ( 'NONE',  ( 0.000000000000000000, -1.000000000000000000, 0.000000000000000000 ) ) ;
#2550 = CARTESIAN_POINT ( 'NONE',  ( 1492.385844345800251, 387.8289899284000626, 0.5000000000000000000 ) ) ;
#2551 = ORIENTED_EDGE ( 'NONE', *, *, #243, .F. ) ;
#2552 = CARTESIAN_POINT ( 'NONE',  ( 1506.101355283500425, 414.7500000000002274, 0.5000000000000000000 ) ) ;
#2553 = ORIENTED_EDGE ( 'NONE', *, *, #2612, .T. ) ;
#2554 = ORIENTED_EDGE ( 'NONE', *, *, #1048, .F. ) ;
#2555 = CARTESIAN_POINT ( 'NONE',  ( 1581.687538124400135, 390.0000000000000000, 0.5000000000000000000 ) ) ;
#2556 = DIRECTION ( 'NONE',  ( -1.000000000000000000, 0.000000000000000000, 0.000000000000000000 ) ) ;
#2557 = EDGE_CURVE ( 'NONE', #1986, #408, #1570, .T. ) ;
#2558 = DIRECTION ( 'NONE',  ( 0.000000000000000000, 0.000000000000000000, 1.000000000000000000 ) ) ;
#2559 = ORIENTED_EDGE ( 'NONE', *, *, #985, .T. ) ;
#2560 = CIRCLE ( 'NONE', #3131, 0.5000000000001669775 ) ;
#2561 = LINE ( 'NONE', #402, #1545 ) ;
#2562 = DIRECTION ( 'NONE',  ( 0.000000000000000000, -0.000000000000000000, 1.000000000000000000 ) ) ;
#2563 = EDGE_CURVE ( 'NONE', #440, #930, #136, .T. ) ;
#2564 = EDGE_LOOP ( 'NONE', ( #772, #3039, #3018, #2180 ) ) ;
#2565 = CARTESIAN_POINT ( 'NONE',  ( 1503.913539262600580, 415.0000000000002842, 0.000000000000000000 ) ) ;
#2566 = DIRECTION ( 'NONE',  ( 1.000000000000000000, 0.000000000000000000, 0.000000000000000000 ) ) ;
#2567 = ORIENTED_EDGE ( 'NONE', *, *, #619, .T. ) ;
#2568 = CARTESIAN_POINT ( 'NONE',  ( 1479.500000000000000, 390.5000000000000000, 0.000000000000000000 ) ) ;
#2569 = EDGE_LOOP ( 'NONE', ( #168, #627, #2874, #30 ) ) ;
#2570 = ORIENTED_EDGE ( 'NONE', *, *, #3086, .F. ) ;
#2571 = DIRECTION ( 'NONE',  ( 1.000000000000000000, 0.000000000000000000, 0.000000000000000000 ) ) ;
#2572 = CYLINDRICAL_SURFACE ( 'NONE', #1931, 0.5000000000001669775 ) ;
#2573 = ADVANCED_FACE ( 'NONE', ( #2053 ), #1619, .F. ) ;
#2574 = DIRECTION ( 'NONE',  ( -0.000000000000000000, -0.000000000000000000, -1.000000000000000000 ) ) ;
#2575 = VERTEX_POINT ( 'NONE', #1848 ) ;
#2576 = DIRECTION ( 'NONE',  ( 1.000000000000000000, 0.000000000000000000, -0.000000000000000000 ) ) ;
#2577 = EDGE_CURVE ( 'NONE', #1114, #2687, #2313, .T. ) ;
#2578 = LINE ( 'NONE', #870, #877 ) ;
#2579 = EDGE_LOOP ( 'NONE', ( #1819, #819, #606, #2117 ) ) ;
#2580 = PLANE ( 'NONE',  #856 ) ;
#2581 = ORIENTED_EDGE ( 'NONE', *, *, #1277, .T. ) ;
#2582 = CARTESIAN_POINT ( 'NONE',  ( 1508.555093927600183, 410.5000000000002274, 0.5000000000000000000 ) ) ;
#2583 = VERTEX_POINT ( 'NONE', #2565 ) ;
#2584 = CARTESIAN_POINT ( 'NONE',  ( 1557.773998861799782, 415.0000000000002842, 0.5000000000000000000 ) ) ;
#2585 = DIRECTION ( 'NONE',  ( 0.9396926207848936841, -0.3420201433284568160, 0.000000000000000000 ) ) ;
#2586 = ORIENTED_EDGE ( 'NONE', *, *, #2359, .T. ) ;
#2587 = ADVANCED_FACE ( 'NONE', ( #2593 ), #2580, .T. ) ;
#2588 = CIRCLE ( 'NONE', #1468, 0.4999999999999449329 ) ;
#2589 = LINE ( 'NONE', #1583, #1479 ) ;
#2590 = ORIENTED_EDGE ( 'NONE', *, *, #1849, .F. ) ;
#2591 = FACE_OUTER_BOUND ( 'NONE', #2031, .T. ) ;
#2592 = FACE_OUTER_BOUND ( 'NONE', #2722, .T. ) ;
#2593 = FACE_OUTER_BOUND ( 'NONE', #1802, .T. ) ;
#2594 = AXIS2_PLACEMENT_3D ( 'NONE', #2456, #998, #2182 ) ;
#2595 = ORIENTED_EDGE ( 'NONE', *, *, #2241, .T. ) ;
#2596 = DIRECTION ( 'NONE',  ( -0.000000000000000000, -0.000000000000000000, -1.000000000000000000 ) ) ;
#2597 = DIRECTION ( 'NONE',  ( -0.4999999999914240822, -0.8660254037893898582, 0.000000000000000000 ) ) ;
#2598 = EDGE_CURVE ( 'NONE', #570, #2036, #2901, .T. ) ;
#2599 = CARTESIAN_POINT ( 'NONE',  ( 1561.604350414679402, 393.1000000000001933, 0.5000000000000000000 ) ) ;
#2600 = CARTESIAN_POINT ( 'NONE',  ( 1558.243845172200281, 414.6710100717002661, 0.5000000000000000000 ) ) ;
#2601 = CARTESIAN_POINT ( 'NONE',  ( 1480.000000000000000, 390.0000000000000000, 0.5000000000000000000 ) ) ;
#2602 = ORIENTED_EDGE ( 'NONE', *, *, #2005, .T. ) ;
#2603 = CARTESIAN_POINT ( 'NONE',  ( 1574.832688780399849, 396.8500000000001364, 0.000000000000000000 ) ) ;
#2604 = EDGE_LOOP ( 'NONE', ( #1558, #3053, #491, #2317 ) ) ;
#2605 = LINE ( 'NONE', #3155, #1807 ) ;
#2606 = DIRECTION ( 'NONE',  ( 1.000000000000000000, 0.000000000000000000, 0.000000000000000000 ) ) ;
#2607 = PRODUCT_DEFINITION_SHAPE ( 'NONE', 'NONE',  #201 ) ;
#2608 = CIRCLE ( 'NONE', #1790, 0.5000000000001669775 ) ;
#2609 = DIRECTION ( 'NONE',  ( -0.3420201433252256229, -0.9396926207860697433, 0.000000000000000000 ) ) ;
#2610 = AXIS2_PLACEMENT_3D ( 'NONE', #1051, #277, #764 ) ;
#2611 = EDGE_CURVE ( 'NONE', #1461, #967, #1812, .T. ) ;
#2612 = EDGE_CURVE ( 'NONE', #1811, #2687, #633, .T. ) ;
#2613 = CARTESIAN_POINT ( 'NONE',  ( 1581.687538124400135, 410.0000000000000568, 0.5000000000000000000 ) ) ;
#2614 = PLANE ( 'NONE',  #1475 ) ;
#2615 = EDGE_CURVE ( 'NONE', #792, #1425, #3032, .T. ) ;
#2616 = LINE ( 'NONE', #3124, #1727 ) ;
#2617 = VERTEX_POINT ( 'NONE', #146 ) ;
#2618 = EDGE_CURVE ( 'NONE', #435, #2089, #1262, .T. ) ;
#2619 = EDGE_CURVE ( 'NONE', #2197, #1034, #551, .T. ) ;
#2620 = LINE ( 'NONE', #1470, #3081 ) ;
#2621 = VERTEX_POINT ( 'NONE', #2772 ) ;
#2622 = LINE ( 'NONE', #465, #854 ) ;
#2623 = VECTOR ( 'NONE', #361, 1000.000000000000000 ) ;
#2624 = CARTESIAN_POINT ( 'NONE',  ( 1500.553034020100540, 406.7289899284000967, 0.5000000000000000000 ) ) ;
#2625 = DIRECTION ( 'NONE',  ( -1.000000000000000000, 0.000000000000000000, 0.000000000000000000 ) ) ;
#2626 = FACE_OUTER_BOUND ( 'NONE', #2132, .T. ) ;
#2627 = ORIENTED_EDGE ( 'NONE', *, *, #1970, .F. ) ;
#2628 = ORIENTED_EDGE ( 'NONE', *, *, #1484, .T. ) ;
#2629 = DIRECTION ( 'NONE',  ( 0.000000000000000000, 0.000000000000000000, 1.000000000000000000 ) ) ;
#2630 = CARTESIAN_POINT ( 'NONE',  ( 1530.843769062200181, 374.9999999999798206, 0.000000000000000000 ) ) ;
#2631 = CARTESIAN_POINT ( 'NONE',  ( 1503.913539262616268, 385.4999999999999432, 0.5000000000000000000 ) ) ;
#2632 = EDGE_CURVE ( 'NONE', #2256, #2156, #581, .T. ) ;
#2633 = ORIENTED_EDGE ( 'NONE', *, *, #1929, .F. ) ;
#2634 = FACE_OUTER_BOUND ( 'NONE', #844, .T. ) ;
#2635 = ORIENTED_EDGE ( 'NONE', *, *, #2416, .F. ) ;
#2636 = LINE ( 'NONE', #451, #800 ) ;
#2637 = DIRECTION ( 'NONE',  ( -0.000000000000000000, -0.000000000000000000, -1.000000000000000000 ) ) ;
#2638 = AXIS2_PLACEMENT_3D ( 'NONE', #2447, #267, #1022 ) ;
#2639 = LINE ( 'NONE', #453, #2531 ) ;
#2640 = CARTESIAN_POINT ( 'NONE',  ( 1579.076213258991856, 390.5000000000001137, 0.5000000000000000000 ) ) ;
#2641 = VECTOR ( 'NONE', #1142, 1000.000000000000114 ) ;
#2642 = EDGE_LOOP ( 'NONE', ( #1633, #2068, #2426, #379 ) ) ;
#2643 = ORIENTED_EDGE ( 'NONE', *, *, #2130, .T. ) ;
#2644 = VECTOR ( 'NONE', #2886, 1000.000000000000000 ) ;
#2645 = DIRECTION ( 'NONE',  ( -0.000000000000000000, -0.000000000000000000, -1.000000000000000000 ) ) ;
#2646 = AXIS2_PLACEMENT_3D ( 'NONE', #3176, #1774, #562 ) ;
#2647 = AXIS2_PLACEMENT_3D ( 'NONE', #1883, #2863, #682 ) ;
#2648 = EDGE_CURVE ( 'NONE', #2089, #1034, #1080, .T. ) ;
#2649 = DIRECTION ( 'NONE',  ( 0.000000000000000000, 0.000000000000000000, 1.000000000000000000 ) ) ;
#2650 = ORIENTED_EDGE ( 'NONE', *, *, #48, .T. ) ;
#2651 = CARTESIAN_POINT ( 'NONE',  ( 1500.083187709700042, 406.4000000000000909, 0.5000000000000000000 ) ) ;
#2652 = CARTESIAN_POINT ( 'NONE',  ( 1488.661368868999944, 402.8999999999997499, 0.5000000000000000000 ) ) ;
#2653 = CARTESIAN_POINT ( 'NONE',  ( 1561.604350414700320, 406.4000000000000909, 0.5000000000000000000 ) ) ;
#2654 = DIRECTION ( 'NONE',  ( -0.000000000000000000, -0.000000000000000000, -1.000000000000000000 ) ) ;
#2655 = CARTESIAN_POINT ( 'NONE',  ( 1488.661368868999944, 402.8999999999998636, 0.5000000000000000000 ) ) ;
#2656 = ADVANCED_FACE ( 'NONE', ( #2626 ), #695, .T. ) ;
#2657 = LINE ( 'NONE', #1756, #2954 ) ;
#2658 = EDGE_LOOP ( 'NONE', ( #718, #2150, #2761, #72 ) ) ;
#2659 = VERTEX_POINT ( 'NONE', #455 ) ;
#2660 = VECTOR ( 'NONE', #1184, 1000.000000000000114 ) ;
#2661 = AXIS2_PLACEMENT_3D ( 'NONE', #1709, #1908, #1215 ) ;
#2662 = DIRECTION ( 'NONE',  ( -0.000000000000000000, -0.000000000000000000, -1.000000000000000000 ) ) ;
#2663 = LINE ( 'NONE', #476, #154 ) ;
#2664 = ORIENTED_EDGE ( 'NONE', *, *, #3049, .F. ) ;
#2665 = CARTESIAN_POINT ( 'NONE',  ( 1505.668342581600200, 385.0000000000000000, 0.5000000000000000000 ) ) ;
#2666 = DIRECTION ( 'NONE',  ( 0.000000000000000000, 0.000000000000000000, 1.000000000000000000 ) ) ;
#2667 = CARTESIAN_POINT ( 'NONE',  ( 1567.077044149099720, 412.5000000000002274, 0.000000000000000000 ) ) ;
#2668 = DIRECTION ( 'NONE',  ( 0.000000000000000000, 0.000000000000000000, 1.000000000000000000 ) ) ;
#2669 = CIRCLE ( 'NONE', #1352, 0.4999999999999449329 ) ;
#2670 = DIRECTION ( 'NONE',  ( -0.000000000000000000, -0.000000000000000000, -1.000000000000000000 ) ) ;
#2671 = EDGE_CURVE ( 'NONE', #1221, #2298, #1202, .T. ) ;
#2672 = DIRECTION ( 'NONE',  ( 0.000000000000000000, 0.000000000000000000, 1.000000000000000000 ) ) ;
#2673 = ORIENTED_EDGE ( 'NONE', *, *, #75, .T. ) ;
#2674 = EDGE_LOOP ( 'NONE', ( #2399, #425, #972, #2944 ) ) ;
#2675 = DIRECTION ( 'NONE',  ( 0.000000000000000000, -0.000000000000000000, -1.000000000000000000 ) ) ;
#2676 = CYLINDRICAL_SURFACE ( 'NONE', #1572, 0.4999999999999449329 ) ;
#2677 = CARTESIAN_POINT ( 'NONE',  ( 0.000000000000000000, 0.000000000000000000, 0.000000000000000000 ) ) ;
#2678 = VERTEX_POINT ( 'NONE', #1177 ) ;
#2679 = DIRECTION ( 'NONE',  ( 1.000000000000000000, 0.000000000000000000, 0.000000000000000000 ) ) ;
#2680 = DIRECTION ( 'NONE',  ( -1.000000000000000000, 0.000000000000000000, 0.000000000000000000 ) ) ;
#2681 = CARTESIAN_POINT ( 'NONE',  ( 1568.831847468200294, 412.5000000000003411, 0.5000000000000000000 ) ) ;
#2682 = ADVANCED_FACE ( 'NONE', ( #2900 ), #2431, .F. ) ;
#2683 = CARTESIAN_POINT ( 'NONE',  ( 1566.644031447200632, 412.2500000000002274, 0.5000000000000000000 ) ) ;
#2684 = DIRECTION ( 'NONE',  ( -0.000000000000000000, -0.000000000000000000, -1.000000000000000000 ) ) ;
#2685 = CIRCLE ( 'NONE', #73, 0.4999999999999449329 ) ;
#2686 = VERTEX_POINT ( 'NONE', #484 ) ;
#2687 = VERTEX_POINT ( 'NONE', #2147 ) ;
#2688 = VERTEX_POINT ( 'NONE', #918 ) ;
#2689 = VECTOR ( 'NONE', #1129, 1000.000000000000000 ) ;
#2690 = LINE ( 'NONE', #1016, #2188 ) ;
#2691 = ADVANCED_FACE ( 'NONE', ( #3117 ), #3146, .F. ) ;
#2692 = VERTEX_POINT ( 'NONE', #1459 ) ;
#2693 = AXIS2_PLACEMENT_3D ( 'NONE', #943, #685, #3107 ) ;
#2694 = EDGE_CURVE ( 'NONE', #1210, #1238, #2162, .T. ) ;
#2695 = ORIENTED_EDGE ( 'NONE', *, *, #793, .F. ) ;
#2696 = VECTOR ( 'NONE', #927, 1000.000000000000000 ) ;
#2697 = DIRECTION ( 'NONE',  ( -0.000000000000000000, -0.000000000000000000, -1.000000000000000000 ) ) ;
#2698 = CARTESIAN_POINT ( 'NONE',  ( 1573.026169255299919, 397.1000000000001933, 0.000000000000000000 ) ) ;
#2699 = LINE ( 'NONE', #586, #520 ) ;
#2700 = CIRCLE ( 'NONE', #2449, 0.4999999999999449329 ) ;
#2701 = LINE ( 'NONE', #2010, #1556 ) ;
#2702 = DIRECTION ( 'NONE',  ( 1.000000000000000000, 0.000000000000000000, 0.000000000000000000 ) ) ;
#2703 = VERTEX_POINT ( 'NONE', #1160 ) ;
#2704 = ORIENTED_EDGE ( 'NONE', *, *, #423, .T. ) ;
#2705 = AXIS2_PLACEMENT_3D ( 'NONE', #38, #2025, #544 ) ;
#2706 = DIRECTION ( 'NONE',  ( -0.000000000000000000, -0.000000000000000000, -1.000000000000000000 ) ) ;
#2707 = EDGE_CURVE ( 'NONE', #2470, #1240, #2540, .T. ) ;
#2708 = EDGE_CURVE ( 'NONE', #2434, #2774, #1682, .T. ) ;
#2709 = VECTOR ( 'NONE', #2542, 1000.000000000000000 ) ;
#2710 = VERTEX_POINT ( 'NONE', #1921 ) ;
#2711 = AXIS2_PLACEMENT_3D ( 'NONE', #2209, #1231, #961 ) ;
#2712 = EDGE_CURVE ( 'NONE', #2197, #1240, #2887, .T. ) ;
#2713 = ORIENTED_EDGE ( 'NONE', *, *, #1902, .T. ) ;
#2714 = CARTESIAN_POINT ( 'NONE',  ( 1556.019195542700118, 385.0000000000000000, 0.5000000000000000000 ) ) ;
#2715 = LINE ( 'NONE', #2958, #231 ) ;
#2716 = DIRECTION ( 'NONE',  ( -0.000000000000000000, -0.000000000000000000, -1.000000000000000000 ) ) ;
#2717 = EDGE_CURVE ( 'NONE', #1739, #1597, #1910, .T. ) ;
#2718 = CARTESIAN_POINT ( 'NONE',  ( 1480.000000000000000, 409.5000000000000568, 0.5000000000000000000 ) ) ;
#2719 = DIRECTION ( 'NONE',  ( 0.000000000000000000, 0.000000000000000000, 1.000000000000000000 ) ) ;
#2720 = FILL_AREA_STYLE ('',( #1747 ) ) ;
#2721 = VERTEX_POINT ( 'NONE', #2419 ) ;
#2722 = EDGE_LOOP ( 'NONE', ( #1288, #1270, #564, #1622 ) ) ;
#2723 = CIRCLE ( 'NONE', #3143, 0.5000000000001669775 ) ;
#2724 = CARTESIAN_POINT ( 'NONE',  ( 1569.301693778599883, 387.8289899284000626, 0.000000000000000000 ) ) ;
#2725 = EDGE_CURVE ( 'NONE', #3095, #1958, #219, .T. ) ;
#2726 = ORIENTED_EDGE ( 'NONE', *, *, #51, .F. ) ;
#2727 = ORIENTED_EDGE ( 'NONE', *, *, #1757, .T. ) ;
#2728 = ADVANCED_FACE ( 'NONE', ( #471 ), #173, .T. ) ;
#2729 = CARTESIAN_POINT ( 'NONE',  ( 1509.421119331384489, 389.0000000000000000, 0.5000000000000000000 ) ) ;
#2730 = CARTESIAN_POINT ( 'NONE',  ( 1503.443692952200081, 414.6710100717002661, 0.5000000000000000000 ) ) ;
#2731 = DIRECTION ( 'NONE',  ( -0.000000000000000000, -0.000000000000000000, -1.000000000000000000 ) ) ;
#2732 = CARTESIAN_POINT ( 'NONE',  ( 1569.301693778599883, 412.1710100717002661, 0.5000000000000000000 ) ) ;
#2733 = CARTESIAN_POINT ( 'NONE',  ( 1568.831847468183923, 388.0000000000000000, 0.000000000000000000 ) ) ;
#2734 = CARTESIAN_POINT ( 'NONE',  ( 1489.131215179399987, 403.2289899283998693, 0.5000000000000000000 ) ) ;
#2735 = VERTEX_POINT ( 'NONE', #2914 ) ;
#2736 = ORIENTED_EDGE ( 'NONE', *, *, #2857, .T. ) ;
#2737 = ORIENTED_EDGE ( 'NONE', *, *, #3088, .F. ) ;
#2738 = CARTESIAN_POINT ( 'NONE',  ( 1561.604350414700320, 406.4000000000000909, 0.5000000000000000000 ) ) ;
#2739 = EDGE_CURVE ( 'NONE', #115, #193, #3009, .T. ) ;
#2740 = VECTOR ( 'NONE', #496, 1000.000000000000000 ) ;
#2741 = ORIENTED_EDGE ( 'NONE', *, *, #2475, .T. ) ;
#2742 = AXIS2_PLACEMENT_3D ( 'NONE', #160, #2116, #94 ) ;
#2743 = ORIENTED_EDGE ( 'NONE', *, *, #1970, .T. ) ;
#2744 = EDGE_CURVE ( 'NONE', #2499, #1044, #900, .T. ) ;
#2745 = DIRECTION ( 'NONE',  ( 0.000000000000000000, -1.000000000000000000, 0.000000000000000000 ) ) ;
#2746 = CARTESIAN_POINT ( 'NONE',  ( 1487.287862045800011, 402.8999999999998636, 0.5000000000000000000 ) ) ;
#2747 = VECTOR ( 'NONE', #103, 1000.000000000000000 ) ;
#2748 = CARTESIAN_POINT ( 'NONE',  ( 1503.443692952200081, 385.3289899284000057, 0.5000000000000000000 ) ) ;
#2749 = AXIS2_PLACEMENT_3D ( 'NONE', #2733, #2719, #798 ) ;
#2750 = CARTESIAN_POINT ( 'NONE',  ( 1480.000000000000000, 410.0000000000000568, 0.5000000000000000000 ) ) ;
#2751 = CARTESIAN_POINT ( 'NONE',  ( 1561.604350414700320, 406.4000000000000909, 0.000000000000000000 ) ) ;
#2752 = CARTESIAN_POINT ( 'NONE',  ( 1574.399676078507582, 396.6000000000000227, 0.5000000000000000000 ) ) ;
#2753 = EDGE_CURVE ( 'NONE', #463, #1044, #3167, .T. ) ;
#2754 = ORIENTED_EDGE ( 'NONE', *, *, #2942, .F. ) ;
#2755 = ORIENTED_EDGE ( 'NONE', *, *, #2412, .T. ) ;
#2756 = DIRECTION ( 'NONE',  ( -0.000000000000000000, -0.000000000000000000, -1.000000000000000000 ) ) ;
#2757 = EDGE_CURVE ( 'NONE', #99, #811, #1404, .T. ) ;
#2758 = EDGE_LOOP ( 'NONE', ( #791, #3106, #2754, #2257 ) ) ;
#2759 = EDGE_LOOP ( 'NONE', ( #1733, #2407, #2903, #2124 ) ) ;
#2760 = VECTOR ( 'NONE', #211, 1000.000000000000000 ) ;
#2761 = ORIENTED_EDGE ( 'NONE', *, *, #2712, .F. ) ;
#2762 = LINE ( 'NONE', #1001, #3025 ) ;
#2763 = DIRECTION ( 'NONE',  ( 0.000000000000000000, 0.000000000000000000, 1.000000000000000000 ) ) ;
#2764 = AXIS2_PLACEMENT_3D ( 'NONE', #3, #266, #1786 ) ;
#2765 = CARTESIAN_POINT ( 'NONE',  ( 1509.421119331384716, 411.0000000000000568, 0.5000000000000000000 ) ) ;
#2766 = DIRECTION ( 'NONE',  ( 0.000000000000000000, 0.000000000000000000, 1.000000000000000000 ) ) ;
#2767 = CARTESIAN_POINT ( 'NONE',  ( 1573.026169255299919, 397.1000000000001933, 0.5000000000000000000 ) ) ;
#2768 = SURFACE_SIDE_STYLE ('',( #2977 ) ) ;
#2769 = ORIENTED_EDGE ( 'NONE', *, *, #2671, .T. ) ;
#2770 = ADVANCED_FACE ( 'NONE', ( #784 ), #2211, .F. ) ;
#2771 = ORIENTED_EDGE ( 'NONE', *, *, #2003, .T. ) ;
#2772 = CARTESIAN_POINT ( 'NONE',  ( 1572.556322945000147, 396.7710100716999477, 0.000000000000000000 ) ) ;
#2773 = DIRECTION ( 'NONE',  ( 1.000000000000000000, 0.000000000000000000, 0.000000000000000000 ) ) ;
#2774 = VERTEX_POINT ( 'NONE', #2509 ) ;
#2775 = AXIS2_PLACEMENT_3D ( 'NONE', #884, #2784, #2576 ) ;
#2776 = CARTESIAN_POINT ( 'NONE',  ( 1500.083187709684807, 406.9000000000000909, 0.000000000000000000 ) ) ;
#2777 = ORIENTED_EDGE ( 'NONE', *, *, #2557, .F. ) ;
#2778 = ORIENTED_EDGE ( 'NONE', *, *, #1705, .F. ) ;
#2779 = DIRECTION ( 'NONE',  ( 0.000000000000000000, 0.000000000000000000, 1.000000000000000000 ) ) ;
#2780 = DIRECTION ( 'NONE',  ( -0.000000000000000000, -0.000000000000000000, -1.000000000000000000 ) ) ;
#2781 = LINE ( 'NONE', #1103, #1424 ) ;
#2782 = FACE_OUTER_BOUND ( 'NONE', #2371, .T. ) ;
#2783 = EDGE_LOOP ( 'NONE', ( #2170, #1684, #1242, #742, #2205, #1602, #1325, #569, #322, #3046, #1302, #2240, #15, #1625, #888, #2164, #161, #46, #987, #1353, #473, #1028, #1840, #2741, #944, #2806, #1700, #1100, #1255, #58, #2917, #2255, #1190, #859, #836, #2590, #2051, #1090, #2812, #2064, #2664, #2771, #2262, #2457, #2231, #1887, #521, #534, #556, #845, #2866, #2586, #1911, #995, #1607, #538, #2554, #1940, #3038, #1098, #1520, #1478, #1064, #1436, #2385, #1989, #2334, #548, #2882, #1152, #2497, #1890, #1525, #1365, #3125, #2079, #276, #776, #2995, #897, #2727, #1653, #1551, #636, #665, #2736, #2831, #2880, #93, #2126, #3179, #237 ) ) ;
#2784 = DIRECTION ( 'NONE',  ( 0.000000000000000000, 0.000000000000000000, 1.000000000000000000 ) ) ;
#2785 = LINE ( 'NONE', #23, #288 ) ;
#2786 = VERTEX_POINT ( 'NONE', #1299 ) ;
#2787 = FACE_OUTER_BOUND ( 'NONE', #2537, .T. ) ;
#2788 = LINE ( 'NONE', #2498, #2623 ) ;
#2789 = ORIENTED_EDGE ( 'NONE', *, *, #1561, .T. ) ;
#2790 = CARTESIAN_POINT ( 'NONE',  ( 1487.287862045792508, 403.3999999999999204, 0.5000000000000000000 ) ) ;
#2791 = AXIS2_PLACEMENT_3D ( 'NONE', #1070, #666, #2839 ) ;
#2792 = ORIENTED_EDGE ( 'NONE', *, *, #150, .F. ) ;
#2793 = ORIENTED_EDGE ( 'NONE', *, *, #477, .F. ) ;
#2794 = CARTESIAN_POINT ( 'NONE',  ( 1509.421119331384716, 411.0000000000000568, 0.5000000000000000000 ) ) ;
#2795 = EDGE_CURVE ( 'NONE', #758, #1114, #864, .T. ) ;
#2796 = VECTOR ( 'NONE', #2807, 1000.000000000000000 ) ;
#2797 = LINE ( 'NONE', #2845, #1573 ) ;
#2798 = CARTESIAN_POINT ( 'NONE',  ( 1556.019195542700118, 415.0000000000002842, 0.000000000000000000 ) ) ;
#2799 = ORIENTED_EDGE ( 'NONE', *, *, #1363, .F. ) ;
#2800 = AXIS2_PLACEMENT_3D ( 'NONE', #2829, #2305, #2094 ) ;
#2801 = DIRECTION ( 'NONE',  ( -0.000000000000000000, -0.000000000000000000, -1.000000000000000000 ) ) ;
#2802 = CIRCLE ( 'NONE', #31, 0.4999999999999449329 ) ;
#2803 = DIRECTION ( 'NONE',  ( 1.000000000000000000, 0.000000000000000000, 0.000000000000000000 ) ) ;
#2804 = CIRCLE ( 'NONE', #2749, 0.5000000000001669775 ) ;
#2805 = AXIS2_PLACEMENT_3D ( 'NONE', #874, #2826, #635 ) ;
#2806 = ORIENTED_EDGE ( 'NONE', *, *, #584, .F. ) ;
#2807 = DIRECTION ( 'NONE',  ( -0.000000000000000000, -0.000000000000000000, -1.000000000000000000 ) ) ;
#2808 = CYLINDRICAL_SURFACE ( 'NONE', #732, 0.5000000000001669775 ) ;
#2809 = ORIENTED_EDGE ( 'NONE', *, *, #2512, .F. ) ;
#2810 = DIRECTION ( 'NONE',  ( 0.000000000000000000, 0.000000000000000000, 1.000000000000000000 ) ) ;
#2811 = VERTEX_POINT ( 'NONE', #2751 ) ;
#2812 = ORIENTED_EDGE ( 'NONE', *, *, #2846, .F. ) ;
#2813 = DIRECTION ( 'NONE',  ( -0.000000000000000000, -0.000000000000000000, -1.000000000000000000 ) ) ;
#2814 = ADVANCED_FACE ( 'NONE', ( #1998 ), #1518, .F. ) ;
#2815 = DIRECTION ( 'NONE',  ( -0.000000000000000000, -0.000000000000000000, -1.000000000000000000 ) ) ;
#2816 = CARTESIAN_POINT ( 'NONE',  ( 1500.083187709700042, 406.4000000000000909, 0.000000000000000000 ) ) ;
#2817 = ORIENTED_EDGE ( 'NONE', *, *, #357, .F. ) ;
#2818 = AXIS2_PLACEMENT_3D ( 'NONE', #974, #1933, #2125 ) ;
#2819 = CARTESIAN_POINT ( 'NONE',  ( 1482.611324865400093, 410.0000000000000000, 0.000000000000000000 ) ) ;
#2820 = CIRCLE ( 'NONE', #2409, 0.5000000000001669775 ) ;
#2821 = CYLINDRICAL_SURFACE ( 'NONE', #1851, 0.4999999999999449329 ) ;
#2822 = ORIENTED_EDGE ( 'NONE', *, *, #1952, .F. ) ;
#2823 = CARTESIAN_POINT ( 'NONE',  ( 1566.644031447200632, 387.7500000000000000, 0.5000000000000000000 ) ) ;
#2824 = ORIENTED_EDGE ( 'NONE', *, *, #1914, .F. ) ;
#2825 = EDGE_CURVE ( 'NONE', #2575, #2273, #1629, .T. ) ;
#2826 = DIRECTION ( 'NONE',  ( 0.000000000000000000, 0.000000000000000000, 1.000000000000000000 ) ) ;
#2827 = ORIENTED_EDGE ( 'NONE', *, *, #1019, .T. ) ;
#2828 = CARTESIAN_POINT ( 'NONE',  ( 1557.773998861784548, 385.5000000000000000, 0.5000000000000000000 ) ) ;
#2829 = CARTESIAN_POINT ( 'NONE',  ( 1530.843769062199726, 425.0000000000205773, 0.5000000000000000000 ) ) ;
#2830 = ADVANCED_FACE ( 'NONE', ( #1984 ), #1746, .F. ) ;
#2831 = ORIENTED_EDGE ( 'NONE', *, *, #2043, .F. ) ;
#2832 = CARTESIAN_POINT ( 'NONE',  ( 1581.687538124400135, 410.0000000000000568, 0.5000000000000000000 ) ) ;
#2833 = ORIENTED_EDGE ( 'NONE', *, *, #1914, .T. ) ;
#2834 = DIRECTION ( 'NONE',  ( -1.000000000000000000, 0.000000000000000000, 0.000000000000000000 ) ) ;
#2835 = CARTESIAN_POINT ( 'NONE',  ( 1561.604350414716009, 406.9000000000000341, 0.5000000000000000000 ) ) ;
#2836 = DIRECTION ( 'NONE',  ( -0.000000000000000000, -0.000000000000000000, -1.000000000000000000 ) ) ;
#2837 = EDGE_CURVE ( 'NONE', #2735, #646, #2961, .T. ) ;
#2838 = ORIENTED_EDGE ( 'NONE', *, *, #2253, .F. ) ;
#2839 = DIRECTION ( 'NONE',  ( 1.000000000000000000, 0.000000000000000000, 0.000000000000000000 ) ) ;
#2840 = DIRECTION ( 'NONE',  ( -0.000000000000000000, -0.000000000000000000, -1.000000000000000000 ) ) ;
#2841 = EDGE_CURVE ( 'NONE', #1085, #33, #2034, .T. ) ;
#2842 = ORIENTED_EDGE ( 'NONE', *, *, #1381, .F. ) ;
#2843 = CARTESIAN_POINT ( 'NONE',  ( 1494.610493975207874, 388.0000000000000000, 0.5000000000000000000 ) ) ;
#2844 = CIRCLE ( 'NONE', #1055, 0.4999999999999449329 ) ;
#2845 = CARTESIAN_POINT ( 'NONE',  ( 1500.083187709700042, 406.4000000000000909, 0.5000000000000000000 ) ) ;
#2846 = EDGE_CURVE ( 'NONE', #1383, #1526, #2804, .T. ) ;
#2847 = ORIENTED_EDGE ( 'NONE', *, *, #1799, .F. ) ;
#2848 = VECTOR ( 'NONE', #989, 1000.000000000000000 ) ;
#2849 = CARTESIAN_POINT ( 'NONE',  ( 1556.019195542692160, 385.4999999999999432, 0.5000000000000000000 ) ) ;
#2850 = ORIENTED_EDGE ( 'NONE', *, *, #1159, .T. ) ;
#2851 = DIRECTION ( 'NONE',  ( -0.9396926207860666347, 0.3420201433252341161, 0.000000000000000000 ) ) ;
#2852 = EDGE_CURVE ( 'NONE', #980, #2140, #1271, .T. ) ;
#2853 = LINE ( 'NONE', #2325, #417 ) ;
#2854 = ADVANCED_FACE ( 'NONE', ( #299 ), #281, .T. ) ;
#2855 = CIRCLE ( 'NONE', #81, 0.5000000000001669775 ) ;
#2856 = CARTESIAN_POINT ( 'NONE',  ( 1500.083187709684807, 406.9000000000000909, 0.5000000000000000000 ) ) ;
#2857 = EDGE_CURVE ( 'NONE', #1085, #1652, #754, .T. ) ;
#2858 = AXIS2_PLACEMENT_3D ( 'NONE', #1939, #781, #330 ) ;
#2859 = AXIS2_PLACEMENT_3D ( 'NONE', #1728, #1004, #1246 ) ;
#2860 = ORIENTED_EDGE ( 'NONE', *, *, #655, .F. ) ;
#2861 = DIRECTION ( 'NONE',  ( 1.000000000000000000, 0.000000000000000000, 0.000000000000000000 ) ) ;
#2862 = ADVANCED_FACE ( 'NONE', ( #2991 ), #1493, .F. ) ;
#2863 = DIRECTION ( 'NONE',  ( 0.000000000000000000, 0.000000000000000000, 1.000000000000000000 ) ) ;
#2864 = VECTOR ( 'NONE', #1121, 1000.000000000000000 ) ;
#2865 = DIRECTION ( 'NONE',  ( -0.4999999999914240822, -0.8660254037893898582, 0.000000000000000000 ) ) ;
#2866 = ORIENTED_EDGE ( 'NONE', *, *, #2331, .T. ) ;
#2867 = AXIS2_PLACEMENT_3D ( 'NONE', #1056, #2476, #1024 ) ;
#2868 = DIRECTION ( 'NONE',  ( -0.000000000000000000, -0.000000000000000000, -1.000000000000000000 ) ) ;
#2869 = ORIENTED_EDGE ( 'NONE', *, *, #230, .F. ) ;
#2870 = DIRECTION ( 'NONE',  ( 0.000000000000000000, -0.000000000000000000, 1.000000000000000000 ) ) ;
#2871 = DIRECTION ( 'NONE',  ( 0.000000000000000000, 0.000000000000000000, 1.000000000000000000 ) ) ;
#2872 = AXIS2_PLACEMENT_3D ( 'NONE', #2835, #2311, #2374 ) ;
#2873 = DIRECTION ( 'NONE',  ( 0.000000000000000000, 0.000000000000000000, 1.000000000000000000 ) ) ;
#2874 = ORIENTED_EDGE ( 'NONE', *, *, #2615, .F. ) ;
#2875 = EDGE_CURVE ( 'NONE', #729, #857, #979, .T. ) ;
#2876 = ORIENTED_EDGE ( 'NONE', *, *, #818, .F. ) ;
#2877 = DIRECTION ( 'NONE',  ( 1.000000000000000000, 0.000000000000000000, 0.000000000000000000 ) ) ;
#2878 = DIRECTION ( 'NONE',  ( 0.000000000000000000, 0.000000000000000000, 1.000000000000000000 ) ) ;
#2879 = CARTESIAN_POINT ( 'NONE',  ( 1509.421119331384489, 389.0000000000000000, 0.5000000000000000000 ) ) ;
#2880 = ORIENTED_EDGE ( 'NONE', *, *, #2487, .T. ) ;
#2881 = DIRECTION ( 'NONE',  ( -0.000000000000000000, -0.000000000000000000, -1.000000000000000000 ) ) ;
#2882 = ORIENTED_EDGE ( 'NONE', *, *, #39, .T. ) ;
#2883 = DIRECTION ( 'NONE',  ( -1.000000000000000000, 0.000000000000000000, 0.000000000000000000 ) ) ;
#2884 = VECTOR ( 'NONE', #307, 1000.000000000000000 ) ;
#2885 = LINE ( 'NONE', #216, #2970 ) ;
#2886 = DIRECTION ( 'NONE',  ( -0.000000000000000000, -0.000000000000000000, -1.000000000000000000 ) ) ;
#2887 = LINE ( 'NONE', #2655, #27 ) ;
#2888 = EDGE_LOOP ( 'NONE', ( #1897, #2533, #1783, #2955 ) ) ;
#2889 = VERTEX_POINT ( 'NONE', #500 ) ;
#2890 = LINE ( 'NONE', #1668, #2138 ) ;
#2891 = DIRECTION ( 'NONE',  ( 0.000000000000000000, -1.000000000000000000, 0.000000000000000000 ) ) ;
#2892 = ORIENTED_EDGE ( 'NONE', *, *, #1511, .T. ) ;
#2893 = EDGE_CURVE ( 'NONE', #373, #2583, #1476, .T. ) ;
#2894 = DIRECTION ( 'NONE',  ( -0.000000000000000000, -0.000000000000000000, -1.000000000000000000 ) ) ;
#2895 = DIRECTION ( 'NONE',  ( 1.000000000000000000, 0.000000000000000000, 0.000000000000000000 ) ) ;
#2896 = CARTESIAN_POINT ( 'NONE',  ( 1579.076213259000269, 410.0000000000000568, 0.5000000000000000000 ) ) ;
#2897 = EDGE_CURVE ( 'NONE', #1344, #376, #2464, .T. ) ;
#2898 = VECTOR ( 'NONE', #2247, 1000.000000000000114 ) ;
#2899 = LINE ( 'NONE', #2175, #3108 ) ;
#2900 = FACE_OUTER_BOUND ( 'NONE', #240, .T. ) ;
#2901 = CIRCLE ( 'NONE', #1005, 0.4999999999999449329 ) ;
#2902 = DIRECTION ( 'NONE',  ( 0.000000000000000000, 0.000000000000000000, 1.000000000000000000 ) ) ;
#2903 = ORIENTED_EDGE ( 'NONE', *, *, #3008, .F. ) ;
#2904 = CIRCLE ( 'NONE', #1882, 0.4999999999999449329 ) ;
#2905 = ORIENTED_EDGE ( 'NONE', *, *, #254, .F. ) ;
#2906 = CARTESIAN_POINT ( 'NONE',  ( 1492.855690656216211, 387.9999999999999432, 0.5000000000000000000 ) ) ;
#2907 = DIRECTION ( 'NONE',  ( -1.000000000000000000, 0.000000000000000000, 0.000000000000000000 ) ) ;
#2908 = ORIENTED_EDGE ( 'NONE', *, *, #446, .F. ) ;
#2909 = EDGE_CURVE ( 'NONE', #1477, #857, #1969, .T. ) ;
#2910 = DIRECTION ( 'NONE',  ( 1.000000000000000000, 0.000000000000000000, 0.000000000000000000 ) ) ;
#2911 = CARTESIAN_POINT ( 'NONE',  ( 1509.421119331399723, 410.0000000000000568, 0.5000000000000000000 ) ) ;
#2912 = CARTESIAN_POINT ( 'NONE',  ( 1557.773998861799782, 415.0000000000002842, 0.000000000000000000 ) ) ;
#2913 = DIRECTION ( 'NONE',  ( -0.4999999999915549775, 0.8660254037893143630, 0.000000000000000000 ) ) ;
#2914 = CARTESIAN_POINT ( 'NONE',  ( 1492.385844345800251, 387.8289899284000626, 0.000000000000000000 ) ) ;
#2915 = DIRECTION ( 'NONE',  ( 0.000000000000000000, 0.000000000000000000, 1.000000000000000000 ) ) ;
#2916 = VERTEX_POINT ( 'NONE', #271 ) ;
#2917 = ORIENTED_EDGE ( 'NONE', *, *, #1600, .F. ) ;
#2918 = AXIS2_PLACEMENT_3D ( 'NONE', #1965, #1258, #1035 ) ;
#2919 = FACE_OUTER_BOUND ( 'NONE', #740, .T. ) ;
#2920 = CYLINDRICAL_SURFACE ( 'NONE', #566, 0.4999999999999449329 ) ;
#2921 = ADVANCED_FACE ( 'NONE', ( #1249 ), #1311, .T. ) ;
#2922 = ORIENTED_EDGE ( 'NONE', *, *, #1174, .F. ) ;
#2923 = CARTESIAN_POINT ( 'NONE',  ( 1492.855690656199840, 412.5000000000002274, 0.5000000000000000000 ) ) ;
#2924 = DIRECTION ( 'NONE',  ( 0.000000000000000000, -0.000000000000000000, -1.000000000000000000 ) ) ;
#2925 = FACE_OUTER_BOUND ( 'NONE', #578, .T. ) ;
#2926 = PLANE ( 'NONE',  #1674 ) ;
#2927 = VECTOR ( 'NONE', #2258, 1000.000000000000000 ) ;
#2928 = DIRECTION ( 'NONE',  ( 1.000000000000000000, 0.000000000000000000, 0.000000000000000000 ) ) ;
#2929 = ORIENTED_EDGE ( 'NONE', *, *, #962, .T. ) ;
#2930 = ORIENTED_EDGE ( 'NONE', *, *, #2893, .T. ) ;
#2931 = ORIENTED_EDGE ( 'NONE', *, *, #3114, .T. ) ;
#2932 = EDGE_CURVE ( 'NONE', #2811, #194, #965, .T. ) ;
#2933 = CARTESIAN_POINT ( 'NONE',  ( 1487.287862045792508, 403.3999999999999204, 0.000000000000000000 ) ) ;
#2934 = EDGE_LOOP ( 'NONE', ( #1083, #2149, #2673, #883 ) ) ;
#2935 = ORIENTED_EDGE ( 'NONE', *, *, #448, .F. ) ;
#2936 = CARTESIAN_POINT ( 'NONE',  ( 1483.044337567300317, 390.2500000000000000, 0.000000000000000000 ) ) ;
#2937 = AXIS2_PLACEMENT_3D ( 'NONE', #1281, #2990, #88 ) ;
#2938 = CARTESIAN_POINT ( 'NONE',  ( 1552.266418793014964, 389.0000000000000000, 0.5000000000000000000 ) ) ;
#2939 = CARTESIAN_POINT ( 'NONE',  ( 1566.644031447200632, 387.7500000000000000, 0.000000000000000000 ) ) ;
#2940 = LINE ( 'NONE', #1074, #3126 ) ;
#2941 = CARTESIAN_POINT ( 'NONE',  ( 1509.421119331399723, 390.0000000000000000, 0.000000000000000000 ) ) ;
#2942 = EDGE_CURVE ( 'NONE', #826, #401, #2088, .T. ) ;
#2943 = CIRCLE ( 'NONE', #180, 0.5000000000001669775 ) ;
#2944 = ORIENTED_EDGE ( 'NONE', *, *, #1330, .T. ) ;
#2945 = VERTEX_POINT ( 'NONE', #950 ) ;
#2946 = EDGE_CURVE ( 'NONE', #2659, #115, #2196, .T. ) ;
#2947 = ORIENTED_EDGE ( 'NONE', *, *, #1548, .F. ) ;
#2948 = EDGE_CURVE ( 'NONE', #1871, #2889, #37, .T. ) ;
#2949 = VECTOR ( 'NONE', #189, 1000.000000000000000 ) ;
#2950 = DIRECTION ( 'NONE',  ( -0.000000000000000000, -0.000000000000000000, -1.000000000000000000 ) ) ;
#2951 = ORIENTED_EDGE ( 'NONE', *, *, #818, .T. ) ;
#2952 = CIRCLE ( 'NONE', #2693, 0.4999999999999449329 ) ;
#2953 = EDGE_CURVE ( 'NONE', #2686, #151, #53, .T. ) ;
#2954 = VECTOR ( 'NONE', #472, 1000.000000000000000 ) ;
#2955 = ORIENTED_EDGE ( 'NONE', *, *, #371, .T. ) ;
#2956 = VECTOR ( 'NONE', #2154, 1000.000000000000000 ) ;
#2957 = CARTESIAN_POINT ( 'NONE',  ( 1483.044337567300317, 390.2500000000000000, 0.000000000000000000 ) ) ;
#2958 = CARTESIAN_POINT ( 'NONE',  ( 1557.773998861799782, 385.0000000000000000, 0.000000000000000000 ) ) ;
#2959 = CARTESIAN_POINT ( 'NONE',  ( 1568.831847468183923, 388.0000000000000000, 0.5000000000000000000 ) ) ;
#2960 = DIRECTION ( 'NONE',  ( 0.000000000000000000, 0.000000000000000000, 1.000000000000000000 ) ) ;
#2961 = LINE ( 'NONE', #1025, #555 ) ;
#2962 = EDGE_CURVE ( 'NONE', #2500, #1526, #574, .T. ) ;
#2963 = DIRECTION ( 'NONE',  ( -0.000000000000000000, -0.000000000000000000, -1.000000000000000000 ) ) ;
#2964 = ORIENTED_EDGE ( 'NONE', *, *, #716, .T. ) ;
#2965 = EDGE_LOOP ( 'NONE', ( #1596, #2627, #2349, #2969 ) ) ;
#2966 = LINE ( 'NONE', #262, #913 ) ;
#2967 = ADVANCED_FACE ( 'NONE', ( #1219 ), #2267, .T. ) ;
#2968 = AXIS2_PLACEMENT_3D ( 'NONE', #479, #198, #2189 ) ;
#2969 = ORIENTED_EDGE ( 'NONE', *, *, #1223, .T. ) ;
#2970 = VECTOR ( 'NONE', #722, 1000.000000000000000 ) ;
#2971 = ORIENTED_EDGE ( 'NONE', *, *, #108, .F. ) ;
#2972 = CARTESIAN_POINT ( 'NONE',  ( 1503.913539262600580, 415.0000000000002842, 0.000000000000000000 ) ) ;
#2973 = LINE ( 'NONE', #735, #3052 ) ;
#2974 = DIRECTION ( 'NONE',  ( 0.000000000000000000, 1.000000000000000000, 0.000000000000000000 ) ) ;
#2975 = CARTESIAN_POINT ( 'NONE',  ( 1498.709680886491924, 393.1000000000001364, 0.000000000000000000 ) ) ;
#2976 = DIRECTION ( 'NONE',  ( 0.000000000000000000, 0.000000000000000000, 1.000000000000000000 ) ) ;
#2977 = SURFACE_STYLE_FILL_AREA ( #2720 ) ;
#2978 = EDGE_CURVE ( 'NONE', #2502, #1050, #1995, .T. ) ;
#2979 = ORIENTED_EDGE ( 'NONE', *, *, #1265, .F. ) ;
#2980 = VERTEX_POINT ( 'NONE', #3006 ) ;
#2981 = ORIENTED_EDGE ( 'NONE', *, *, #697, .T. ) ;
#2982 = ADVANCED_FACE ( 'NONE', ( #1037 ), #2506, .T. ) ;
#2983 = CARTESIAN_POINT ( 'NONE',  ( 1557.773998861799782, 385.0000000000000000, 0.5000000000000000000 ) ) ;
#2984 = ORIENTED_EDGE ( 'NONE', *, *, #1388, .F. ) ;
#2985 = ORIENTED_EDGE ( 'NONE', *, *, #2992, .F. ) ;
#2986 = DIRECTION ( 'NONE',  ( -1.000000000000000000, 0.000000000000000000, 0.000000000000000000 ) ) ;
#2987 = ADVANCED_FACE ( 'NONE', ( #1788 ), #542, .F. ) ;
#2988 = CARTESIAN_POINT ( 'NONE',  ( 1530.843769062200181, 374.9999999999798206, 0.5000000000000000000 ) ) ;
#2989 = DIRECTION ( 'NONE',  ( 1.000000000000000000, 0.000000000000000000, 0.000000000000000000 ) ) ;
#2990 = DIRECTION ( 'NONE',  ( -0.000000000000000000, -0.000000000000000000, -1.000000000000000000 ) ) ;
#2991 = FACE_OUTER_BOUND ( 'NONE', #2018, .T. ) ;
#2992 = EDGE_CURVE ( 'NONE', #383, #2298, #2137, .T. ) ;
#2993 = DIRECTION ( 'NONE',  ( -0.000000000000000000, -0.000000000000000000, -1.000000000000000000 ) ) ;
#2994 = ORIENTED_EDGE ( 'NONE', *, *, #2563, .F. ) ;
#2995 = ORIENTED_EDGE ( 'NONE', *, *, #121, .F. ) ;
#2996 = DIRECTION ( 'NONE',  ( 1.000000000000000000, 0.000000000000000000, 0.000000000000000000 ) ) ;
#2997 = VECTOR ( 'NONE', #3113, 1000.000000000000000 ) ;
#2998 = ORIENTED_EDGE ( 'NONE', *, *, #739, .F. ) ;
#2999 = CIRCLE ( 'NONE', #1894, 0.5000000000001669775 ) ;
#3000 = ORIENTED_EDGE ( 'NONE', *, *, #2744, .T. ) ;
#3001 = AXIS2_PLACEMENT_3D ( 'NONE', #1403, #2871, #1107 ) ;
#3002 = ORIENTED_EDGE ( 'NONE', *, *, #2108, .F. ) ;
#3003 = DIRECTION ( 'NONE',  ( 1.000000000000000000, 0.000000000000000000, 0.000000000000000000 ) ) ;
#3004 = LINE ( 'NONE', #1295, #1824 ) ;
#3005 = VECTOR ( 'NONE', #2731, 1000.000000000000000 ) ;
#3006 = CARTESIAN_POINT ( 'NONE',  ( 1487.287862045800011, 397.1000000000001933, 0.5000000000000000000 ) ) ;
#3007 = CIRCLE ( 'NONE', #192, 0.4999999999999449329 ) ;
#3008 = EDGE_CURVE ( 'NONE', #2292, #123, #3118, .T. ) ;
#3009 = CIRCLE ( 'NONE', #1220, 1.000000000000111910 ) ;
#3010 = DIRECTION ( 'NONE',  ( 1.000000000000000000, 0.000000000000000000, 0.000000000000000000 ) ) ;
#3011 = CARTESIAN_POINT ( 'NONE',  ( 1568.831847468199385, 387.5000000000000000, 0.5000000000000000000 ) ) ;
#3012 = DIRECTION ( 'NONE',  ( -0.000000000000000000, -0.000000000000000000, -1.000000000000000000 ) ) ;
#3013 = ORIENTED_EDGE ( 'NONE', *, *, #2130, .F. ) ;
#3014 = ORIENTED_EDGE ( 'NONE', *, *, #2003, .F. ) ;
#3015 = CARTESIAN_POINT ( 'NONE',  ( 1558.243845172200281, 385.3289899284000057, 0.5000000000000000000 ) ) ;
#3016 = ORIENTED_EDGE ( 'NONE', *, *, #1771, .T. ) ;
#3017 = LINE ( 'NONE', #528, #1217 ) ;
#3018 = ORIENTED_EDGE ( 'NONE', *, *, #1771, .F. ) ;
#3019 = AXIS2_PLACEMENT_3D ( 'NONE', #1869, #1326, #83 ) ;
#3021 = ORIENTED_EDGE ( 'NONE', *, *, #2739, .F. ) ;
#3020 = CIRCLE ( 'NONE', #310, 0.4999999999999449329 ) ;
#3022 = ADVANCED_FACE ( 'NONE', ( #1698 ), #710, .T. ) ;
#3023 = CARTESIAN_POINT ( 'NONE',  ( 1505.668342581600200, 385.0000000000000000, 0.5000000000000000000 ) ) ;
#3024 = CARTESIAN_POINT ( 'NONE',  ( 1503.443692952200081, 414.6710100717002661, 0.5000000000000000000 ) ) ;
#3025 = VECTOR ( 'NONE', #251, 1000.000000000000114 ) ;
#3026 = CARTESIAN_POINT ( 'NONE',  ( 1492.385844345800251, 412.1710100717002661, 0.5000000000000000000 ) ) ;
#3027 = CARTESIAN_POINT ( 'NONE',  ( 1500.553034020100540, 406.7289899284000967, 0.000000000000000000 ) ) ;
#3028 = DIRECTION ( 'NONE',  ( 1.000000000000000000, 0.000000000000000000, 0.000000000000000000 ) ) ;
#3029 = CARTESIAN_POINT ( 'NONE',  ( 1581.687538124400135, 390.0000000000000000, 0.5000000000000000000 ) ) ;
#3030 = EDGE_LOOP ( 'NONE', ( #1086, #2935, #1061, #13 ) ) ;
#3031 = ORIENTED_EDGE ( 'NONE', *, *, #1305, .F. ) ;
#3032 = LINE ( 'NONE', #391, #1113 ) ;
#3033 = CARTESIAN_POINT ( 'NONE',  ( 1488.661368868999944, 402.8999999999997499, 0.5000000000000000000 ) ) ;
#3034 = EDGE_CURVE ( 'NONE', #2187, #261, #2657, .T. ) ;
#3035 = EDGE_LOOP ( 'NONE', ( #147, #1574, #761, #763 ) ) ;
#3036 = VECTOR ( 'NONE', #789, 1000.000000000000000 ) ;
#3037 = CARTESIAN_POINT ( 'NONE',  ( 1530.843769062200181, 374.9999999999798206, 0.5000000000000000000 ) ) ;
#3038 = ORIENTED_EDGE ( 'NONE', *, *, #286, .F. ) ;
#3039 = ORIENTED_EDGE ( 'NONE', *, *, #2306, .F. ) ;
#3040 = CYLINDRICAL_SURFACE ( 'NONE', #2501, 0.4999999999999449329 ) ;
#3041 = CARTESIAN_POINT ( 'NONE',  ( 1556.019195542700118, 415.0000000000002842, 0.5000000000000000000 ) ) ;
#3042 = CARTESIAN_POINT ( 'NONE',  ( 1503.913539262600580, 415.0000000000002842, 0.5000000000000000000 ) ) ;
#3043 = ORIENTED_EDGE ( 'NONE', *, *, #3114, .F. ) ;
#3044 = CARTESIAN_POINT ( 'NONE',  ( 1566.644031447200632, 387.7500000000000000, 0.5000000000000000000 ) ) ;
#3045 = CARTESIAN_POINT ( 'NONE',  ( 1579.076213259000269, 390.0000000000000568, 0.000000000000000000 ) ) ;
#3046 = ORIENTED_EDGE ( 'NONE', *, *, #863, .F. ) ;
#3047 = DIRECTION ( 'NONE',  ( -0.000000000000000000, -0.000000000000000000, -1.000000000000000000 ) ) ;
#3048 = CARTESIAN_POINT ( 'NONE',  ( 1503.913539262579661, 414.5000000000002842, 0.5000000000000000000 ) ) ;
#3049 = EDGE_CURVE ( 'NONE', #1268, #42, #1981, .T. ) ;
#3050 = VERTEX_POINT ( 'NONE', #2432 ) ;
#3051 = DIRECTION ( 'NONE',  ( -0.000000000000000000, -0.000000000000000000, -1.000000000000000000 ) ) ;
#3052 = VECTOR ( 'NONE', #2680, 1000.000000000000000 ) ;
#3053 = ORIENTED_EDGE ( 'NONE', *, *, #2893, .F. ) ;
#3054 = VERTEX_POINT ( 'NONE', #2491 ) ;
#3055 = DIRECTION ( 'NONE',  ( -0.5000000000066946448, 0.8660254037805735772, 0.000000000000000000 ) ) ;
#3056 = EDGE_CURVE ( 'NONE', #309, #1657, #1010, .T. ) ;
#3057 = AXIS2_PLACEMENT_3D ( 'NONE', #1126, #1387, #2360 ) ;
#3058 = PLANE ( 'NONE',  #2443 ) ;
#3059 = VECTOR ( 'NONE', #785, 1000.000000000000114 ) ;
#3060 = DIRECTION ( 'NONE',  ( -1.000000000000000000, 0.000000000000000000, 0.000000000000000000 ) ) ;
#3061 = ORIENTED_EDGE ( 'NONE', *, *, #1688, .T. ) ;
#3062 = VECTOR ( 'NONE', #315, 1000.000000000000227 ) ;
#3063 = DIRECTION ( 'NONE',  ( -1.000000000000000000, 0.000000000000000000, 0.000000000000000000 ) ) ;
#3064 = VECTOR ( 'NONE', #1474, 1000.000000000000000 ) ;
#3065 = DIRECTION ( 'NONE',  ( 0.000000000000000000, -1.000000000000000000, 0.000000000000000000 ) ) ;
#3066 = VECTOR ( 'NONE', #1448, 1000.000000000000000 ) ;
#3067 = VECTOR ( 'NONE', #2597, 1000.000000000000000 ) ;
#3068 = VERTEX_POINT ( 'NONE', #894 ) ;
#3069 = EDGE_CURVE ( 'NONE', #1777, #535, #2781, .T. ) ;
#3070 = CARTESIAN_POINT ( 'NONE',  ( 1572.556322945000147, 403.2289899283998693, 0.5000000000000000000 ) ) ;
#3071 = DIRECTION ( 'NONE',  ( -0.000000000000000000, -0.000000000000000000, -1.000000000000000000 ) ) ;
#3072 = EDGE_LOOP ( 'NONE', ( #3109, #2074, #2004, #982 ) ) ;
#3073 = EDGE_CURVE ( 'NONE', #1210, #1765, #832, .T. ) ;
#3074 = PLANE ( 'NONE',  #2859 ) ;
#3075 = ORIENTED_EDGE ( 'NONE', *, *, #190, .T. ) ;
#3076 = PLANE ( 'NONE',  #825 ) ;
#3077 = DIRECTION ( 'NONE',  ( 1.000000000000000000, 0.000000000000000000, 0.000000000000000000 ) ) ;
#3078 = ORIENTED_EDGE ( 'NONE', *, *, #1223, .F. ) ;
#3079 = DIRECTION ( 'NONE',  ( 0.000000000000000000, -0.000000000000000000, -1.000000000000000000 ) ) ;
#3080 = ORIENTED_EDGE ( 'NONE', *, *, #3149, .T. ) ;
#3081 = VECTOR ( 'NONE', #2446, 1000.000000000000000 ) ;
#3082 = LINE ( 'NONE', #1585, #986 ) ;
#3083 = VECTOR ( 'NONE', #2803, 1000.000000000000000 ) ;
#3084 = DIRECTION ( 'NONE',  ( -0.5000000000043951509, 0.8660254037819009598, 0.000000000000000000 ) ) ;
#3085 = DIRECTION ( 'NONE',  ( 0.5000000000043915982, 0.8660254037819031803, 0.000000000000000000 ) ) ;
#3086 = EDGE_CURVE ( 'NONE', #435, #2465, #414, .T. ) ;
#3087 = ORIENTED_EDGE ( 'NONE', *, *, #2436, .F. ) ;
#3088 = EDGE_CURVE ( 'NONE', #1275, #194, #352, .T. ) ;
#3089 = CARTESIAN_POINT ( 'NONE',  ( 1553.132444196799270, 389.5000000000000000, 0.5000000000000000000 ) ) ;
#3090 = LINE ( 'NONE', #1374, #2547 ) ;
#3091 = DIRECTION ( 'NONE',  ( 1.000000000000000000, 0.000000000000000000, 0.000000000000000000 ) ) ;
#3092 = ADVANCED_FACE ( 'NONE', ( #1329 ), #3058, .F. ) ;
#3093 = CARTESIAN_POINT ( 'NONE',  ( 1482.611324865408278, 390.5000000000000000, 0.000000000000000000 ) ) ;
#3094 = ADVANCED_FACE ( 'NONE', ( #1870 ), #2572, .F. ) ;
#3095 = VERTEX_POINT ( 'NONE', #1599 ) ;
#3096 = EDGE_CURVE ( 'NONE', #2520, #1578, #2030, .T. ) ;
#3097 = CARTESIAN_POINT ( 'NONE',  ( 1561.604350414716009, 406.9000000000000341, 0.000000000000000000 ) ) ;
#3098 = ORIENTED_EDGE ( 'NONE', *, *, #1990, .T. ) ;
#3099 = CARTESIAN_POINT ( 'NONE',  ( 1503.913539262600580, 384.9999999999998863, 0.5000000000000000000 ) ) ;
#3100 = LINE ( 'NONE', #125, #3083 ) ;
#3101 = CARTESIAN_POINT ( 'NONE',  ( 1488.661368868999944, 397.1000000000001364, 0.5000000000000000000 ) ) ;
#3102 = AXIS2_PLACEMENT_3D ( 'NONE', #2732, #816, #1982 ) ;
#3103 = VERTEX_POINT ( 'NONE', #1135 ) ;
#3104 = CARTESIAN_POINT ( 'NONE',  ( 1561.134504104299822, 406.7289899284002104, 0.5000000000000000000 ) ) ;
#3105 = PLANE ( 'NONE',  #610 ) ;
#3106 = ORIENTED_EDGE ( 'NONE', *, *, #1012, .F. ) ;
#3107 = DIRECTION ( 'NONE',  ( 1.000000000000000000, 0.000000000000000000, 0.000000000000000000 ) ) ;
#3108 = VECTOR ( 'NONE', #708, 1000.000000000000000 ) ;
#3109 = ORIENTED_EDGE ( 'NONE', *, *, #3069, .F. ) ;
#3110 = AXIS2_PLACEMENT_3D ( 'NONE', #1213, #2191, #1471 ) ;
#3111 = PLANE ( 'NONE',  #724 ) ;
#3112 = VERTEX_POINT ( 'NONE', #1630 ) ;
#3113 = DIRECTION ( 'NONE',  ( -0.000000000000000000, -0.000000000000000000, -1.000000000000000000 ) ) ;
#3114 = EDGE_CURVE ( 'NONE', #2721, #376, #592, .T. ) ;
#3115 = CARTESIAN_POINT ( 'NONE',  ( 1581.687538124400135, 390.0000000000000000, 0.000000000000000000 ) ) ;
#3116 = VECTOR ( 'NONE', #3012, 1000.000000000000000 ) ;
#3117 = FACE_OUTER_BOUND ( 'NONE', #1932, .T. ) ;
#3118 = CIRCLE ( 'NONE', #191, 0.4999999999999449329 ) ;
#3119 = VECTOR ( 'NONE', #2950, 1000.000000000000000 ) ;
#3120 = ORIENTED_EDGE ( 'NONE', *, *, #1875, .T. ) ;
#3121 = ORIENTED_EDGE ( 'NONE', *, *, #2193, .T. ) ;
#3122 = DIRECTION ( 'NONE',  ( 0.000000000000000000, 0.000000000000000000, 1.000000000000000000 ) ) ;
#3123 = CARTESIAN_POINT ( 'NONE',  ( 1569.301693778599883, 387.8289899284001194, 0.000000000000000000 ) ) ;
#3124 = CARTESIAN_POINT ( 'NONE',  ( 1573.026169255299919, 402.8999999999998636, 0.5000000000000000000 ) ) ;
#3125 = ORIENTED_EDGE ( 'NONE', *, *, #2852, .F. ) ;
#3126 = VECTOR ( 'NONE', #1773, 1000.000000000000000 ) ;
#3127 = DIRECTION ( 'NONE',  ( -0.000000000000000000, -0.000000000000000000, -1.000000000000000000 ) ) ;
#3128 = ORIENTED_EDGE ( 'NONE', *, *, #121, .T. ) ;
#3129 = DIRECTION ( 'NONE',  ( 1.000000000000000000, 0.000000000000000000, 0.000000000000000000 ) ) ;
#3130 = DIRECTION ( 'NONE',  ( -0.000000000000000000, -0.000000000000000000, -1.000000000000000000 ) ) ;
#3131 = AXIS2_PLACEMENT_3D ( 'NONE', #1692, #1645, #2910 ) ;
#3132 = LINE ( 'NONE', #694, #1713 ) ;
#3133 = AXIS2_PLACEMENT_3D ( 'NONE', #675, #1367, #2562 ) ;
#3134 = CARTESIAN_POINT ( 'NONE',  ( 1498.709680886491924, 393.1000000000001364, 0.5000000000000000000 ) ) ;
#3135 = ORIENTED_EDGE ( 'NONE', *, *, #39, .F. ) ;
#3136 = ORIENTED_EDGE ( 'NONE', *, *, #925, .T. ) ;
#3137 = LINE ( 'NONE', #1867, #242 ) ;
#3138 = EDGE_CURVE ( 'NONE', #801, #3103, #2346, .T. ) ;
#3139 = CARTESIAN_POINT ( 'NONE',  ( 1517.615012506900030, 390.0000000000000000, 0.000000000000000000 ) ) ;
#3140 = ORIENTED_EDGE ( 'NONE', *, *, #1233, .T. ) ;
#3141 = LINE ( 'NONE', #2141, #1182 ) ;
#3142 = CARTESIAN_POINT ( 'NONE',  ( 1568.831847468199385, 387.5000000000000000, 0.5000000000000000000 ) ) ;
#3143 = AXIS2_PLACEMENT_3D ( 'NONE', #1764, #1081, #2566 ) ;
#3144 = CARTESIAN_POINT ( 'NONE',  ( 1483.044337567300317, 390.2500000000000000, 0.5000000000000000000 ) ) ;
#3145 = CARTESIAN_POINT ( 'NONE',  ( 1544.072525617500332, 389.9999999999999432, 0.5000000000000000000 ) ) ;
#3146 = CYLINDRICAL_SURFACE ( 'NONE', #752, 0.4999999999999449329 ) ;
#3147 = ORIENTED_EDGE ( 'NONE', *, *, #1447, .F. ) ;
#3148 = ORIENTED_EDGE ( 'NONE', *, *, #466, .T. ) ;
#3149 = EDGE_CURVE ( 'NONE', #463, #1221, #2797, .T. ) ;
#3150 = CARTESIAN_POINT ( 'NONE',  ( 1498.709680886491924, 406.9000000000002046, 0.5000000000000000000 ) ) ;
#3151 = ADVANCED_FACE ( 'NONE', ( #625 ), #847, .F. ) ;
#3152 = DIRECTION ( 'NONE',  ( -0.000000000000000000, -0.000000000000000000, -1.000000000000000000 ) ) ;
#3153 = VERTEX_POINT ( 'NONE', #865 ) ;
#3154 = CARTESIAN_POINT ( 'NONE',  ( 1482.611324865400093, 410.0000000000000000, 0.5000000000000000000 ) ) ;
#3155 = CARTESIAN_POINT ( 'NONE',  ( 1495.043506677099913, 387.7500000000000000, 0.5000000000000000000 ) ) ;
#3156 = PLANE ( 'NONE',  #3180 ) ;
#3157 = VECTOR ( 'NONE', #1907, 1000.000000000000000 ) ;
#3158 = CARTESIAN_POINT ( 'NONE',  ( 1581.687538124400135, 390.5000000000000000, 0.5000000000000000000 ) ) ;
#3159 = DIRECTION ( 'NONE',  ( -1.000000000000000000, 0.000000000000000000, 0.000000000000000000 ) ) ;
#3160 = DIRECTION ( 'NONE',  ( -1.000000000000000000, 0.000000000000000000, 0.000000000000000000 ) ) ;
#3161 = ORIENTED_EDGE ( 'NONE', *, *, #697, .F. ) ;
#3162 = AXIS2_PLACEMENT_3D ( 'NONE', #2600, #1656, #1208 ) ;
#3163 = ADVANCED_FACE ( 'NONE', ( #86 ), #609, .T. ) ;
#3164 = ORIENTED_EDGE ( 'NONE', *, *, #2577, .T. ) ;
#3165 = VECTOR ( 'NONE', #149, 1000.000000000000000 ) ;
#3166 = DIRECTION ( 'NONE',  ( 0.3420201433252256229, -0.9396926207860697433, 0.000000000000000000 ) ) ;
#3167 = CIRCLE ( 'NONE', #1522, 0.4999999999999449329 ) ;
#3168 = CARTESIAN_POINT ( 'NONE',  ( 1500.083187709700042, 393.6000000000001933, 0.5000000000000000000 ) ) ;
#3169 = ADVANCED_FACE ( 'NONE', ( #2353 ), #137, .F. ) ;
#3170 = ORIENTED_EDGE ( 'NONE', *, *, #2846, .T. ) ;
#3171 = PLANE ( 'NONE',  #2818 ) ;
#3172 = DIRECTION ( 'NONE',  ( -0.000000000000000000, -0.000000000000000000, -1.000000000000000000 ) ) ;
#3173 = LINE ( 'NONE', #693, #671 ) ;
#3174 = EDGE_CURVE ( 'NONE', #1238, #1450, #608, .T. ) ;
#3175 = CYLINDRICAL_SURFACE ( 'NONE', #2277, 0.4999999999999449329 ) ;
#3176 = CARTESIAN_POINT ( 'NONE',  ( 1487.287862045792508, 396.6000000000001364, 0.5000000000000000000 ) ) ;
#3177 = AXIS2_PLACEMENT_3D ( 'NONE', #2843, #396, #651 ) ;
#3178 = EDGE_LOOP ( 'NONE', ( #1717, #787, #3120, #226 ) ) ;
#3179 = ORIENTED_EDGE ( 'NONE', *, *, #1394, .T. ) ;
#3180 = AXIS2_PLACEMENT_3D ( 'NONE', #3144, #947, #1919 ) ;
#3181 = EDGE_LOOP ( 'NONE', ( #1162, #1360, #2097, #1880 ) ) ;
#3182 = FACE_OUTER_BOUND ( 'NONE', #2579, .T. ) ;
#3183 = ORIENTED_EDGE ( 'NONE', *, *, #2671, .F. ) ;
ENDSEC;
END-ISO-10303-21;
